run,k,success,met,shortfall,n
Legacy,1,0.0,4.0,3.3250417490054014,20
Legacy,2,0.0,4.2,3.216921705031239,20
Legacy,3,0.0,4.3,3.189685749930099,20
Legacy,4,0.0,4.3,3.181357777227431,20
Legacy,5,0.0,4.3,3.1624462633411206,20
R4 (seeds 1-2),1,0.0,3.0,4.016746001236874,40
R4 (seeds 1-2),2,0.0,3.775,3.3342413567364497,40
R4 (seeds 1-2),3,0.0,4.425,2.715519843714704,40
R4 (seeds 1-2),4,0.0,4.775,2.3556161657580867,40
R4 (seeds 1-2),5,0.0,4.95,2.344221728329221,40
Symbolic (default),1,0.0,3.35,3.428675140238198,20
Symbolic (default),2,0.0,3.85,3.0277188313219114,20
Symbolic (default),3,0.0,4.55,2.4663695110854946,20
Symbolic (default),4,0.0,4.8,2.1159320173944365,20
Symbolic (default),5,0.0,5.1,1.8574092978201002,20
