run,k,success,met,shortfall,n,cost
Pure resampling (R5),1,0.0,3.275,3.7874080116335436,40,3063.425
Pure resampling (R5),2,0.0,3.75,3.325962984452933,40,5932.85
Pure resampling (R5),3,0.0,4.2,2.9305941012785905,40,9139.825
Pure resampling (R5),4,0.0,4.55,2.4913943440741937,40,12110.25
Pure resampling (R5),5,0.0,4.725,2.441533138851498,40,15081.45
Restart after 2 stalls (B2),1,0.0,2.975,3.962544775320148,40,3413.475
Restart after 2 stalls (B2),2,0.0,3.675,3.210901892304785,40,8550.2
Restart after 2 stalls (B2),3,0.0,3.85,2.982484256245436,40,14189.45
Restart after 2 stalls (B2),4,0.0,4.25,2.4731608918055104,40,18872.025
Restart after 2 stalls (B2),5,0.0,4.45,2.4326438311869323,40,23969.175
"Restart on slow progress, the default (R4)",1,0.0,3.0,4.016746001236874,40,3144.125
"Restart on slow progress, the default (R4)",2,0.0,3.775,3.3342413567364497,40,8130.55
"Restart on slow progress, the default (R4)",3,0.0,4.425,2.715519843714704,40,12121.65
"Restart on slow progress, the default (R4)",4,0.0,4.775,2.3556161657580867,40,15629.575
"Restart on slow progress, the default (R4)",5,0.0,4.95,2.344221728329221,40,19218.9
