sample_id,approach,size,complete,attempts,time_s,output_tokens,p_goal1,p_goal2,p_goal3,p_seq_1_before_2,p_seq_2_before_3,p_complete_sequence,p_avoid_moving_seg1,p_avoid_moving_seg2,p_avoid_moving_seg3,met,shortfall,input_tokens,prism_s,met_best,uncovered_pct,solved,solvable,condition,seed,p_best_goal1,p_best_goal2,p_best_goal3,p_best_seq_1_before_2,p_best_seq_2_before_3,p_best_complete_sequence,p_best_avoid_moving_seg1,p_best_avoid_moving_seg2,p_best_avoid_moving_seg3
0,legacy,4.0,True,5,1187.9148015975952,33177,1.0,1.0,1.0,0.9862174578853942,0.0,0.0,1.0,0.18756005764588257,0.98764637098897,6,2.1124399423541176,134084,6.879724502563477,6,0.0,False,True,B1,seed_1,,,,,,,,,
1,legacy,4.0,True,5,806.651745557785,23258,1.0,1.0,1.0,0.9863919098411629,0.11928041684864374,0.11569516289727205,0.9337200898647874,0.40960633829715,0.2121412964146877,5,2.1432767855422465,87944,6.7913432121276855,5,0.0,False,True,B1,seed_1,,,,,,,,,
2,legacy,4.0,True,5,386.9733591079712,11129,1.0,1.0,1.0,0.07280753028772168,0.06643274650415143,0.01232382597900059,0.9149375852035398,0.8017001636357052,0.9199405723105699,6,2.2484358972291263,43348,6.802386999130249,6,0.0,False,True,B1,seed_1,,,,,,,,,
3,legacy,4.0,True,5,905.6986937522888,21689,1.0,1.0,1.0,0.04579298644511674,0.35043909884394076,0.031944441680820064,0.9611665729030079,0.9734316271434329,0.9987812333902998,6,1.9718234730301225,87544,6.75713038444519,6,0.0,False,True,B1,seed_1,,,,,,,,,
4,legacy,5.0,True,5,469.9451973438263,15923,1.0,1.0,1.0,0.30208725761535515,0.9958249417907712,0.29838622076923604,0.9768074339340688,0.4335615552384756,0.001154571454988762,5,1.9648103949219444,45912,6.833133220672607,5,0.0,False,True,B1,seed_1,,,,,,,,,
5,legacy,5.0,True,5,438.4888105392456,16220,1.0,1.0,1.0,0.6780173136803653,0.9686164104029581,0.6633540986312237,0.8685570586959231,0.9846082879687699,0.953965941502558,7,0.258628587688411,45878,6.727792739868164,7,0.0,False,True,B1,seed_1,,,,,,,,,
6,legacy,5.0,True,5,551.23584151268,15977,1.0,1.0,1.0,0.9388861122187093,0.4051780809331529,0.4031236381668225,0.47923772026986033,0.9808910214105104,1.0,6,1.0124605606301644,46042,6.731328010559082,6,0.0,False,True,B1,seed_1,,,,,,,,,
7,legacy,5.0,True,5,1225.8867535591125,32553,1.0,1.0,1.0,0.022317842270350434,0.8973631289590751,0.01935763887128936,0.1640478171952402,0.20724709550340747,0.6197227459031726,4,2.6673068602565397,93920,6.692751884460449,4,0.0,False,True,B1,seed_1,,,,,,,,,
8,legacy,6.0,True,5,2203.453376054764,70502,1.0,1.0,1.0,0.11790318589977922,0.1069467758898837,0.08274535182363435,0.07894520962428597,0.33664327954134365,0.9898885858456445,4,3.0768161972210732,154830,6.742317199707031,4,0.0,False,True,B1,seed_1,,,,,,,,,
9,legacy,6.0,True,5,1532.2161498069763,45251,0.005499536241661503,1.0,1.0,0.005499536241661503,0.00547083370627485,0.00547083370627485,0.005499588516279186,0.9999412104707446,0.9999769527270619,4,3.8725596715878483,100580,6.718079090118408,4,0.0,False,True,B1,seed_1,,,,,,,,,
10,legacy,6.0,True,5,2510.8908467292786,69338,1.0,1.0,1.0,0.35358776928936714,0.08564297619023903,0.033502178623625666,0.8762707982433855,0.9869418998287359,1.0,6,1.9272670758967683,151512,6.777478218078613,6,0.0,False,True,B1,seed_1,,,,,,,,,
11,legacy,6.0,True,5,750.5124773979187,22563,1.0,0.28256223671914454,0.06201465767663537,0.7174377418781421,0.0,0.0,0.9916465024094717,1.0,1.0,4,2.937985363726078,49360,6.679197072982788,4,0.0,False,True,B1,seed_1,,,,,,,,,
12,legacy,7.0,True,5,2763.98019695282,95203,0.026169743769912227,1.0,1.0,0.026169743769912227,0.02489994427576361,0.02489994427576361,0.02617021737318781,0.9964246192541415,0.9999999988076058,4,3.771690406535461,167594,6.746782302856445,4,0.0,False,True,B1,seed_1,,,,,,,,,
13,legacy,7.0,True,5,1002.7193322181702,32019,0.016435086686135518,0.2846213808812307,0.0071495954742055055,0.010223177883706153,0.010760955894527429,0.006826167841382712,0.9898780725429599,0.9848706649479912,0.9996248662134162,3,4.4639836353388125,54538,6.770693302154541,3,0.0,False,True,B1,seed_1,,,,,,,,,
14,legacy,7.0,True,5,2210.6482820510864,64334,1.0,0.5294912466535951,1.0,0.47011434285238396,0.0,0.0,0.704248907497707,1.0,1.0,5,2.200394410494021,111572,6.9285728931427,5,0.0,False,True,B1,seed_1,,,,,,,,,
15,legacy,7.0,True,5,1081.1057031154633,32733,0.09771291228845042,0.09771291228845042,0.0,0.04137137681308113,0.09771291343486144,0.041371351590098554,1.0,1.0,1.0,3,4.424118533585059,55288,6.765780687332153,3,0.0,False,True,B1,seed_1,,,,,,,,,
16,legacy,8.0,True,5,1138.2646374702454,37926,0.0,1.0,0.0,0.0,0.0,0.0,0.7838257679721754,1.0,1.0,4,4.0,60130,6.756040096282959,4,0.0,False,True,B1,seed_1,,,,,,,,,
17,legacy,8.0,True,5,3868.8430202007294,119469,1.0,1.0,1.0,0.05798870769122831,0.9416529702033993,0.05267780955756342,0.2537509009272083,0.9868782036660951,0.8704700482799392,6,1.935582581824,180492,6.836183071136475,6,0.0,False,False,B1,seed_1,,,,,,,,,
18,legacy,8.0,True,5,3862.317789554596,117464,1.0,1.0,1.0,0.9330574427640765,0.7092112321814485,0.6763429489522446,0.6609776903533788,0.03393177200174469,0.04486161119971355,4,1.5746747453114698,178452,6.834290504455566,4,0.0,False,True,B1,seed_1,,,,,,,,,
19,legacy,8.0,True,5,1993.879130601883,122482,1.0,1.0,0.951162338231684,0.9583250528793889,0.003607885603557503,0.0035442871825502728,0.2065293210204694,0.0063184399129403435,0.8437610765842171,5,2.7800000662804827,181576,30.866827487945557,5,0.0,False,True,B1,seed_1,,,,,,,,,
0,symbolic,,True,5,230.55634927749634,8523,0.9689743969292066,1.0,0.9515776208403119,0.9689743969292066,0.021232209647715772,0.021232209647715772,0.9940596138119223,0.908189962657588,1.0,7,1.5575355807045685,13700,6.873575448989868,7,0.0,False,True,R4,seed_1,0.9689743969292066,1.0,0.9515776208403119,0.9689743969292066,0.021231863265990858,0.021231863265990858,0.9940596138119223,0.908189962657588,1.0
1,symbolic,,True,5,198.25229859352112,6043,0.7172600380625729,1.0,0.8287654218277806,0.7172600380625729,0.025905858449036145,0.025905858449036145,0.7172602032659741,0.579646064233605,0.2827399619374271,3,2.2512821808057497,14375,8.978610754013062,3,0.0,False,True,R4,seed_1,0.7172600380625729,1.0,0.8287654218277806,0.7172600380625729,0.025905858449014406,0.025905858449014406,0.7172602032659741,0.579646064233605,0.2827399619374271
2,symbolic,,True,5,186.66457796096802,3497,1.0,1.0,1.0,0.8235294117647047,0.378478578563495,0.3554407939237776,0.7523864596188725,0.525360839292109,0.888400982612273,6,1.0407197882206185,11902,6.67621922492981,6,0.0,False,True,R4,seed_1,1.0,1.0,1.0,0.8235294117647047,0.37847857856349304,0.355440793923776,0.7523864596188725,0.525360839292109,0.888400982612273
3,symbolic,,True,5,185.93035793304443,8256,1.0,1.0,1.0,0.09463860252220986,0.40964697991816323,0.007836894996280153,0.9886981276262468,0.8066100387140238,0.9831988993203478,6,1.8878775225633468,14219,6.756009817123413,6,0.0,False,True,R4,seed_1,1.0,1.0,1.0,0.09463860252220986,0.40964461239184813,0.007836885579628382,0.9886981276262468,0.8066100387140238,0.9831988993203478
4,symbolic,,True,5,153.28465390205383,4115,1.0,1.0,1.0,0.7481293972351095,0.9705968092196315,0.7354675595325539,0.8934938804617354,0.9670399658093715,0.0998886192011168,6,0.7165144240312198,12801,6.676586627960205,6,0.0,False,True,R4,seed_1,1.0,1.0,1.0,0.7481293972351095,0.970577628775689,0.7354553690300546,0.8934938804617354,0.9670399658093715,0.0998886192011168
5,symbolic,,True,5,169.24195265769958,5964,1.0,0.9851153715748374,0.97847992188952,0.6768266474580048,0.9610032138024736,0.6551093699205786,0.904562690702233,0.9790145082735893,0.9650206948511746,7,0.26806398262141673,10597,6.723920106887817,7,0.0,False,True,R4,seed_1,1.0,0.9851153715748374,0.97847992188952,0.6768266474580048,0.961001920946964,0.6551090639301481,0.904562690702233,0.9790145082735893,0.9650206948511746
6,symbolic,,True,5,205.1833312511444,6962,1.0,1.0,1.0,0.9584426400393309,0.0,0.0,0.238550807556827,0.9254553182530839,1.0,6,2.061449192443173,10316,6.72514533996582,6,0.0,False,True,R4,seed_1,1.0,1.0,1.0,0.9584426400393309,0.0,0.0,0.238550807556827,0.9254553182530839,1.0
7,symbolic,,True,5,259.4493622779846,8436,1.0,1.0,0.4021669636545092,0.8596057610236959,0.6193261957554821,0.6070440512908339,0.8904259238342843,0.34497294028421277,0.9546645972592418,5,1.1264898490149622,15884,8.412615537643433,5,0.0,False,True,R4,seed_1,1.0,1.0,0.4021669636545092,0.8596057610236959,0.6191307592127411,0.6068514119078592,0.8904259238342843,0.34497294028421277,0.9546645972592418
8,symbolic,,True,5,254.09919428825378,9893,1.0,1.0,1.0,0.8371162915095701,0.035723026193830054,0.035723026193830054,0.9147939919160232,0.9983670829815823,1.0,7,1.52855394761234,13606,7.430380344390869,7,0.0,False,True,R4,seed_1,1.0,1.0,1.0,0.8371162915095701,0.03572196324150901,0.03572196324150901,0.9147939919160232,0.9983670829815823,1.0
9,symbolic,,True,5,181.3462781906128,3508,0.005499536241661503,1.0,1.0,0.005499536241661503,0.004353502095125417,0.004353502095125417,0.005499588516279186,1.0,1.0,4,3.8747943348101472,11967,6.808440208435059,4,0.0,False,True,R4,seed_1,0.005499536241661503,1.0,1.0,0.005499536241661503,0.0043534903629632235,0.0043534903629632235,0.005499588516279186,1.0,1.0
10,symbolic,,True,5,161.4399390220642,4750,1.0,0.8834659323426641,0.9878814834462114,0.11653150416820843,0.0,0.0,0.9962860024398299,1.0,1.0,6,2.2834684958317917,9991,6.9515111446380615,6,0.0,False,True,R4,seed_1,1.0,0.8834659323426641,0.9878814834462114,0.11653150416820843,0.0,0.0,0.9962860024398299,1.0,1.0
11,symbolic,,True,5,184.57193279266357,7205,0.17152989247243133,0.31577671703841487,0.057426185896620865,0.111825944461794,0.03903888387965426,0.025370951620347304,0.9980106720104841,0.9936910800876938,1.0,3,4.079031424630737,11214,6.804349660873413,3,0.0,False,True,R4,seed_1,0.17152989247243133,0.31577671703841487,0.057426185896620865,0.111825944461794,0.03903782545555369,0.02537033603576675,0.9980106720104841,0.9936910800876938,1.0
12,symbolic,,True,5,193.62900376319885,6506,1.0,0.023866871941629963,0.9885082091140179,0.9987559802240403,0.022556543851343314,0.022556543851343314,1.0,1.0,1.0,6,2.3310200403556838,13211,7.2057788372039795,6,0.0,False,True,R4,seed_1,1.0,0.023866871941629963,0.9885082091140179,0.9987559802240403,0.0225552186114973,0.02255521861149731,1.0,1.0,1.0
13,symbolic,,True,5,210.47300744056702,5651,0.1246397860718099,0.05528834249269843,0.16361167110244473,0.11217246877751175,0.004542141900154006,0.004087739920424438,0.9610279961599459,0.9381646567784017,0.9962877774482033,3,4.335657849734957,11845,6.8347179889678955,3,0.0,False,True,R4,seed_1,0.1246397860718099,0.05528834249269843,0.16361167110244473,0.11217246877751175,0.00454152550772584,0.004087252247310195,0.9610279961599459,0.9381646567784017,0.9962877774482033
14,symbolic,,True,5,211.67925095558167,6852,0.9505985718215146,0.0,0.9572022273659765,0.0,0.0,0.0,0.03460708576078653,1.0,1.0,4,3.8653929142392136,11378,6.974427700042725,6,19.607843137254903,False,True,R4,seed_1,1.0,1.0,1.0,1.0,0.0,0.0,0.3500023609234266,1.0,1.0
15,symbolic,,True,5,334.49683475494385,7745,0.0,1.0,1.0,0.0,0.0,0.0,0.0,1.0,1.0,4,3.9000000000000004,18296,6.731694459915161,4,0.0,False,True,R4,seed_1,0.0,1.0,1.0,0.0,0.0,0.0,0.0,1.0,1.0
16,symbolic,,True,5,181.7310745716095,8972,0.970446540088012,0.9704428325741439,0.37892905362943996,0.4519619411147738,0.5982425885817304,0.07975798960849301,0.9902843098529885,1.0,1.0,5,1.691108427065563,16630,7.109958648681641,5,0.0,False,True,R4,seed_1,0.970446540088012,0.9704428325741439,0.37892905362943996,0.4519619411147738,0.5982425885817265,0.07975798960848947,0.9902843098529885,1.0,1.0
17,symbolic,,True,5,162.45740151405334,7955,0.8831084570258558,0.48706441370065007,0.7502312007867804,0.48744306441869284,0.14632279186522723,0.07894938784040717,0.9997749901144427,1.0,0.9966351300021778,4,2.0499891413882425,13032,7.794217348098755,4,0.0,False,False,R4,seed_1,0.8831084570258558,0.48706441370065007,0.7502312007867804,0.48744306441869284,0.14631679908787779,0.07894358797038543,0.9997749901144427,1.0,0.9966351300021778
18,symbolic,,True,5,306.1656529903412,5189,1.0,0.9996105046587466,0.5867218869720303,0.0003998943878401683,0.27247368907705327,3.5563226552515204e-07,0.04571542346213031,0.9929945098747673,0.9999660160042557,4,2.9946887504686805,16084,88.99671673774719,4,0.0,False,True,R4,seed_1,1.0,0.9996105046587466,0.5867218869720303,0.0003998943878401683,0.004400376811198501,3.309175595070084e-07,0.04571542346213031,0.9929945098747673,0.9999660160042557
19,symbolic,,True,5,181.98800611495972,7805,1.0,1.0,0.08910627448795046,0.2262588531467326,0.9108937255108901,0.15975287436965546,0.999906634434293,1.0,1.0,6,1.9248819979956615,15584,7.295700311660767,6,0.0,False,True,R4,seed_1,1.0,1.0,0.08910627448795046,0.2262588531467326,0.9108937255004705,0.159752874359236,0.999906634434293,1.0,1.0
0,symbolic,,True,5,236.71030521392822,8324,1.0,0.0,0.9341153343346316,1.0,0.0,0.0,0.9300165662307825,0.09254893282549403,1.0,5,3.007451067174506,14679,6.860480070114136,5,0.0,False,True,R4,seed_2,1.0,0.0,0.9341153343346316,1.0,0.0,0.0,0.9300165662307825,0.09254893282549403,1.0
1,symbolic,,True,5,223.57248759269714,6737,0.9323825621510087,1.0,0.9728096673900187,0.9323825621510087,0.04460498141268976,0.044607478632109454,0.9323825818630804,0.7051077585637023,0.14055236098933555,6,2.0702351789658655,10479,6.782787799835205,6,0.0,False,True,R4,seed_2,0.9323825621510087,1.0,0.9728096673900187,0.9323825621510087,0.044604981399659106,0.044603694911842594,0.9323825818630804,0.7051077585637023,0.14055236098933555
2,symbolic,,True,5,154.63095355033875,4259,1.0,0.974524590963592,1.0,0.027190332326283984,0.003271252666331992,0.0017150947874255973,0.05688219004991679,0.054645938081261614,0.9985154003129789,4,3.65629519208878,9224,6.63457989692688,4,0.0,False,True,R4,seed_2,1.0,0.974524590963592,1.0,0.027190332326283984,0.003268314595698838,0.001715005811458243,0.05688219004991679,0.054645938081261614,0.9985154003129789
3,symbolic,,True,5,152.0751428604126,5395,1.0,0.38941678786841954,1.0,0.7161090241403201,0.14330122204481155,0.10268492567864995,0.44048886682297506,0.9293516843860988,0.9997294839275299,4,2.107999173444824,16580,8.96776556968689,4,0.0,False,True,R4,seed_2,1.0,0.38941678786841954,1.0,0.7161090241403201,0.14328380726499879,0.10266947334486726,0.44048886682297506,0.9293516843860988,0.9997294839275299
4,symbolic,,True,5,133.12637209892273,3481,1.0,1.0,1.0,0.9933833791761335,0.2699838556416385,0.2638018185048533,0.03025075241332109,0.9028752341365456,0.983821312665686,6,1.7359635734401873,10756,6.702513694763184,6,0.0,False,True,R4,seed_2,1.0,1.0,1.0,0.9933833791761335,0.2693725859634496,0.2632011340842856,0.03025075241332109,0.9028752341365456,0.983821312665686
5,symbolic,,True,5,143.27345418930054,5694,1.0,1.0,1.0,0.6698950836447415,0.5737091866238885,0.39541785366814397,0.9273587696426837,0.8023337346608692,0.9895133381798472,6,0.7609778760632262,13658,6.7541139125823975,6,0.0,False,True,R4,seed_2,1.0,1.0,1.0,0.6698950836447415,0.5737041191613672,0.3954165173496141,0.9273587696426837,0.8023337346608692,0.9895133381798472
6,symbolic,,True,5,178.50284147262573,5241,1.0,0.9749323377201076,0.98806137202164,0.027874628889481397,5.155412426449679e-05,3.248825517188081e-05,0.7426196994522644,0.9016861561248565,0.9951283804292158,6,2.372041328731082,12691,8.067357778549194,6,0.0,False,True,R4,seed_2,1.0,0.9749323377201076,0.98806137202164,0.027874628889481397,5.007785282232803e-05,3.214452791129495e-05,0.7426196994522644,0.9016861561248565,0.9951283804292158
7,symbolic,,True,5,173.92150592803955,5973,0.0006410205680550168,0.9994022127183335,0.9998528272183533,0.0006410205680550168,4.3233286388777437e-05,4.3233286388777437e-05,0.000641121000964362,0.9997634212283544,0.9999957719707374,4,3.897990371290148,11123,6.781993389129639,4,0.0,False,True,R4,seed_2,0.0006410205680550168,0.9994022127183335,0.9998528272183533,0.0006410205680550168,4.323328638867799e-05,4.323328638867799e-05,0.000641121000964362,0.9997634212283544,0.9999957719707374
8,symbolic,,True,5,144.60167908668518,4870,0.7614698661019885,0.8940153824972352,0.8832141079588349,0.7614698661019885,0.6730381714842777,0.6730381714842777,0.9408756968251494,0.701042830947615,0.9724717212038039,5,0.33098392482746775,10572,6.9226086139678955,5,0.0,False,True,R4,seed_2,0.7614698661019885,0.8940153824972352,0.8832141079588349,0.7614698661019885,0.6730370420852892,0.6730370420852892,0.9408756968251494,0.701042830947615,0.9724717212038039
9,symbolic,,True,5,148.2175476551056,4788,0.8846648043743954,0.7333207006016085,1.0,0.8825764077233614,0.6462659243728252,0.6447404236669259,0.9891807760425225,0.9904164107200197,1.0,6,0.37567295135864065,10121,6.920048713684082,6,0.0,False,True,R4,seed_2,0.8846648043743954,0.7333207006016085,1.0,0.8825764077233614,0.6462615351442274,0.6447359215463052,0.9891807760425225,0.9904164107200197,1.0
10,symbolic,,True,5,187.27566027641296,5656,1.0,0.6517374086225618,1.0,0.3482624688086378,0.0,0.0,0.9962860024398299,0.0,1.0,4,2.9000001225688004,10556,6.966396331787109,4,0.0,False,True,R4,seed_2,1.0,0.6517374086225618,1.0,0.3482624688086378,0.0,0.0,0.9962860024398299,0.0,1.0
11,symbolic,,True,5,203.14195656776428,7355,0.9127811579525573,0.8979695765648475,0.7777489709557892,0.09603963982856861,0.04148058626386031,0.005606669265820985,0.7069509454519185,0.9219535362671646,0.9994784067728361,5,2.2791241336859613,14965,6.8285956382751465,6,2.912621359223301,False,True,R4,seed_2,1.0,0.9132754917709709,0.8522841688721817,0.12828774663605533,0.06273337374462273,0.009309504831966646,0.825876652646177,0.9421761398770141,0.9996251833321089
12,symbolic,,True,5,238.3604757785797,10091,0.160685930615256,0.18452405674680325,0.9905367455035724,0.160685930615256,0.08021825465234078,0.08021825465234078,0.9680633745561081,1.0,1.0,4,3.3336675727180034,16386,10.382306098937988,4,0.0,False,True,R4,seed_2,0.160685930615256,0.18452405674680325,0.9905367455035724,0.160685930615256,0.08021824840324969,0.08021824840324969,0.9680633745561081,1.0,1.0
13,symbolic,,True,5,210.28561997413635,3274,1.0,1.0,1.0,0.6687319592369756,0.026407370273603736,0.023007644091602275,0.7211994775371408,0.03736302518114032,0.5574367037890234,4,2.4870532974276545,12787,6.765260219573975,4,0.0,False,True,R4,seed_2,1.0,1.0,1.0,0.6687319592369756,0.026405294020080086,0.02300693379031063,0.7211994775371408,0.03736302518114032,0.5574367037890234
14,symbolic,,True,5,165.33766078948975,7484,0.042981861628333715,0.9984616878769257,1.0,6.728083598394452e-05,0.0,0.0,0.0014525515624312924,1.0,1.0,4,3.855498305973251,10165,7.059539318084717,4,0.0,False,True,R4,seed_2,0.042981861628333715,0.9984616878769257,1.0,6.728083598394452e-05,0.0,0.0,0.0014525515624312924,1.0,1.0
15,symbolic,,True,5,221.2060945034027,5482,0.0,1.0,0.0,0.0,0.0,0.0,1.0,1.0,1.0,4,4.0,16921,7.9985668659210205,4,0.0,False,True,R4,seed_2,0.0,1.0,0.0,0.0,0.0,0.0,1.0,1.0,1.0
16,symbolic,,True,5,195.3605604171753,6805,0.9947452104013617,0.5384731295191814,0.9947452104013617,0.49165886500203637,0.0,0.0,0.8075411132214189,1.0,0.9986467739267259,5,2.1698680054787824,12697,6.929064989089966,5,0.0,False,True,R4,seed_2,0.9947452104013617,0.5384731295191814,0.9947452104013617,0.49165886500203637,0.0,0.0,0.8075411132214189,1.0,0.9986467739267259
17,symbolic,,True,5,198.5251226425171,4454,0.8831100958736129,0.8884897187609211,0.44689829481084475,0.48744334713982895,0.8291360350801309,0.44735277608358315,0.9997749901144427,1.0,1.0,6,1.0183055819657434,12817,7.111355781555176,6,0.0,False,False,R4,seed_2,0.8831100958736129,0.8884897187609211,0.44689829481084475,0.48744334713982895,0.8291303936512631,0.4473470023140056,0.9997749901144427,1.0,1.0
18,symbolic,,True,5,132.81299829483032,5203,0.968698090639827,0.1386239509963418,0.2396641595096686,0.962411074090443,0.1169538920118589,0.11670760521167045,0.5573622270670625,0.8145022690964342,0.9485395599931045,4,2.730688165203398,12628,7.285953044891357,4,0.0,False,True,R4,seed_2,0.968698090639827,0.1386239509963418,0.2396641595096686,0.962411074090443,0.11681628158958965,0.11657022080243494,0.5573622270670625,0.8145022690964342,0.9485395599931045
19,symbolic,,True,5,104.86446738243103,4136,1.0,0.7737432595138619,0.08946443795655734,0.2262588363051493,0.0,0.0,0.9999066342874153,0.980738016392238,0.9999999782726252,4,2.9105334662244315,13790,7.177842617034912,4,0.0,False,True,R4,seed_2,1.0,0.7737432595138619,0.08946443795655734,0.2262588363051493,0.0,0.0,0.9999066342874153,0.980738016392238,0.9999999782726252
0,symbolic,,True,5,268.204793214798,9027,0.8243576241523888,1.0,0.8546712802768165,0.8243576241523888,0.0888110698817508,0.0888110698817508,0.9989178312742255,0.9238756840902845,1.0,7,1.4223778602364985,20146,7.064697980880737,7,0.0,False,True,B2,seed_1,0.8243576241523888,1.0,0.8546712802768165,0.8243576241523888,0.08881081156661334,0.08881081156661334,0.9989178312742255,0.9238756840902845,1.0
1,symbolic,,True,5,241.38366603851318,7093,1.0,1.0,0.9961103784490031,0.9371879802406448,0.01136132153908731,0.01013007624449791,0.9463390375497402,0.6818052223029256,0.6135399064640015,5,1.6831634734494876,19039,6.9598870277404785,5,0.0,False,True,B2,seed_1,1.0,1.0,0.9961103784490031,0.9371879802406448,0.011361321539087026,0.010130076221475154,0.9463390375497402,0.6818052223029256,0.6135399064640015
2,symbolic,,True,5,196.63308882713318,4438,0.045381855687299355,0.8979224998644267,0.9707326921003466,0.030157064876323105,0.0004249340505660948,0.00039813109700770344,0.44326584258982815,0.9549618235229851,0.9990407364096432,4,3.380372171698976,13089,6.6866295337677,4,0.0,False,True,B2,seed_1,0.045381855687299355,0.8979224998644267,0.9707326921003466,0.030157064876323105,0.0004222722152058423,0.0003956506079561518,0.44326584258982815,0.9549618235229851,0.9990407364096432
3,symbolic,,True,5,251.27262091636658,9614,1.0,1.0,1.0,0.7161125319631736,0.7438587550469631,0.5737243302500136,0.48436510558072743,0.1135757769181932,0.39666441873627845,3,1.4716990815046507,16733,6.867220878601074,3,0.0,False,True,B2,seed_1,1.0,1.0,1.0,0.7161125319631736,0.7437158974811282,0.5736143348723244,0.48436510558072743,0.1135757769181932,0.39666441873627845
4,symbolic,,True,5,263.3727807998657,8303,1.0,1.0,1.0,0.9933835751965129,0.2284706702777708,0.22323912936508306,0.035000628040494086,0.8485491266062787,0.29058193659581333,5,2.222707635720839,16914,6.872767448425293,5,0.0,False,True,B2,seed_1,1.0,1.0,1.0,0.9933835751965129,0.22792087479439474,0.22269872693730863,0.035000628040494086,0.8485491266062787,0.29058193659581333
5,symbolic,,True,5,242.8362100124359,7365,1.0,0.9851153715748374,0.97847992188952,0.6768266474580048,0.9610032138024736,0.6551093699205786,0.904562690702233,0.9790145082735893,0.9650206948511746,7,0.26806398262141673,16031,6.825054883956909,7,0.0,False,True,B2,seed_1,1.0,0.9851153715748374,0.97847992188952,0.6768266474580048,0.961001920946964,0.6551090639301481,0.904562690702233,0.9790145082735893,0.9650206948511746
6,symbolic,,True,5,238.8252718448639,6768,1.0,1.0,1.0,0.9584426400393309,0.0,0.0,0.238550807556827,0.9254553182530839,1.0,6,2.061449192443173,15178,6.810478687286377,6,0.0,False,True,B2,seed_1,1.0,1.0,1.0,0.9584426400393309,0.0,0.0,0.238550807556827,0.9254553182530839,1.0
7,symbolic,,True,5,256.4199221134186,8041,0.0006410205680550168,0.7374956246518856,0.7570453429221997,0.0006410205680550168,5.637928574331319e-06,5.637928574331319e-06,0.000641121000964362,0.9993639746089815,0.9999663418299132,2,4.003524594431692,19418,8.598820209503174,4,7.2727272727272725,False,True,B2,seed_1,0.0006410205680550168,1.0,0.9999944981090094,0.0006410205680550168,6.114946165068111e-06,6.114946165068111e-06,0.21786648164285505,0.9993656371982085,0.9999788715014548
8,symbolic,,True,5,185.0785675048828,5132,0.7669127168830284,1.0,1.0,0.7669127168830284,0.18738138419498396,0.18738138419498385,0.9795447579218418,0.9523401743908103,0.9962103108958305,5,1.2914117978439754,17593,7.188854455947876,5,0.0,False,True,B2,seed_1,0.7669127168830284,1.0,1.0,0.7669127168830284,0.18738039825277705,0.18738039825277705,0.9795447579218418,0.9523401743908103,0.9962103108958305
9,symbolic,,True,5,165.87714099884033,5936,1.0,1.0,1.0,0.8821292172854693,0.7050387563908145,0.6983064577958,0.9891807760425225,1.0,1.0,7,0.19665478581338558,18339,7.05354905128479,7,0.0,False,True,B2,seed_1,1.0,1.0,1.0,0.8821292172854693,0.7050357965996421,0.698301418461363,0.9891807760425225,1.0,1.0
10,symbolic,,True,5,142.84105467796326,3078,1.0,1.0,1.0,0.33871641042419803,0.0031721236745412273,0.0027208600352569556,0.9962860024398299,0.9986262986944664,1.0,6,2.055390605866004,14883,6.908812046051025,6,0.0,False,True,B2,seed_1,1.0,1.0,1.0,0.33871641042419803,0.0031720072423104574,0.002720743742855929,0.9962860024398299,0.9986262986944664,1.0
11,symbolic,,True,5,217.67007732391357,9356,1.0,0.2825117316007131,0.9641392431696515,0.7174882631539128,0.0,0.0,0.005511743535174141,1.0,1.0,4,2.8944882617102,13523,6.958842039108276,4,0.0,False,True,B2,seed_1,1.0,0.2825117316007131,0.9641392431696515,0.7174882631539128,0.0,0.0,0.005511743535174141,1.0,1.0
12,symbolic,,True,5,262.2310926914215,7241,0.25405078109030843,1.0,1.0,0.25405078109030843,0.1689667238011524,0.1689667238011524,0.8981274918597658,1.0,1.0,5,2.3539649902170785,15215,7.30692720413208,5,0.0,False,True,B2,seed_1,0.25405078109030843,1.0,1.0,0.25405078109030843,0.1689644248647575,0.1689644248647575,0.8981274918597658,1.0,1.0
13,symbolic,,True,5,181.37751412391663,3692,0.023128676916383522,0.9768329518240331,0.9966444767965801,0.023128676916383522,0.0,0.0,0.02316704817596693,1.0,1.0,4,3.830575597991266,13972,6.788714647293091,4,0.0,False,True,B2,seed_1,0.023128676916383522,0.9768329518240331,0.9966444767965801,0.023128676916383522,0.0,0.0,0.02316704817596693,1.0,1.0
14,symbolic,,True,5,220.76072120666504,8364,0.042981861628333715,0.9984616878769257,1.0,6.728083598394452e-05,0.0,0.0,0.0014525515624312924,1.0,1.0,4,3.855498305973251,16954,7.297679901123047,4,0.0,False,True,B2,seed_1,0.042981861628333715,0.9984616878769257,1.0,6.728083598394452e-05,0.0,0.0,0.0014525515624312924,1.0,1.0
15,symbolic,,True,5,240.8389813899994,7151,0.0,1.0,1.0,0.0,0.0,0.0,0.0,1.0,1.0,4,3.9000000000000004,14556,6.89191460609436,4,0.0,False,True,B2,seed_1,0.0,1.0,1.0,0.0,0.0,0.0,0.0,1.0,1.0
16,symbolic,,True,5,231.49592876434326,8037,0.6476092687594031,0.17383035952262937,0.4434510694379732,0.6177076541354622,0.0,0.0,0.9963310733551718,1.0,1.0,3,2.9174016481445326,14471,7.019422292709351,3,0.0,False,True,B2,seed_1,0.6476092687594031,0.17383035952262937,0.4434510694379732,0.6177076541354622,0.0,0.0,0.9963310733551718,1.0,1.0
17,symbolic,,True,5,418.81140875816345,14949,0.0890545785395116,0.12673104944921199,0.03146570683692875,0.0007194843907776858,0.05264562571124731,0.00042900775276444314,0.08905845903701548,0.9950522468552748,0.9473588952600043,2,5.109896088282543,23030,8.609903573989868,2,0.0,False,False,B2,seed_1,0.0890545785395116,0.12673104944921199,0.03146570683692875,0.0007194843907776858,0.05264110215876451,0.0004252947112688654,0.08905845903701548,0.9950522468552748,0.9473588952600043
18,symbolic,,True,5,381.38790559768677,6210,0.9689569383081911,0.9689569383081903,0.5511005095126476,0.6008492812980667,0.849107685023662,0.5575514230636879,0.7286600880622603,0.9440161140457871,0.9237392822873612,6,0.690498786125598,15810,73.49024510383606,6,0.0,False,True,B2,seed_1,0.9689569383081911,0.9689569383081903,0.5511005095126476,0.6008492812980667,0.8104314026640493,0.5254367036161631,0.7286600880622603,0.9440161140457871,0.9237392822873612
19,symbolic,,True,5,191.78312993049622,9829,1.0,1.0,0.27199197144957404,0.21149324120936866,0.728008028550426,0.09686481656148938,0.9990292891806493,1.0,1.0,5,1.8916419422291422,22357,7.57033634185791,5,0.0,False,True,B2,seed_1,1.0,1.0,0.27199197144957404,0.21149324120936866,0.7280071503227642,0.0968644627127665,0.9990292891806493,1.0,1.0
0,symbolic,,True,5,213.3416450023651,6714,1.0,1.0,0.9972411891448489,0.9958249574764186,0.14553822027129049,0.1455216986570127,0.8736272460112157,0.980725771888141,0.9811651598179741,7,1.308940081071697,16812,13.990219831466675,7,0.0,False,True,B2,seed_2,1.0,1.0,0.9972411891448489,0.9958249574764186,0.14553822027129026,0.14552169865701245,0.8736272460112157,0.980725771888141,0.9811651598179741
1,symbolic,,True,5,237.05017185211182,7864,1.0,1.0,0.34238324698709954,0.856958676671101,0.6576167534483863,0.5647943138129314,0.8704643884051063,0.5542152142095548,0.0,4,1.680990471542028,19629,6.889825820922852,6,12.280701754385966,False,True,B2,seed_2,1.0,1.0,1.0,0.856958676671101,0.6575950919536575,0.5647935990196132,0.8704643884051063,0.5542152142095548,1.0
2,symbolic,,True,5,180.78070712089539,3713,0.7537844031908288,0.8830164981998092,0.7105616695270165,0.706545940329516,0.3238919747493545,0.3061743732744091,0.9074356739718005,0.5665289416223654,0.740445708232755,3,1.3325126973065098,14378,6.7025861740112305,3,0.0,False,True,B2,seed_2,0.7537844031908288,0.8830164981998092,0.7105616695270165,0.706545940329516,0.3238893531814215,0.306171955667789,0.9074356739718005,0.5665289416223654,0.740445708232755
3,symbolic,,True,5,172.9679820537567,7094,0.005305613142200255,0.2994775966690537,0.9998552971595432,0.003972953536563629,0.00014471875489041608,0.00010809483656148977,0.9982557567449605,1.0,0.9972959269357233,4,3.6909910230607306,18609,9.038218975067139,4,0.0,False,True,B2,seed_2,0.005305613142200255,0.2994775966690537,0.9998552971595432,0.003972953536563629,0.0001442613488431219,0.00010802594074061918,0.9982557567449605,1.0,0.9972959269357233
4,symbolic,,True,5,202.56007385253906,6068,1.0,1.0,0.019290984550339407,0.7398968174288484,0.9843771953239426,0.7398968177119459,0.8178226131715751,1.0,0.004178001824576061,5,1.5967373784842902,14624,6.8256306648254395,5,0.0,False,True,B2,seed_2,1.0,1.0,0.019290984550339407,0.7398968174288484,0.9839655755749693,0.7398968177119455,0.8178226131715751,1.0,0.004178001824576061
5,symbolic,,True,5,205.56653237342834,6620,0.6869720527495181,0.9483458142676497,0.061138554040562204,0.67341204006124,0.6474718580890152,0.6347249579413221,0.9248082561175781,0.9804740373798162,0.9879725319147199,4,1.2962805371183426,13137,6.868449449539185,4,0.0,False,True,B2,seed_2,0.6869720527495181,0.9483458142676497,0.061138554040562204,0.67341204006124,0.647471706881146,0.6347248108430237,0.9248082561175781,0.9804740373798162,0.9879725319147199
6,symbolic,,True,5,211.88168001174927,5867,0.012927384246936999,0.0006410205190243823,0.0041750423746938145,0.012666100958296789,0.0,0.0,0.016603990401157787,1.0,1.0,2,5.452986461499891,15393,8.209654092788696,2,0.0,False,True,B2,seed_2,0.012927384246936999,0.0006410205190243823,0.0041750423746938145,0.012666100958296789,0.0,0.0,0.016603990401157787,1.0,1.0
7,symbolic,,True,5,209.60768485069275,6844,0.0,1.0,1.0,0.0,0.0,0.0,0.0,1.0,1.0,4,3.9000000000000004,17169,6.900095701217651,4,0.0,False,True,B2,seed_2,0.0,1.0,1.0,0.0,0.0,0.0,0.0,1.0,1.0
8,symbolic,,True,5,122.24282693862915,4940,0.7614698661019885,0.8940153824972352,0.8832141079588349,0.7614698661019885,0.6730381714842777,0.6730381714842777,0.9408756968251494,0.701042830947615,0.9724717212038039,5,0.33098392482746775,14676,7.075827360153198,5,0.0,False,True,B2,seed_2,0.7614698661019885,0.8940153824972352,0.8832141079588349,0.7614698661019885,0.6730370420852892,0.6730370420852892,0.9408756968251494,0.701042830947615,0.9724717212038039
9,symbolic,,True,5,113.43163108825684,2112,0.8841982937807447,0.7321646152587036,1.0,0.8821292172854693,0.6459152373669179,0.6444039045938362,0.9891807760425225,0.9904217216601078,0.9990175953936878,6,0.3775162427805424,13983,6.858479261398315,6,0.0,False,True,B2,seed_2,0.8841982937807447,0.7321646152587036,1.0,0.8821292172854693,0.6459108210289182,0.6443993444209728,0.9891807760425225,0.9904217216601078,0.9990175953936878
10,symbolic,,True,5,201.95024609565735,5167,1.0,0.8835300937177062,1.0,0.1164672611177254,0.0,0.0,0.9951815358161248,1.0,1.0,6,2.2835327388822746,17517,7.132419109344482,6,0.0,False,True,B2,seed_2,1.0,0.8835300937177062,1.0,0.1164672611177254,0.0,0.0,0.9951815358161248,1.0,1.0
11,symbolic,,True,5,229.89311814308167,9128,0.5918511634587738,0.7566027550772478,0.7177407183036655,0.4804342816455795,0.15799976902105206,0.1283771963983784,0.5917956392598805,0.7268453338631395,0.9981259932776985,2,2.0751984768354226,19059,6.961225271224976,2,0.0,False,True,B2,seed_2,0.5918511634587738,0.7566027550772478,0.7177407183036655,0.4804342816455795,0.15799976747986338,0.12837719504463005,0.5917956392598805,0.7268453338631395,0.9981259932776985
12,symbolic,,True,5,239.59963631629944,9582,0.160685930615256,0.18452405674680325,0.9905367455035724,0.160685930615256,0.08021825465234078,0.08021825465234078,0.9680633745561081,1.0,1.0,4,3.3336675727180034,21406,10.745850324630737,4,0.0,False,True,B2,seed_2,0.160685930615256,0.18452405674680325,0.9905367455035724,0.160685930615256,0.08021824840324969,0.08021824840324969,0.9680633745561081,1.0,1.0
13,symbolic,,True,5,218.9820158481598,3813,1.0,1.0,1.0,0.6614094700606435,0.03733456153981729,0.02531399099285714,0.9691301742753965,0.03686972565537794,0.5369389803511277,4,2.5021332714001763,17333,6.85695481300354,4,0.0,False,True,B2,seed_2,1.0,1.0,1.0,0.6614094700606435,0.0373313418311868,0.025311143357347465,0.9691301742753965,0.03686972565537794,0.5369389803511277
14,symbolic,,True,5,165.81082105636597,6649,0.04374061446314967,0.1985596077834225,0.956251363355781,0.03505543750305414,0.0,0.0,0.7552767525297804,1.0,1.0,4,3.722644340250374,18060,7.135746479034424,4,0.0,False,True,B2,seed_2,0.04374061446314967,0.1985596077834225,0.956251363355781,0.03505543750305414,0.0,0.0,0.7552767525297804,1.0,1.0
15,symbolic,,True,5,256.40109300613403,4951,0.0,0.0,0.0,0.0,0.0,0.0,0.0,1.0,1.0,2,5.5,16410,8.110451459884644,9,100.0,False,True,B2,seed_2,1.0,1.0,1.0,1.0,1.0,1.0,1.0,1.0,1.0
16,symbolic,,True,5,243.05820560455322,8853,0.9890200414216733,0.18278199558122957,0.43793681006403107,0.8062379387869633,0.0,0.0,0.9902843098529885,1.0,1.0,5,2.5792811943547393,16034,7.109588861465454,5,0.0,False,True,B2,seed_2,0.9890200414216733,0.18278199558122957,0.43793681006403107,0.8062379387869633,0.0,0.0,0.9902843098529885,1.0,1.0
17,symbolic,,True,5,267.5886673927307,9581,0.8998744699000591,0.9279849767249638,0.6296248929331519,0.5249704434624874,0.7988795296080231,0.44622491258788843,0.899803275985321,1.0,1.0,5,0.8003002214084493,16780,8.266964197158813,6,11.864406779661017,False,False,B2,seed_2,1.0,1.0,0.6971056802977628,0.545017976902377,0.8938004456400124,0.46326526692076175,1.0,1.0,1.0
18,symbolic,,True,5,247.35390639305115,8343,0.9686979080512251,0.0439365923310821,0.11915985560920787,0.9527139276742334,0.02508917256804044,0.02478635255325279,0.5573622270670625,0.99043956769934,0.9999840310539784,4,3.129665799871354,19271,7.95172905921936,4,0.0,False,True,B2,seed_2,0.9686979080512251,0.0439365923310821,0.11915985560920787,0.9527139276742334,0.025005983270650817,0.0247038840437209,0.5573622270670625,0.99043956769934,0.9999840310539784
19,symbolic,,True,5,206.58846068382263,7234,1.0,0.7737411559025891,0.08938998825839967,0.2262588440777299,0.0,0.0,0.9999066342874153,0.9998645734805046,1.0,4,2.9106100117612814,20475,7.551835060119629,4,0.0,False,True,B2,seed_2,1.0,0.7737411559025891,0.08938998825839967,0.2262588440777299,0.0,0.0,0.9999066342874153,0.9998645734805046,1.0
