source,target,parsed,met,requirements,certified,uncovered,worst_goal1,worst_goal2,worst_goal3,worst_seq_1_before_2,worst_seq_2_before_3,worst_complete_sequence,worst_avoid_moving_seg1,worst_avoid_moving_seg2,worst_avoid_moving_seg3,trained
0,0,True,5,9,False,0,1.0,1.0,1.0,0.799946601195682,0.7698093281496341,0.6116870631790741,0.2059834816572592,0.998272547004644,0.953193309665853,True
0,1,True,5,9,False,0,1.0,1.0,1.0,0.941065514497259,0.301453834122823,0.3014538336308743,0.0091695241574023,0.2680881230461442,0.996298914690948,False
0,2,True,7,9,False,0,1.0,1.0,1.0,0.9303410457028294,0.0,0.0,0.9999958509611864,0.9977161601932212,0.999911209270001,False
0,3,True,6,9,False,0,1.0,0.9909915382112304,0.9431115108274812,0.7214442123032874,0.1758163870549948,0.1711257078964139,0.7131464371537486,0.9907685492212186,0.8955759620909666,False
0,4,True,7,9,False,0,1.0,1.0,0.999311886293949,0.0,0.9999844995208405,0.0,0.999999942370956,1.0,0.9998672341846429,False
0,5,True,7,9,False,0,0.999992025976921,0.999992646507289,0.9999889200097988,0.7731533192240936,0.9848009868174088,0.763036852926202,0.9999920262893672,0.9999949746983384,0.999999954733533,False
0,6,True,6,9,False,0,0.9999999747618292,0.99999998894441,0.996600826146356,0.7528004938511779,0.9999665310303149,0.7527808255357433,0.9965272239110214,0.9911456237627811,0.0364648735202738,False
0,7,True,3,9,False,0,0.0,0.1764705869286577,0.0,0.0,0.0,0.0,1.0,1.0,1.0,False
0,8,True,3,9,False,0,0.0,0.0,0.0,0.0,0.0,0.0,0.9999999646890672,1.0,0.99978356635543,False
0,9,True,6,9,False,0,1.0,1.0,1.0,0.9999732939079324,0.6548038103569861,0.6547926265850339,0.8188943299855265,0.4898429281512111,0.9107640525612046,False
0,10,True,4,9,False,0,1.0,0.1776318243808188,0.1776331069552425,1.0,0.1498114799428362,0.1498114799428362,1.0,0.5863981153126733,0.9806450859005644,False
0,11,True,8,9,False,0,1.0,0.9989842930161896,0.0,0.9995143897375652,0.9975660898078432,0.9974542926713942,0.9925238806637208,0.9957427815129756,0.7308049749423269,False
0,12,True,6,9,False,0,1.0,0.996347497267127,0.9893873047425756,0.6909202720741168,0.2567579801965641,0.2183142822323877,1.0,1.0,1.0,False
0,13,True,2,9,False,0,0.1764705882351819,0.1764410124645266,0.1739945478331665,0.1764705882351819,0.1731942073759446,0.1731942073759446,1.0,0.884167671897494,0.2139434618232982,False
0,14,True,3,9,False,0,0.001955303152043,0.0019548949347231,0.0019553789763917,0.0019216529059772,0.0019524999358121,0.0019193004475742,0.881125386855786,0.8190205668970192,0.7080153496413041,False
0,15,True,6,9,False,0,0.9662772786259396,0.9853644645102916,0.0002153450249183,0.8959114029863211,0.9671290247084992,0.8967137156343324,0.4802105234342972,0.5132480348463012,0.9953509963257334,False
0,16,True,3,9,False,0,0.0,0.0,0.0,0.0,0.0,0.0,1.0,1.0,1.0,False
0,17,True,8,9,False,0,0.9372326108169426,0.9372326108169426,0.2397953256633951,0.9372326108169426,0.8325798018895882,0.8325798018895882,0.8604812070799713,1.0,0.8751237559253224,False
0,18,True,8,9,False,0,0.9990416606491392,0.9781901858866908,0.9990421603777454,0.9362175937942218,0.9779515615139506,0.916477767315467,0.9999944898255192,0.9999986436287912,0.570727766675353,False
0,19,True,5,9,False,0,1.0,0.9999790621715542,0.9999775812159656,0.311762076187192,0.0293426919861096,0.0209465168265132,0.6418464265068446,0.9995992778056844,0.9982607963092246,False
1,0,True,6,9,False,0,1.0,1.0,1.0,0.8086046313015707,0.3973034853805317,0.3293216750284213,0.1942754357094127,1.0,0.987133270406768,False
1,1,True,8,9,False,0,1.0,1.0,1.0,0.9876284397640892,0.969976976372916,0.9675978610395436,0.612935901549466,1.0,0.9994166862459122,True
1,2,True,6,9,False,0,1.0,1.0,0.212624757778424,0.9270480071981556,0.0,0.0,0.9996192704418784,0.9979430944748596,1.0,False
1,3,True,4,9,False,0,0.9016359075656196,0.9016359075656196,0.8632098259199505,0.6839954852736065,0.1015844953590677,0.0965817226045708,0.3770148681686056,0.4653569367714946,0.8993471363993534,False
1,4,True,7,9,False,0,1.0,1.0,0.9990701390629796,0.0,0.9999848275056988,0.0,0.9999999454967692,1.0,0.9886981718044668,False
1,5,True,7,9,False,0,0.9999905152467258,0.999988544784234,0.999989123087028,0.6183957579579102,0.977594617805315,0.6128039255408685,0.9999905158841637,0.9999942288041642,0.999999941914848,False
1,6,True,6,9,False,0,0.999999985608522,0.9999999992479416,0.9998876150385768,0.1635577505679245,0.9999946904768432,0.163557567063359,0.9973155085227028,0.9885882051499378,0.3119961434121692,False
1,7,True,3,9,False,0,0.2562921132950151,0.707716000196673,0.2563071909048178,0.0,0.2563003467090441,0.0,1.0,1.0,1.0,False
1,8,True,3,9,False,0,0.0,0.0,0.0,0.0,0.0,0.0,0.9999999647510976,1.0,0.9999114518786668,False
1,9,True,7,9,False,0,1.0,1.0,1.0,0.9999730465711408,0.6500694738957036,0.650058540660892,0.8188405125864696,0.7042508428568425,0.9392019666752104,False
1,10,True,8,9,False,0,1.0,1.0,0.999965380281358,1.0,0.9530808142273276,0.9530808142273276,1.0,0.6246481472164175,0.9845121083323748,False
1,11,True,8,9,False,0,1.0,1.0,1.0,0.999118747705831,0.9969699652118902,0.9964888192958692,0.9958774128863048,0.9960426675469513,0.4040943572931988,False
1,12,True,3,9,False,0,0.1748583466255071,0.0803757088375379,0.0775628642141226,0.1438199827984882,0.03533188791681,0.0337744126508303,1.0,1.0,1.0,False
1,13,True,3,9,False,0,0.1764705882351819,0.0047002208175729,0.0046957148109944,0.1764705882351819,0.0047001220414852,0.0047001220414852,1.0,0.9815785349677204,0.8585491352169543,False
1,14,True,2,9,False,0,0.467976599339322,0.4641769759357669,0.4760798461158829,0.3049385381711643,0.3818933097194665,0.255017154449954,0.8172566516394109,0.5822384076685478,0.8499748694589917,False
1,15,True,2,9,False,0,0.9340629117124508,0.093994131547388,0.0,0.768793124989427,0.0043753155369565,0.0036058434919925,0.5482434448401537,0.0045739890456818,0.9999950875128512,False
1,16,True,8,9,False,0,0.8235294117647057,0.823529294342858,0.823529294342858,0.8234863879310941,0.8232385741116005,0.8232385741116005,0.999999883473668,1.0,0.6895857155028733,False
1,17,True,3,9,False,0,0.3736886534302169,0.3736886534302169,0.0,0.3736886534302169,0.3273286680823404,0.3273286680823404,0.9491781784607864,1.0,1.0,False
1,18,True,9,9,True,0,0.9989140016549845,0.9992594683182516,0.9989400967219344,0.8346923554439649,0.9866773686430638,0.8244847841300542,0.9999940019502346,0.9999987394323824,0.869338109237799,False
1,19,True,5,9,False,0,1.0,0.9999956527753588,0.9999889924709944,0.3300473643496909,0.0410122523093635,0.0304388799884289,0.6984418843488344,0.998845421988926,0.9983501220914386,False
2,0,True,5,9,False,0,1.0,1.0,1.0,0.799946601195682,0.7698093281496341,0.6116870631790741,0.2059834816572592,0.998272547004644,0.953193309665853,False
2,1,True,5,9,False,0,1.0,1.0,1.0,0.941065514497259,0.301453834122823,0.3014538336308743,0.0091695241574023,0.2680881230461442,0.996298914690948,False
2,2,True,7,9,False,0,1.0,1.0,1.0,0.9303410457028294,0.0,0.0,0.9999958509611864,0.9977161601932212,0.999911209270001,True
2,3,True,6,9,False,0,1.0,0.9909915382112304,0.9431115108274812,0.7214442123032874,0.1758163870549948,0.1711257078964139,0.7131464371537486,0.9907685492212186,0.8955759620909666,False
2,4,True,7,9,False,0,1.0,1.0,0.999311886293949,0.0,0.9999844995208405,0.0,0.999999942370956,1.0,0.9998672341846429,False
2,5,True,7,9,False,0,0.999992025976921,0.999992646507289,0.9999889087762482,0.7731533192240936,0.9848009868174088,0.763036852926202,0.9999920262893672,0.9999949746983384,0.9999999532158844,False
2,6,True,6,9,False,0,0.9999999747618292,0.99999998894441,0.996600826146356,0.7528004938511779,0.9999665310303149,0.7527808255357433,0.9965272239110214,0.9911456237627811,0.0364648735202738,False
2,7,True,3,9,False,0,0.0,0.1764705869286577,0.0,0.0,0.0,0.0,1.0,1.0,1.0,False
2,8,True,3,9,False,0,0.0,0.0,0.0,0.0,0.0,0.0,0.9999999646890672,1.0,0.99978356635543,False
2,9,True,6,9,False,0,1.0,1.0,1.0,0.9999732939079324,0.6548038103569861,0.6547926265850339,0.8188943299855265,0.4898429281512111,0.9107640525612046,False
2,10,True,4,9,False,0,1.0,0.1776318243808188,0.1776331069552425,1.0,0.1498114799428362,0.1498114799428362,1.0,0.5863981153126733,0.9806450859005644,False
2,11,True,8,9,False,0,1.0,0.9987198991998064,0.0,0.9995193966045474,0.9971297542005708,0.9970217884026658,0.9920295317793384,0.9956903980868016,0.7308049757204222,False
2,12,True,6,9,False,0,1.0,0.996347497267127,0.9893873047425756,0.6909202720741168,0.2567579801965641,0.2183142822323877,1.0,1.0,1.0,False
2,13,True,2,9,False,0,0.1764705882351819,0.1764410124645266,0.1739945478331665,0.1764705882351819,0.1731942073759446,0.1731942073759446,1.0,0.884167671897494,0.2139434618232982,False
2,14,True,3,9,False,0,0.001955303152043,0.0019548949347231,0.0019553789763917,0.0019216529059772,0.0019524999358121,0.0019193004475742,0.881125386855786,0.8190205668970192,0.7080153496413041,False
2,15,True,6,9,False,0,0.9662772786259396,0.9853644645102916,0.0002153450249183,0.8959114029863211,0.9671290247084992,0.8967137156343324,0.4802105234342972,0.5132480348463012,0.9953509963257334,False
2,16,True,3,9,False,0,0.0,0.0,0.0,0.0,0.0,0.0,1.0,1.0,1.0,False
2,17,True,8,9,False,0,0.9662262312663528,0.9662262312663528,0.2426934045060153,0.9662262312663528,0.8444092897824009,0.8444092897824009,0.8682763264778127,1.0,0.8760848384646709,False
2,18,True,8,9,False,0,0.9990416606491392,0.9781901858866908,0.9990421603777454,0.9362175937942218,0.9779515615139506,0.916477767315467,0.9999944898255192,0.9999986436287912,0.570727766675353,False
2,19,True,5,9,False,0,1.0,0.9999790621715542,0.9999775812159656,0.311762076187192,0.0293426919861096,0.0209465168265132,0.6418464265068446,0.9995992778056844,0.9982607963092246,False
3,0,True,5,9,False,0,1.0,1.0,1.0,0.799946601195682,0.7698093281496341,0.6116870631790741,0.2059834816572592,0.998272547004644,0.953193309665853,False
3,1,True,5,9,False,0,1.0,1.0,1.0,0.941065514497259,0.301453834122823,0.3014538336308743,0.0091695241574023,0.2680881230461442,0.996298914690948,False
3,2,True,7,9,False,0,1.0,1.0,1.0,0.9303410457028294,0.0,0.0,0.9999958509611864,0.9977161601932212,0.999911209270001,False
3,3,True,6,9,False,0,1.0,0.9909915382112304,0.9431115108274812,0.7214442123032874,0.1758163870549948,0.1711257078964139,0.7131464371537486,0.9907685492212186,0.8955759620909666,True
3,4,True,7,9,False,0,1.0,1.0,0.999311886293949,0.0,0.9999844995208405,0.0,0.999999942370956,1.0,0.9998672341846429,False
3,5,True,7,9,False,0,0.999992025976921,0.999992646507289,0.9999889200097988,0.7731533192240936,0.9848009868174088,0.763036852926202,0.9999920262893672,0.9999949746983384,0.999999954733533,False
3,6,True,6,9,False,0,0.9999999747618292,0.99999998894441,0.996600826146356,0.7528004938511779,0.9999665310303149,0.7527808255357433,0.9965272239110214,0.9911456237627811,0.0364648735202738,False
3,7,True,3,9,False,0,0.0,0.1764705869286577,0.0,0.0,0.0,0.0,1.0,1.0,1.0,False
3,8,True,3,9,False,0,0.0,0.0,0.0,0.0,0.0,0.0,0.9999999646890672,1.0,0.99978356635543,False
3,9,True,6,9,False,0,1.0,1.0,1.0,0.9999732939079324,0.6548038103569861,0.6547926265850339,0.8188943299855265,0.4898429281512111,0.9107640525612046,False
3,10,True,4,9,False,0,1.0,0.1776318243808188,0.1776331069552425,1.0,0.1498114799428362,0.1498114799428362,1.0,0.5863981153126733,0.9806450859005644,False
3,11,True,8,9,False,0,1.0,0.9989842930161896,0.0,0.9995143897375652,0.9975660898078432,0.9974542926713942,0.9925238806637208,0.9957427815129756,0.7308049749423269,False
3,12,True,6,9,False,0,1.0,0.996347497267127,0.9893873047425756,0.6909202720741168,0.2567579801965641,0.2183142822323877,1.0,1.0,1.0,False
3,13,True,2,9,False,0,0.1764705882351819,0.1764410124645266,0.1739945478331665,0.1764705882351819,0.1731942073759446,0.1731942073759446,1.0,0.884167671897494,0.2139434618232982,False
3,14,True,3,9,False,0,0.001955303152043,0.0019548949347231,0.0019553789763917,0.0019216529059772,0.0019524999358121,0.0019193004475742,0.881125386855786,0.8190205668970192,0.7080153496413041,False
3,15,True,6,9,False,0,0.9662772786259396,0.9853644645102916,0.0002153450249183,0.8959114029863211,0.9671290247084992,0.8967137156343324,0.4802105234342972,0.5132480348463012,0.9953509963257334,False
3,16,True,3,9,False,0,0.0,0.0,0.0,0.0,0.0,0.0,1.0,1.0,1.0,False
3,17,True,8,9,False,0,0.9372326108169426,0.9372326108169426,0.2397953256633951,0.9372326108169426,0.8325798018895882,0.8325798018895882,0.8604812070799713,1.0,0.8751237559253224,False
3,18,True,8,9,False,0,0.9990416606491392,0.9781901858866908,0.9990421603777454,0.9362175937942218,0.9779515615139506,0.916477767315467,0.9999944898255192,0.9999986436287912,0.570727766675353,False
3,19,True,5,9,False,0,1.0,0.9999790621715542,0.9999775812159656,0.311762076187192,0.0293426919861096,0.0209465168265132,0.6418464265068446,0.9995992778056844,0.9982607963092246,False
4,0,True,5,9,False,0,1.0,1.0,1.0,0.799946601195682,0.7698093281496341,0.6116870631790741,0.2059834816572592,0.998272547004644,0.953193309665853,False
4,1,True,5,9,False,0,1.0,1.0,1.0,0.941065514497259,0.301453834122823,0.3014538336308743,0.0091695241574023,0.2680881230461442,0.996298914690948,False
4,2,True,7,9,False,0,1.0,1.0,1.0,0.9303410457028294,0.0,0.0,0.9999958509611864,0.9977161601932212,0.999911209270001,False
4,3,True,6,9,False,0,1.0,0.9909915382112304,0.9431115108274812,0.7214442123032874,0.1758163870549948,0.1711257078964139,0.7131464371537486,0.9907685492212186,0.8955759620909666,False
4,4,True,7,9,False,0,1.0,1.0,0.999311886293949,0.0,0.9999844995208405,0.0,0.999999942370956,1.0,0.9998672341846429,True
4,5,True,7,9,False,0,0.999992025976921,0.999992646507289,0.9999889200097988,0.7731533192240936,0.9848009868174088,0.763036852926202,0.9999920262893672,0.9999949746983384,0.999999954733533,False
4,6,True,6,9,False,0,0.9999999747618292,0.99999998894441,0.996600826146356,0.7528004938511779,0.9999665310303149,0.7527808255357433,0.9965272239110214,0.9911456237627811,0.0364648735202738,False
4,7,True,3,9,False,0,0.0,0.1764705869286577,0.0,0.0,0.0,0.0,1.0,1.0,1.0,False
4,8,True,3,9,False,0,0.0,0.0,0.0,0.0,0.0,0.0,0.9999999646890672,1.0,0.99978356635543,False
4,9,True,6,9,False,0,1.0,1.0,1.0,0.9999732939079324,0.6548038103569861,0.6547926265850339,0.8188943299855265,0.4898429281512111,0.9107640525612046,False
4,10,True,4,9,False,0,1.0,0.1776318243808188,0.1776331069552425,1.0,0.1498114799428362,0.1498114799428362,1.0,0.5863981153126733,0.9806450859005644,False
4,11,True,8,9,False,0,1.0,0.9989842930161896,0.0,0.9995143897375652,0.9975660898078432,0.9974542926713942,0.9925238806637208,0.9957427815129756,0.7308049749423269,False
4,12,True,6,9,False,0,1.0,0.996347497267127,0.9893873047425756,0.6909202720741168,0.2567579801965641,0.2183142822323877,1.0,1.0,1.0,False
4,13,True,2,9,False,0,0.1764705882351819,0.1764410124645266,0.1739945478331665,0.1764705882351819,0.1731942073759446,0.1731942073759446,1.0,0.884167671897494,0.2139434618232982,False
4,14,True,3,9,False,0,0.001955303152043,0.0019548949347231,0.0019553789763917,0.0019216529059772,0.0019524999358121,0.0019193004475742,0.881125386855786,0.8190205668970192,0.7080153496413041,False
4,15,True,6,9,False,0,0.9662772786259396,0.9853644645102916,0.0002153450249183,0.8959114029863211,0.9671290247084992,0.8967137156343324,0.4802105234342972,0.5132480348463012,0.9953509963257334,False
4,16,True,3,9,False,0,0.0,0.0,0.0,0.0,0.0,0.0,1.0,1.0,1.0,False
4,17,True,8,9,False,0,0.9372326108169426,0.9372326108169426,0.2397953256633951,0.9372326108169426,0.8325798018895882,0.8325798018895882,0.8604812070799713,1.0,0.8751237559253224,False
4,18,True,8,9,False,0,0.9990416606491392,0.9781901858866908,0.9990421603777454,0.9362175937942218,0.9779515615139506,0.916477767315467,0.9999944898255192,0.9999986436287912,0.570727766675353,False
4,19,True,5,9,False,0,1.0,0.9999790621715542,0.9999775812159656,0.311762076187192,0.0293426919861096,0.0209465168265132,0.6418464265068446,0.9995992778056844,0.9982607963092246,False
5,0,True,7,9,False,0,1.0,1.0,1.0,0.8058081062688165,0.0347993845814729,0.0276508838735172,0.7693574028969092,0.998271963711727,0.9531720080415228,False
5,1,True,5,9,False,0,1.0,1.0,1.0,0.941065514497259,0.301453834122823,0.3014538336308743,0.0091695241574023,0.2680881230461442,0.996298914690948,False
5,2,True,7,9,False,0,1.0,1.0,1.0,0.9303410457028294,0.0,0.0,0.9999958509611864,0.9977161601932212,0.999911209270001,False
5,3,True,6,9,False,0,1.0,0.9909915382112304,0.9431115108274812,0.7214442123032874,0.1758163870549948,0.1711257078964139,0.7131464371537486,0.9907685492212186,0.8955759620909666,False
5,4,True,7,9,False,0,1.0,1.0,0.999613559347202,0.0,0.9999844995208405,0.0,0.9999999435870448,1.0,0.999867234268559,False
5,5,True,7,9,False,0,0.999992025976921,0.999992646507289,0.9999889200097988,0.7731533192240936,0.9848009868174088,0.763036852926202,0.9999920262893672,0.9999949746983384,0.999999954733533,True
5,6,True,6,9,False,0,0.9999999747618292,0.99999998894441,0.996600826146356,0.7528004938511779,0.9999665310303149,0.7527808255357433,0.9965272239110214,0.9911456237627811,0.0364648735202738,False
5,7,True,3,9,False,0,0.0,0.1764705869286577,0.0,0.0,0.0,0.0,1.0,1.0,1.0,False
5,8,True,3,9,False,0,0.0,0.0,0.0,0.0,0.0,0.0,0.9999999646890672,1.0,0.99978356635543,False
5,9,True,6,9,False,0,1.0,1.0,1.0,0.9999732939079324,0.6548038103569861,0.6547926265850339,0.8188943299855265,0.4898429281512111,0.9107640525612046,False
5,10,True,4,9,False,0,1.0,0.1776318243808188,0.1776331069552425,1.0,0.1498114799428362,0.1498114799428362,1.0,0.5863981153126733,0.9806450859005644,False
5,11,True,8,9,False,0,1.0,0.999559291985149,0.0,0.9995153617339444,0.999407943168184,0.9992603402801497,0.9925358301399004,0.995762254343032,0.7308049749423257,False
5,12,True,6,9,False,0,1.0,0.996347497267127,0.9893873047425756,0.6909202720741168,0.2567579801965641,0.2183142822323877,1.0,1.0,1.0,False
5,13,True,2,9,False,0,0.1764705882351819,0.1764410124645266,0.1739945478331665,0.1764705882351819,0.1731942073759446,0.1731942073759446,1.0,0.884167671897494,0.2139434618232982,False
5,14,True,3,9,False,0,0.001955303152043,0.0019548949347231,0.0019553789763917,0.0019216529059772,0.0019524999358121,0.0019193004475742,0.881125386855786,0.8190205668970192,0.7080153496413041,False
5,15,True,6,9,False,0,0.9662772786259396,0.9853644645102916,0.0002153450249183,0.8959114029863211,0.9671290247084992,0.8967137156343324,0.4802105234342972,0.5132480348463012,0.9953509963257334,False
5,16,True,3,9,False,0,0.0,0.0,0.0,0.0,0.0,0.0,1.0,1.0,1.0,False
5,17,True,8,9,False,0,0.9298548254553654,0.9298548254553654,0.2390521981375021,0.9298548254553654,0.8295215834253098,0.8295215834253098,0.8584914320491037,1.0,0.8696628162323343,False
5,18,True,8,9,False,0,0.9990416606491392,0.9781901858866908,0.9990421603777454,0.9362175937942218,0.9779515615139506,0.916477767315467,0.9999944898255192,0.9999986436287912,0.570727766675353,False
5,19,True,5,9,False,0,1.0,0.9999792421401704,0.99997842266145,0.3951475299204919,0.036337010401771,0.0296960015325811,0.6699562625797975,0.9996074746080488,0.9982921292699616,False
6,0,True,5,9,False,0,1.0,1.0,1.0,0.799946601195682,0.7698093281496341,0.6116870631790741,0.2059834816572592,0.998272547004644,0.953193309665853,False
6,1,True,5,9,False,0,1.0,1.0,1.0,0.941065514497259,0.301453834122823,0.3014538336308743,0.0091695241574023,0.2680881230461442,0.996298914690948,False
6,2,True,7,9,False,0,1.0,1.0,1.0,0.9303410457028294,0.0,0.0,0.9999958509611864,0.9977161601932212,0.999911209270001,False
6,3,True,6,9,False,0,1.0,0.9909915382112304,0.9431115108274812,0.7214442123032874,0.1758163870549948,0.1711257078964139,0.7131464371537486,0.9907685492212186,0.8955759620909666,False
6,4,True,7,9,False,0,1.0,1.0,0.999311886293949,0.0,0.9999844995208405,0.0,0.999999942370956,1.0,0.9998672341846429,False
6,5,True,7,9,False,0,0.999992025976921,0.999992646507289,0.9999889087762482,0.7731533192240936,0.9848009868174088,0.763036852926202,0.9999920262893672,0.9999949746983384,0.9999999532158844,False
6,6,True,6,9,False,0,0.9999999747618292,0.99999998894441,0.996600826146356,0.7528004938511779,0.9999665310303149,0.7527808255357433,0.9965272239110214,0.9911456237627811,0.0364648735202738,True
6,7,True,3,9,False,0,0.0,0.1764705869286577,0.0,0.0,0.0,0.0,1.0,1.0,1.0,False
6,8,True,3,9,False,0,0.0,0.0,0.0,0.0,0.0,0.0,0.9999999646890672,1.0,0.99978356635543,False
6,9,True,6,9,False,0,1.0,1.0,1.0,0.9999732939079324,0.6548038103569861,0.6547926265850339,0.8188943299855265,0.4898429281512111,0.9107640525612046,False
6,10,True,4,9,False,0,1.0,0.1776318243808188,0.1776331069552425,1.0,0.1498114799428362,0.1498114799428362,1.0,0.5863981153126733,0.9806450859005644,False
6,11,True,8,9,False,0,1.0,0.9987198991998064,0.0,0.9995193966045474,0.9971297542005708,0.9970217884026658,0.9920295317793384,0.9956903980868016,0.7308049757204222,False
6,12,True,6,9,False,0,1.0,0.996347497267127,0.9893873047425756,0.6909202720741168,0.2567579801965641,0.2183142822323877,1.0,1.0,1.0,False
6,13,True,2,9,False,0,0.1764705882351819,0.1764410124645266,0.1739945478331665,0.1764705882351819,0.1731942073759446,0.1731942073759446,1.0,0.884167671897494,0.2139434618232982,False
6,14,True,3,9,False,0,0.001955303152043,0.0019548949347231,0.0019553789763917,0.0019216529059772,0.0019524999358121,0.0019193004475742,0.881125386855786,0.8190205668970192,0.7080153496413041,False
6,15,True,6,9,False,0,0.9662772786259396,0.9853644645102916,0.0002153450249183,0.8959114029863211,0.9671290247084992,0.8967137156343324,0.4802105234342972,0.5132480348463012,0.9953509963257334,False
6,16,True,3,9,False,0,0.0,0.0,0.0,0.0,0.0,0.0,1.0,1.0,1.0,False
6,17,True,8,9,False,0,0.9662262312663528,0.9662262312663528,0.2426934045060153,0.9662262312663528,0.8444092897824009,0.8444092897824009,0.8682763264778127,1.0,0.8760848384646709,False
6,18,True,8,9,False,0,0.9990416606491392,0.9781901858866908,0.9990421603777454,0.9362175937942218,0.9779515615139506,0.916477767315467,0.9999944898255192,0.9999986436287912,0.570727766675353,False
6,19,True,5,9,False,0,1.0,0.9999790621715542,0.9999775812159656,0.311762076187192,0.0293426919861096,0.0209465168265132,0.6418464265068446,0.9995992778056844,0.9982607963092246,False
7,0,True,5,9,False,0,1.0,1.0,1.0,0.799946601195682,0.7698093281496341,0.6116870631790741,0.2059834816572592,0.998272547004644,0.953193309665853,False
7,1,True,5,9,False,0,1.0,1.0,1.0,0.941065514497259,0.301453834122823,0.3014538336308743,0.0091695241574023,0.2680881230461442,0.996298914690948,False
7,2,True,7,9,False,0,1.0,1.0,1.0,0.9303410457028294,0.0,0.0,0.9999958509611864,0.9977161601932212,0.999911209270001,False
7,3,True,6,9,False,0,1.0,0.9909915382112304,0.9431115108274812,0.7214442123032874,0.1758163870549948,0.1711257078964139,0.7131464371537486,0.9907685492212186,0.8955759620909666,False
7,4,True,7,9,False,0,1.0,1.0,0.999311886293949,0.0,0.9999844995208405,0.0,0.999999942370956,1.0,0.9998672341846429,False
7,5,True,7,9,False,0,0.999992025976921,0.999992646507289,0.9999889200097988,0.7731533192240936,0.9848009868174088,0.763036852926202,0.9999920262893672,0.9999949746983384,0.999999954733533,False
7,6,True,6,9,False,0,0.9999999747618292,0.99999998894441,0.996600826146356,0.7528004938511779,0.9999665310303149,0.7527808255357433,0.9965272239110214,0.9911456237627811,0.0364648735202738,False
7,7,True,3,9,False,0,0.0,0.1764705869286577,0.0,0.0,0.0,0.0,1.0,1.0,1.0,True
7,8,True,3,9,False,0,0.0,0.0,0.0,0.0,0.0,0.0,0.9999999646890672,1.0,0.99978356635543,False
7,9,True,6,9,False,0,1.0,1.0,1.0,0.9999732939079324,0.6548038103569861,0.6547926265850339,0.8188943299855265,0.4898429281512111,0.9107640525612046,False
7,10,True,4,9,False,0,1.0,0.1776318243808188,0.1776331069552425,1.0,0.1498114799428362,0.1498114799428362,1.0,0.5863981153126733,0.9806450859005644,False
7,11,True,8,9,False,0,1.0,0.9989842930161896,0.0,0.9995143897375652,0.9975660898078432,0.9974542926713942,0.9925238806637208,0.9957427815129756,0.7308049749423269,False
7,12,True,6,9,False,0,1.0,0.996347497267127,0.9893873047425756,0.6909202720741168,0.2567579801965641,0.2183142822323877,1.0,1.0,1.0,False
7,13,True,2,9,False,0,0.1764705882351819,0.1764410124645266,0.1739945478331665,0.1764705882351819,0.1731942073759446,0.1731942073759446,1.0,0.884167671897494,0.2139434618232982,False
7,14,True,3,9,False,0,0.001955303152043,0.0019548949347231,0.0019553789763917,0.0019216529059772,0.0019524999358121,0.0019193004475742,0.881125386855786,0.8190205668970192,0.7080153496413041,False
7,15,True,6,9,False,0,0.9662772786259396,0.9853644645102916,0.0002153450249183,0.8959114029863211,0.9671290247084992,0.8967137156343324,0.4802105234342972,0.5132480348463012,0.9953509963257334,False
7,16,True,3,9,False,0,0.0,0.0,0.0,0.0,0.0,0.0,1.0,1.0,1.0,False
7,17,True,8,9,False,0,0.9372326108169426,0.9372326108169426,0.2397953256633951,0.9372326108169426,0.8325798018895882,0.8325798018895882,0.8604812070799713,1.0,0.8751237559253224,False
7,18,True,8,9,False,0,0.9990416606491392,0.9781901858866908,0.9990421603777454,0.9362175937942218,0.9779515615139506,0.916477767315467,0.9999944898255192,0.9999986436287912,0.570727766675353,False
7,19,True,5,9,False,0,1.0,0.9999790621715542,0.9999775812159656,0.311762076187192,0.0293426919861096,0.0209465168265132,0.6418464265068446,0.9995992778056844,0.9982607963092246,False
8,0,True,5,9,False,0,1.0,1.0,1.0,0.799946601195682,0.794551096878568,0.6313461804265053,0.2059834816572592,1.0,0.9540795127592996,False
8,1,True,5,9,False,0,1.0,1.0,1.0,0.941065514497259,0.4125013215264212,0.4125022146841388,0.0091695241574023,0.3871203067753412,0.9963097267327616,False
8,2,True,7,9,False,0,1.0,1.0,1.0,0.9303410457028294,0.0,0.0,0.9999958509611864,0.9977161601932212,0.9999680621720076,False
8,3,True,6,9,False,0,1.0,1.0,0.9431559481001764,0.7214442123032874,0.1758163870549948,0.1711257078964139,0.7131464371537486,0.9914074547936104,0.8955715091169425,False
8,4,True,7,9,False,0,1.0,1.0,0.999311886293949,0.0,0.9999844995208405,0.0,0.999999942370956,1.0,0.9998672341846429,False
8,5,True,7,9,False,0,0.999992025976921,0.9999926799525258,0.9999889200098092,0.7731533192240936,0.9855426189475388,0.7636114776040553,0.9999920262893672,0.9999950179036644,0.9999997398629472,False
8,6,True,6,9,False,0,0.9999999747618292,0.99999998894441,0.8684871582264944,0.7528004938511779,0.9999665310303149,0.7527808255357433,0.9965272239110214,0.9911456306456552,5.204001370517908e-05,False
8,7,True,3,9,False,0,0.0,0.1764705869286577,0.0,0.0,0.0,0.0,1.0,1.0,1.0,False
8,8,True,3,9,False,0,0.0,0.0,0.0,0.0,0.0,0.0,0.9999999646890672,1.0,0.9994240947866668,True
8,9,True,6,9,False,0,1.0,1.0,1.0,0.9999732939079324,0.6548038103569861,0.6547926265850339,0.8188943299855265,0.4898429281836816,0.9107644489711304,False
8,10,True,4,9,False,0,1.0,0.1776318243808188,0.1776331069552425,1.0,0.1498114799428362,0.1498114799428362,1.0,0.5918161918300744,0.9806198276426636,False
8,11,True,8,9,False,0,1.0,0.9989842930161896,0.0,0.9995143897375652,0.9975660898078432,0.9974542926713942,0.9925238806637208,0.9957427815129756,0.7379675839073234,False
8,12,True,6,9,False,0,1.0,1.0,0.9927451328815434,0.6909202720741168,0.2579237468571124,0.2192999005388479,1.0,1.0,1.0,False
8,13,True,2,9,False,0,0.1764705882351819,0.1764410124645266,0.173994611685602,0.1764705882351819,0.1731942073759446,0.1731942073759446,1.0,0.884167671897494,0.2139434618232982,False
8,14,True,3,9,False,0,0.001955303152043,0.0019549524643165,0.0019553789763917,0.0019216529059772,0.0019528370918,0.0019196318707038,0.881125386855786,0.8783245306717891,0.7340829899375474,False
8,15,True,6,9,False,0,0.9662772786259396,0.985385863598114,0.0002153501602328,0.8959114029863211,0.9671521085889652,0.8967350543128465,0.4802105234342972,0.5132481534211577,0.9953703061984002,False
8,16,True,3,9,False,0,0.0,0.0,0.0,0.0,0.0,0.0,1.0,1.0,1.0,False
8,17,True,8,9,False,0,0.9372326108169426,0.9372326108169426,0.2397953332079954,0.9372326108169426,0.8325798018895882,0.8325798018895882,0.8604812070799713,1.0,0.8754078484156038,False
8,18,True,8,9,False,0,0.9990416606491392,0.9781901858867044,0.9990421603777454,0.9362175937942218,0.9779515615139506,0.916477767315467,0.9999944898255192,0.9999986436287912,0.6003695737249954,False
8,19,True,5,9,False,0,1.0,0.9999790612229428,0.999977581232379,0.311762076187192,0.0293198040830151,0.0209301781126859,0.6418464265068446,0.9995954210774988,0.9982608315620564,False
9,0,True,5,9,False,0,1.0,1.0,1.0,0.799946601195682,0.7698093281496341,0.6116870631790741,0.2059834816572592,0.998272547004644,0.9208843798327478,False
9,1,True,5,9,False,0,1.0,1.0,4.88093504763444e-09,0.9422957979941736,0.4029573710808044,0.4029583651595295,0.0091807050482184,0.8285588994235891,1.0,False
9,2,True,7,9,False,0,1.0,1.0,1.0,0.9303352610430704,0.0,0.0,0.9999958509611864,0.9977161601932212,1.0,False
9,3,True,6,9,False,0,1.0,0.9909915382288744,0.9665589018423476,0.7214442123032874,0.1758183331303474,0.1711276845790577,0.7131464371537486,0.9907685527970902,0.8965368333038031,False
9,4,True,7,9,False,0,1.0,1.0,0.9973093269623138,0.0,0.999984878454609,0.0,0.9999999437624856,1.0,0.9430210243248284,False
9,5,True,7,9,False,0,0.999992025976921,0.999992646507289,0.9999889200097988,0.7731533192240936,0.9848009868174088,0.763036852926202,0.9999920262893672,0.9999949746983384,1.0,False
9,6,True,6,9,False,0,0.999999976056546,0.9999999894610044,0.9999999676232086,0.7690300169065125,0.9999893980994804,0.7690272203626541,0.9966812968468676,0.9914805251402932,0.4967088139608555,False
9,7,True,3,9,False,0,0.0,0.1764705869286577,0.0,0.0,0.0,0.0,1.0,1.0,1.0,False
9,8,True,3,9,False,0,0.0,0.0,0.0,0.0,0.0,0.0,0.999999964689068,1.0,0.9996437294690392,False
9,9,True,7,9,False,0,1.0,1.0,1.0,0.9999732939079324,0.7339291408705796,0.7339166048191743,0.8188943299855265,0.819496487213977,0.9394512320359903,True
9,10,True,4,9,False,0,1.0,0.2815504819948281,0.2815201035219655,1.0,0.2511946272107687,0.2511946272107687,1.0,0.2655568558767247,0.9690321967466464,False
9,11,True,7,9,False,0,1.0,0.9990893983139744,0.0,0.9997578343280435,0.9987040883938696,0.998556025505318,0.9935598682319234,0.998838028833448,0.0,False
9,12,True,6,9,False,0,1.0,0.996347497267127,0.9938492489814598,0.6909202720741168,0.2567579875001657,0.2183142884886983,1.0,1.0,1.0,False
9,13,True,2,9,False,0,0.1764705882351819,0.1764410124645266,0.0011489205949353,0.1764705882351819,0.1731942169678815,0.1731942169678815,1.0,0.8862786095160435,0.0068472106344881,False
9,14,True,2,9,False,0,0.001955303152043,0.0019553031528122,0.0019553789760898,0.0019216529059772,0.0019548930924473,0.0019216529320645,0.881125386855786,0.8703473385851144,0.3645006882309674,False
9,15,True,7,9,False,0,0.9662787485681744,0.9853859513951256,0.0002153503076841,0.8959160213205615,0.967151885501375,0.8967381032247017,0.4802227757951092,0.8847459076325284,0.9400258920219348,False
9,16,True,3,9,False,0,0.0,0.0,0.0,0.0,0.0,0.0,1.0,1.0,1.0,False
9,17,True,8,9,False,0,0.9298548254553654,0.9298548254553654,0.2400867297215964,0.9298548254553654,0.8295215911508577,0.8295215911508577,0.8616761043200811,1.0,0.8767517173045647,False
9,18,True,9,9,True,0,0.9990416606491392,0.9781901647853166,0.9990421603777454,0.9362175937942218,0.9779517255030098,0.9164777673644664,0.9999944898255192,0.9999985010255044,0.8616750590621005,False
9,19,True,5,9,False,0,1.0,0.9999790621739594,0.9999809138925088,0.3129177902633488,0.0298082704342097,0.0214402494012098,0.6418464265068446,0.999599328341224,0.996240334156842,False
10,0,True,5,9,False,0,1.0,1.0,1.0,0.799946601195682,0.7698093281496341,0.6116870631790741,0.2059834816572592,0.998272547004644,0.953193309665853,False
10,1,True,5,9,False,0,1.0,1.0,1.0,0.941065514497259,0.3036302207206054,0.3036295816073272,0.0091695241574023,0.2680882142894413,0.9962989148797492,False
10,2,True,7,9,False,0,1.0,1.0,1.0,0.9303410457028294,0.0,0.0,0.9999958509611864,0.998708903217214,0.9999112101268326,False
10,3,True,6,9,False,0,1.0,0.9909915530488498,0.943111738474942,0.7214442123032874,0.1758164034163774,0.1711257210357746,0.7131464371537486,0.990768625651759,0.8957127990579469,False
10,4,True,7,9,False,0,1.0,1.0,0.9993111679217918,0.0,0.9999844995208405,0.0,0.999999942370956,1.0,0.999867234190955,False
10,5,True,7,9,False,0,0.999992025976921,0.999972670522087,0.999964619083294,0.7731533192240936,0.9504971212840216,0.7364577662070355,0.9999920262893672,0.999969169241205,0.999999954882942,False
10,6,True,6,9,False,0,0.9999999747618292,0.99999998894441,0.9966003274805167,0.7528004938511779,0.9818797580616008,0.7391649939412225,0.9965272239110214,0.9151818565071218,0.0354895585727419,False
10,7,True,3,9,False,0,0.0,0.1764705869286577,0.0,0.0,0.0,0.0,1.0,1.0,1.0,False
10,8,True,3,9,False,0,0.0,0.0,0.0,0.0,0.0,0.0,0.9999999646890672,1.0,0.999783595518802,False
10,9,True,6,9,False,0,1.0,1.0,1.0,0.9999732939079324,0.6612416706286353,0.661230375451593,0.8188943299855265,0.5169049397293471,0.9117087663239036,False
10,10,True,9,9,True,0,1.0,1.0,0.9999989123265474,1.0,0.9524039031168569,0.9524039031168569,1.0,0.8589578846202133,0.9856863748908004,True
10,11,True,8,9,False,0,1.0,1.0,1.219755642020252e-06,0.9995143897375652,0.9872550026332992,0.9871443617567583,0.9925238806637208,0.9379413250719942,0.7308048368956983,False
10,12,True,6,9,False,0,1.0,0.996347497267127,0.9893872560205696,0.6909202720741168,0.2567579801965641,0.2183142822323877,1.0,1.0,1.0,False
10,13,True,2,9,False,0,0.176470588235293,0.1758155716927621,0.1739087496605394,0.176470588235293,0.1391338430113358,0.1391338430113358,1.0,0.741608958511179,0.2192718803707642,False
10,14,True,3,9,False,0,0.001955303152043,0.0019458643052988,0.0019553789763917,0.0019216529119829,0.001952485858315,0.0019192866094448,0.881125386855786,0.9371169965138648,0.7115376530904873,False
10,15,True,3,9,False,0,0.9662772786259396,0.0027805008653174,0.0,0.8959114029863211,0.0,0.0,0.4802105234342972,0.5132481895388848,0.9953430596313212,False
10,16,True,3,9,False,0,0.0,0.0,0.0,0.0,0.0,0.0,1.0,1.0,1.0,False
10,17,True,8,9,False,0,0.9372326108169426,0.9372326108169426,0.2397953256633951,0.9372326108169426,0.8325798018895882,0.8325798018895882,0.8604812070799713,1.0,0.8751251730431467,False
10,18,True,8,9,False,0,0.9990416606491392,0.9785284048581318,0.9990421603777454,0.9362175937942218,0.9782896977926996,0.9167946378740116,0.9999944898255192,0.9999986732423694,0.5707288390130509,False
10,19,True,5,9,False,0,1.0,0.9999943450244628,0.9999907055908636,0.311762076187192,0.0291711908377609,0.0208240893515105,0.6418464265068446,0.9990268714664348,0.9982617164325992,False
11,0,True,5,9,False,0,1.0,1.0,1.0,0.799946601195682,0.7698093281496341,0.6116870631790741,0.2059834816572592,0.998272547004644,1.0,False
11,1,True,4,9,False,0,1.0,1.0,1.0,0.941065514497259,0.301453834122823,0.3014538336308743,0.0091695241574023,0.2680881230461442,0.4839587611485416,False
11,2,True,7,9,False,0,1.0,1.0,1.0,0.9303410457028294,0.0,0.0,0.9999958509611864,0.9977161601932212,0.99991185540545,False
11,3,True,4,9,False,0,1.0,0.9909915382112304,0.2972781981093657,0.7214442123032874,0.1758163870549948,0.1711257078964139,0.7131464371537486,0.9907685492212186,0.2440401687967404,False
11,4,True,7,9,False,0,1.0,1.0,0.9867759727848642,0.0,0.9999844995208405,0.0,0.999999942370956,1.0,0.9955390664915128,False
11,5,True,7,9,False,0,0.999992025976921,0.999992646507289,0.9999889200097988,0.7731533192240936,0.9848009868174088,0.763036852926202,0.9999920262893672,0.9999949746983384,0.9999998514223294,False
11,6,True,6,9,False,0,0.9999999747618292,0.99999998894441,0.9990126772091306,0.7528004938511779,0.9999665310303149,0.7527808255357433,0.9965272239110214,0.9911456237627811,0.1486223556733688,False
11,7,True,3,9,False,0,0.0,0.1764705869286577,0.0,0.0,0.0,0.0,1.0,1.0,1.0,False
11,8,True,3,9,False,0,0.0,0.0,0.0,0.0,0.0,0.0,0.9999999646890672,1.0,0.9999536155369422,False
11,9,True,6,9,False,0,1.0,1.0,1.0,0.9999732939079324,0.6548038103569861,0.6547926265850339,0.8188943299855265,0.4898429281512111,0.8295981234779928,False
11,10,True,4,9,False,0,1.0,0.1776318243808188,0.1776331067522215,1.0,0.1498114799428362,0.1498114799428362,1.0,0.5863981153126733,0.9999035275724616,False
11,11,True,9,9,True,0,1.0,0.9989842930161896,0.9997312966890086,0.9995143897375652,0.9975660898078432,0.9974542926713942,0.9925238806637208,0.9957427815129756,0.8648910637449599,True
11,12,True,5,9,False,0,1.0,0.9964088861930472,0.5149884083600522,0.6909202720741168,0.2567579801965641,0.2183142822323877,1.0,1.0,1.0,False
11,13,True,2,9,False,0,0.1764705882351819,0.1764410124645266,0.1751035383518577,0.1764705882351819,0.1731942073759446,0.1731942073759446,1.0,0.884167671897494,0.1420018510338738,False
11,14,True,2,9,False,0,0.001955303152043,0.0019548949347231,0.0019553789763917,0.0019216529059772,0.0019524999358121,0.0019193004475742,0.881125386855786,0.8190205668970192,0.6260155521848331,False
11,15,True,6,9,False,0,0.9662772786259396,0.9853644645102916,0.0,0.8959114029863211,0.9671290247084992,0.8967137156343324,0.4802105234342972,0.5132480348463012,0.8889845549794764,False
11,16,True,3,9,False,0,0.0,0.0,0.0,0.0,0.0,0.0,1.0,1.0,1.0,False
11,17,True,8,9,False,0,0.9372326108169426,0.9372326108169426,0.0003955955859207,0.9372326108169426,0.8325798018895882,0.8325798018895882,0.8604812070799713,1.0,0.9649506959785804,False
11,18,True,8,9,False,0,0.9990416606491392,0.9781901844668413,0.9990421603777454,0.9362175937942218,0.9779515615139506,0.916477767315467,0.9999944898255192,0.9999986436287912,0.1387791631010152,False
11,19,True,5,9,False,0,1.0,0.9999790621715542,0.9999804106617404,0.311762076187192,0.0293426919861096,0.0209465168265132,0.6418464265068446,0.9995992778056844,0.9981763831515896,False
12,0,True,5,9,False,0,1.0,1.0,1.0,0.799946601195682,0.7698093281496341,0.6116870631790741,0.2059834816572592,0.9982725470050982,0.9538377502817216,False
12,1,True,5,9,False,0,1.0,1.0,1.0,0.941065514497259,0.301453834122823,0.3014538336308743,0.0091695241574023,0.2680881230461442,0.996298914690948,False
12,2,True,7,9,False,0,1.0,1.0,1.0,0.9303410457028294,0.0,0.0,0.9999958509611864,0.9977161601932212,0.9999112093837672,False
12,3,True,6,9,False,0,1.0,0.9909973425314996,0.9431120158262076,0.7214442123032874,0.1758505354287113,0.1711589446336093,0.7131464371537486,0.9907912943341568,0.8956293580791044,False
12,4,True,7,9,False,0,1.0,1.0,0.999311886293949,0.0,0.9999844995208405,0.0,0.999999942370956,1.0,0.9998672341846429,False
12,5,True,7,9,False,0,0.999992025976921,0.999992731369878,0.999988923667772,0.7731533192240936,0.9894539277321276,0.7666420135133907,0.9999920262893672,0.999995084325794,0.9999999532351266,False
12,6,True,6,9,False,0,0.9999999747618292,0.9999999889458502,0.9965331075024328,0.7528004938511779,0.9999665607507086,0.7527808479094348,0.9965272239110214,0.991145639191604,0.036466478721288,False
12,7,True,3,9,False,0,0.0,0.176470588235294,0.0,0.0,0.0,0.0,1.0,1.0,1.0,False
12,8,True,3,9,False,0,0.0,0.0,0.0,0.0,0.0,0.0,0.9999999646890672,1.0,0.99978356635543,False
12,9,True,6,9,False,0,1.0,1.0,1.0,0.9999732939079324,0.6548038203057027,0.654792636532078,0.8188943299855265,0.4898429281512113,0.9107759407950596,False
12,10,True,4,9,False,0,1.0,0.17763182826368,0.1776331069552428,1.0,0.1506273123238194,0.1506273123238194,1.0,0.5863987878254373,0.980657222141841,False
12,11,True,8,9,False,0,1.0,0.9987199623280648,0.0,0.9995193966045474,0.9971298064976072,0.9970218406940112,0.9920295317793384,0.9956906143231848,0.7308049794129388,False
12,12,True,6,9,False,0,1.0,0.9988546425229372,0.9921646810423904,0.6909202720741168,0.2577114065280286,0.2191193556353692,1.0,1.0,1.0,True
12,13,True,2,9,False,0,0.176470588235294,0.1764410124645266,0.1739945478331665,0.176470588235294,0.1731942073759446,0.1731942073759446,1.0,0.884167671897494,0.2139434618232982,False
12,14,True,3,9,False,0,0.0019553031523028,0.0019548949347232,0.0019553789763917,0.0019216529081093,0.0019524999358121,0.0019193004475742,0.881125386855786,0.8190205668970192,0.7080212455197108,False
12,15,True,6,9,False,0,0.9662772786259396,0.9853644679111276,0.0002153450256304,0.8959114029863211,0.9671290247084992,0.8967137156343324,0.4802105234342972,0.5132480348463012,0.995350996411652,False
12,16,True,3,9,False,0,0.0,0.0,0.0,0.0,0.0,0.0,1.0,1.0,1.0,False
12,17,True,8,9,False,0,0.9662262312663528,0.9662262312663528,0.2426934045060153,0.9662262312663528,0.8444092897824009,0.8444092897824009,0.8682763264778127,1.0,0.8760848384646709,False
12,18,True,8,9,False,0,0.9990416606491392,0.9783137465754478,0.9990421603777454,0.9362175937942218,0.9780751515178696,0.9165934563608962,0.9999944898255192,0.9999987560723896,0.5707277668851342,False
12,19,True,5,9,False,0,1.0,0.999980283552214,0.9999778577335064,0.311762076187192,0.0293426919861096,0.0209465168265132,0.6418464265068446,0.9997490835134064,0.9982626560935702,False
13,0,True,5,9,False,0,1.0,1.0,1.0,0.799946601195682,0.7698093281496341,0.6116870631790741,0.2059834816572592,0.998272547004644,0.953193309665853,False
13,1,True,5,9,False,0,1.0,1.0,1.0,0.941065514497259,0.301453834122823,0.3014538336308743,0.0091695241574023,0.2680881230461442,0.996298914690948,False
13,2,True,7,9,False,0,1.0,1.0,1.0,0.9303410457028294,0.0,0.0,0.9999958509611864,0.9977161601932212,0.999911209270001,False
13,3,True,6,9,False,0,1.0,0.9909915382112304,0.9431115108274812,0.7214442123032874,0.1758163870549948,0.1711257078964139,0.7131464371537486,0.9907685492212186,0.8955759620909666,False
13,4,True,7,9,False,0,1.0,1.0,0.999311886293949,0.0,0.9999844995208405,0.0,0.999999942370956,1.0,0.9998672341846429,False
13,5,True,7,9,False,0,0.999992025976921,0.999992646507289,0.9999889200097988,0.7731533192240936,0.9848009868174088,0.763036852926202,0.9999920262893672,0.9999949746983384,0.999999954733533,False
13,6,True,6,9,False,0,0.9999999747618292,0.99999998894441,0.996600826146356,0.7528004938511779,0.9999665310303149,0.7527808255357433,0.9965272239110214,0.9911456237627811,0.0364648735202738,False
13,7,True,3,9,False,0,0.0,0.1764705869286577,0.0,0.0,0.0,0.0,1.0,1.0,1.0,False
13,8,True,3,9,False,0,0.0,0.0,0.0,0.0,0.0,0.0,0.9999999646890672,1.0,0.99978356635543,False
13,9,True,6,9,False,0,1.0,1.0,1.0,0.9999732939079324,0.6548038103569861,0.6547926265850339,0.8188943299855265,0.4898429281512111,0.9107640525612046,False
13,10,True,4,9,False,0,1.0,0.1776318243808188,0.1776331069552425,1.0,0.1498114799428362,0.1498114799428362,1.0,0.5863981153126733,0.9806450859005644,False
13,11,True,8,9,False,0,1.0,0.9989842930161896,0.0,0.9995143897375652,0.9975660898078432,0.9974542926713942,0.9925238806637208,0.9957427815129756,0.7308049749423269,False
13,12,True,6,9,False,0,1.0,0.996347497267127,0.9893873047425756,0.6909202720741168,0.2567579801965641,0.2183142822323877,1.0,1.0,1.0,False
13,13,True,2,9,False,0,0.1764705882351819,0.1764410124645266,0.1739945478331665,0.1764705882351819,0.1731942073759446,0.1731942073759446,1.0,0.884167671897494,0.2139434618232982,True
13,14,True,3,9,False,0,0.001955303152043,0.0019548949347231,0.0019553789763917,0.0019216529059772,0.0019524999358121,0.0019193004475742,0.881125386855786,0.8190205668970192,0.7080153496413041,False
13,15,True,6,9,False,0,0.9662772786259396,0.9853644645102916,0.0002153450249183,0.8959114029863211,0.9671290247084992,0.8967137156343324,0.4802105234342972,0.5132480348463012,0.9953509963257334,False
13,16,True,3,9,False,0,0.0,0.0,0.0,0.0,0.0,0.0,1.0,1.0,1.0,False
13,17,True,8,9,False,0,0.9372326108169426,0.9372326108169426,0.2397953256633951,0.9372326108169426,0.8325798018895882,0.8325798018895882,0.8604812070799713,1.0,0.8751237559253224,False
13,18,True,8,9,False,0,0.9990416606491392,0.9781901858866908,0.9990421603777454,0.9362175937942218,0.9779515615139506,0.916477767315467,0.9999944898255192,0.9999986436287912,0.570727766675353,False
13,19,True,5,9,False,0,1.0,0.9999790621715542,0.9999775812159656,0.311762076187192,0.0293426919861096,0.0209465168265132,0.6418464265068446,0.9995992778056844,0.9982607963092246,False
14,0,True,6,9,False,0,1.0,1.0,1.0,0.1634800590497466,0.8045047619321611,0.1206797072243972,0.4958610779244528,0.9983994428273923,0.8186604760206357,False
14,1,True,5,9,False,0,1.0,1.0,1.0,0.7078392693485087,0.6709784367721907,0.4954754308577644,0.7397283014857154,0.32649507810122,0.9966789754306992,False
14,2,True,7,9,False,0,1.0,1.0,1.0,0.9887447201328596,0.0264722204173638,0.0243720528057065,0.9999987455034596,0.9589628636328078,0.999992730292362,False
14,3,True,5,9,False,0,1.0,0.998213052076315,0.0597013335873798,0.7234336068662172,0.5548920224124128,0.4351469133198087,0.8493835888505069,0.9918612821718752,0.8795835668519555,False
14,4,True,7,9,False,0,1.0,1.0,0.9983110598021092,0.7490543316610087,0.8486705510368112,0.6158262502888947,0.9914348170456564,1.0,0.9773478549292692,False
14,5,True,7,9,False,0,0.9999920261499204,0.9999926466467924,0.9999388097831976,0.7731533192240936,0.9848009868174088,0.763036852926202,0.9999920262893672,0.9999949746983384,0.9999998179770664,False
14,6,True,6,9,False,0,0.9999999748882832,0.9999999838004092,0.9994942673581598,0.5699232837397918,0.999990005285059,0.5699198268805992,0.991225917118658,0.9206074010505214,0.3421333577679128,False
14,7,True,3,9,False,0,0.0271483700068987,0.176470588235294,0.0,0.0,0.0,0.0,1.0,1.0,1.0,False
14,8,True,3,9,False,0,0.0,0.0,0.0,0.0,0.0,0.0,1.0,1.0,1.0,False
14,9,True,6,9,False,0,1.0,1.0,1.0,0.9872066456712104,0.5174823735311257,0.5123763787848119,0.5154007216348069,0.8811596788814586,0.9165072475474222,False
14,10,True,5,9,False,0,1.0,0.1899434285717646,0.1899434482815362,1.0,0.1813802108662554,0.1813802108662554,1.0,0.7071838575594231,0.9088492052631488,False
14,11,True,4,9,False,0,1.0,0.7793903344134121,1.0,0.9989928391448916,0.0148695974219534,0.0148670962183433,0.759094899172853,0.6952233780167043,0.4022267197083142,False
14,12,True,6,9,False,0,1.0,0.9989395066939116,0.989460468269514,0.6909202720741168,0.2698112496946736,0.219146672335565,1.0,1.0,1.0,False
14,13,True,4,9,False,0,1.0,0.6848926948814935,0.6957054004112814,1.0,0.684338798800152,0.684338798800152,1.0,0.8841838860095276,0.4308079228352617,False
14,14,True,3,9,False,0,0.4218485496273937,0.4218391042326883,0.4218649423038867,0.4191713488537879,0.4217043937028781,0.4191162195928877,0.9830514039180612,0.9863254404456024,0.8272599660353122,True
14,15,True,7,9,False,0,0.999486650787923,0.9996109340047624,0.0040785045837004,0.9216948716337476,0.9992725531900184,0.9214988390590402,0.7021320838544868,0.2752838584494694,0.9972587470800044,False
14,16,True,3,9,False,0,0.0,0.0,0.0,0.0,0.0,0.0,1.0,1.0,1.0,False
14,17,True,8,9,False,0,1.0,1.0,0.0,1.0,0.999291276485365,0.999291276485365,0.9815496835537492,1.0,1.0,False
14,18,True,7,9,False,0,0.99555640802263,0.9996945628123506,0.9955821359545062,0.2689519010829955,0.9826603005681414,0.2655014669864112,0.9999173824241472,0.9999986548334258,0.7475285641236752,False
14,19,True,5,9,False,0,1.0,0.9998042312768922,0.999805325817516,0.7177961200542704,0.2875604757935838,0.2326444793069194,0.5582542523290938,0.999366974708809,0.993195486188534,False
15,0,True,5,9,False,0,1.0,1.0,1.0,0.7999829906511832,0.7698100006322841,0.6116875969416685,0.2062686222862679,0.9985599083735476,0.9595347443277984,False
15,1,True,5,9,False,0,1.0,1.0,1.0,0.94106551811884,0.3014538341228845,0.3014538336309295,0.0091774494587477,0.2684725427873509,0.9963101146777548,False
15,2,True,7,9,False,0,1.0,1.0,1.0,0.9303410457028294,0.0,0.0,0.9999958509611864,0.9977605263574068,0.9999112117230377,False
15,3,True,6,9,False,0,1.0,0.99765055092618,0.949444659339424,0.7232838382888128,0.1758332632242281,0.1711435036881786,0.7131869405671746,0.9908186838490728,0.8957228314465251,False
15,4,True,7,9,False,0,1.0,1.0,0.9993118862939518,0.0,0.9999844995208405,0.0,0.999999942370956,1.0,0.9998672341969712,False
15,5,True,7,9,False,0,0.999992025976921,0.999992646507289,0.9999889200097988,0.7731533192240936,0.9848009868174088,0.763036852926202,0.9999920262893672,0.9999949746983384,0.999999954733533,False
15,6,True,6,9,False,0,0.9999999749600365,0.9999999891327442,0.9966008262775566,0.7528004938511779,0.9999665886921286,0.7527808255357433,0.9966756986650837,0.9912980877501846,0.0365374317814819,False
15,7,True,3,9,False,0,0.0,0.2074320304932657,0.0,0.0,0.0,0.0,1.0,1.0,1.0,False
15,8,True,3,9,False,0,0.0,0.0,0.0,0.0,0.0,0.0,0.9999999646911564,1.0,0.9997835690639056,False
15,9,True,7,9,False,0,1.0,1.0,1.0,0.9999732939079324,0.6548038103569861,0.6547926265850338,0.8188943299855265,0.8254236265974484,0.9160104234993932,False
15,10,True,4,9,False,0,1.0,0.1813345632879127,0.1813358335224932,1.0,0.1534237826392621,0.1534237826392621,1.0,0.5992259433724981,0.9806709789661308,False
15,11,True,8,9,False,0,1.0,0.9995785653290556,0.0,0.9995135799861752,0.9994308216935616,0.9992826521156142,0.9925358301399004,0.9957880280495188,0.7308049783894464,False
15,12,True,6,9,False,0,1.0,0.9964061510144973,0.9955969873224192,0.6909202720741168,0.256876708425269,0.2183142822323877,1.0,1.0,1.0,False
15,13,True,8,9,False,0,0.8235294117636767,0.8233948009836283,0.8124145482010559,0.8235294117636767,0.8082396362887858,0.8082396362887858,1.0,0.8896002435232212,0.2153451797684482,False
15,14,True,3,9,False,0,0.001955303152043,0.0019548949347231,0.0019553789763917,0.0019216529059772,0.0019524999358121,0.0019193004475742,0.8811257122546461,0.8190205838158809,0.7080179841593293,False
15,15,True,6,9,False,0,0.9662772786259396,0.985364464567982,0.0002153450249183,0.8959114029863211,0.9671290247084992,0.8967137156343324,0.5186574683556286,0.5173550707137882,0.9994126491153672,True
15,16,True,3,9,False,0,0.0,0.0,0.0,0.0,0.0,0.0,1.0,1.0,1.0,False
15,17,True,8,9,False,0,0.9298548254553654,0.9298548254553654,0.2390522332182079,0.9298548254553654,0.8295215834253098,0.8295215834253098,0.8584914320491037,1.0,0.869662816232335,False
15,18,True,8,9,False,0,0.9990416606491392,0.9781901858866908,0.9990421603777454,0.9362175937942218,0.9779515615139506,0.916477767315467,0.9999944898255192,0.9999986436287912,0.5707280362064434,False
15,19,True,5,9,False,0,1.0,0.999979062467378,0.9999775850185422,0.311762076187192,0.0293426919861096,0.0209465168265132,0.6418464265068446,0.9995993405236824,0.9982610425543328,False
16,0,True,3,9,False,0,1.0,1.0,0.7266232484182992,0.0,0.1399021129885255,0.0,0.0056445239423055,0.9983017662167412,0.0,False
16,1,True,2,9,False,0,1.0,1.0,0.1678380530155684,0.700860682045041,0.1647241163491647,0.1522098806331793,0.1314349179262308,0.2954137642210775,0.0,False
16,2,True,4,9,False,0,1.0,1.0,0.2199638571341547,0.2375401946190934,0.0300143703638022,0.0008638323454221,0.9999723755461244,0.9976571097951776,0.0,False
16,3,True,2,9,False,0,0.4291286915367533,0.5467000688209532,0.0556236091246712,0.3858134906443823,0.1403394268838738,0.1394225243426872,0.5741522590359949,0.9908499182291092,1.0,False
16,4,True,4,9,False,0,1.0,1.0,0.0,0.0,0.1866150189924091,0.0,0.9652488677156676,1.0,0.455312571186959,False
16,5,True,4,9,False,0,0.8342595544081244,0.992097970175149,0.0004044336920091,0.7562881696449597,0.7966439888347578,0.7496543485289314,0.8345775770633552,0.999994974699641,0.0,False
16,6,True,5,9,False,0,0.9970045883882594,0.999550361127147,9.642637296237771e-11,0.0,0.998352161364324,0.0,0.8359046467747501,0.981659563130078,5.7934893247235664e-05,False
16,7,True,3,9,False,0,0.0,0.1764697397094126,0.0,0.0,0.0,0.0,1.0,1.0,1.0,False
16,8,True,2,9,False,0,0.0,0.0,0.0,0.0,0.0,0.0,0.9999999668139102,1.0,0.6780483524285941,False
16,9,True,3,9,False,0,1.0,1.0,0.460425561547146,0.8049308192485732,0.2271167338858333,0.2225872591407687,0.0485445675802622,0.5465591795130261,0.347406774776584,False
16,10,True,3,9,False,0,1.0,0.1776332823606879,0.1044037121384662,1.0,0.1536610459007639,0.1536610459007639,1.0,0.2902387996938969,0.4638688960426262,False
16,11,True,4,9,False,0,1.0,1.0,0.0,0.294806974538597,0.8920122815559826,0.2875023518338726,0.4333451372183521,0.9954564357794208,0.0,False
16,12,True,3,9,False,0,0.000585865856473,0.0066705370980577,0.000585865856473,0.000250405272165,0.0,0.0,1.0,1.0,1.0,False
16,13,True,3,9,False,0,0.0,0.0,0.0,0.0,0.0,0.0,1.0,1.0,1.0,False
16,14,True,2,9,False,0,0.0293692770211955,0.0293623797576567,0.0,0.0288713127397769,0.0101883095817358,0.010017544747378,0.9511173523984212,0.8147557471544754,0.0,False
16,15,True,5,9,False,0,0.94368064112773,0.9670352180225834,0.0,0.8457150926343437,0.9514059953111984,0.852636978269795,0.2739708511008355,0.6429365890653645,0.0,False
16,16,True,9,9,True,0,1.0,1.0,0.9890355474018304,1.0,1.0,1.0,1.0,1.0,0.9948393213515572,True
16,17,True,2,9,False,0,0.6710581540120101,0.0093323370431934,0.0,0.6710581540120101,0.0105547950505491,0.0105547950505491,0.7653065174704485,1.0,0.2661374029460517,False
16,18,True,5,9,False,0,0.9587166121250882,0.938467766011051,0.0,0.2094463339175022,0.938537752860823,0.205145243602043,0.9997621546292736,0.9999986413263832,0.0,False
16,19,True,3,9,False,0,1.0,0.9999621943370314,0.1968375858393078,0.2983337481742899,0.1079033409489685,0.0965737291275521,0.4308617641929011,0.9995936097936636,0.1078618098462831,False
17,0,True,5,9,False,0,1.0,1.0,1.0,0.799946601195682,0.7698093281496341,0.6116870631790741,0.2059834816572592,0.998272547004644,0.953193309665853,False
17,1,True,4,9,False,0,1.0,1.0,1.0,0.941065514497259,0.301453834122823,0.3014538336308743,0.0091695241574023,0.2680881230461442,0.1784893969337706,False
17,2,True,7,9,False,0,1.0,1.0,1.0,0.9303410457028294,0.0,0.0,0.9999958509611864,0.9977161601932212,0.9974456600996856,False
17,3,True,4,9,False,0,1.0,0.9909915382112304,0.5110131634089048,0.7214442123032874,0.1758163870549948,0.1711257078964139,0.7131464371537486,0.9907685492212186,0.2364864167762879,False
17,4,True,7,9,False,0,1.0,1.0,0.9534035497002534,0.0,0.9999844995208405,0.0,0.999999942370956,1.0,0.9996018936235692,False
17,5,True,7,9,False,0,0.999992025976921,0.999992646507289,0.9999889200097988,0.7731533192240936,0.9848009868174088,0.763036852926202,0.9999920262893672,0.9999949746983384,0.9999999273134343,False
17,6,True,6,9,False,0,0.9999999747618292,0.99999998894441,0.9971723716117912,0.7528004938511779,0.9999665310303149,0.7527808255357433,0.9965272239110214,0.9911456237627811,0.104910603063081,False
17,7,True,3,9,False,0,0.0,0.1764705869286577,0.0,0.0,0.0,0.0,1.0,1.0,1.0,False
17,8,True,3,9,False,0,0.0,0.0,0.0,0.0,0.0,0.0,0.9999999646890672,1.0,0.9990209619285104,False
17,9,True,5,9,False,0,1.0,1.0,1.0,0.9999732939079146,0.6548038103569861,0.6547926265850339,0.8188943299855265,0.4898429281512111,0.2530308877711735,False
17,10,True,4,9,False,0,1.0,0.1776332072037012,0.1776319637529818,1.0,0.1498114799428362,0.1498114799428362,1.0,0.5863981153126733,0.9806585817931798,False
17,11,True,9,9,True,0,1.0,0.9989842930161896,0.9997312966890086,0.9995143897375652,0.9975660898078432,0.9974542926713942,0.9925238806637208,0.9957427815129756,0.736555349116357,False
17,12,True,5,9,False,0,1.0,0.9964088737584644,0.450046116616576,0.6909202720741168,0.2567579801965641,0.2183142822323877,1.0,1.0,1.0,False
17,13,True,2,9,False,0,0.1764705882351819,0.1764410124645266,0.0466344691443372,0.1764705882351819,0.1731942073759446,0.1731942073759446,1.0,0.884167671897494,0.2188088198672597,False
17,14,True,2,9,False,0,0.001955303152043,0.0019548949347231,0.0019553789763917,0.0019216529059772,0.0019524999358121,0.0019193004475742,0.881125386855786,0.8190205668970192,0.3987101098546509,False
17,15,True,6,9,False,0,0.9662772786259396,0.9853644645102916,0.0002153450249183,0.8959114029863211,0.9671290247084992,0.8967137156343324,0.4802105234342972,0.5132480348463012,0.9953510096488356,False
17,16,True,3,9,False,0,0.0,0.0,0.0,0.0,0.0,0.0,1.0,1.0,1.0,False
17,17,True,9,9,True,0,0.9374784909158338,0.9372326108169426,0.936950840380808,0.9372326108169426,0.8325798018895882,0.8325798018895882,0.8604812070799713,1.0,0.9011829623363488,True
17,18,True,8,9,False,0,0.9990416606491392,0.9781902224325344,0.9990421603777454,0.9362175937942218,0.9779515615139506,0.916477767315467,0.9999944898255192,0.9999986436287912,0.3595374713829034,False
17,19,True,5,9,False,0,1.0,0.9999790621715542,0.9999806129529456,0.311762076187192,0.0293426919861096,0.0209465168265132,0.6418464265068446,0.9995992778056844,0.9984546394905034,False
18,0,True,5,9,False,0,1.0,1.0,1.0,0.799946601195682,0.7698093281496341,0.6116870631790741,0.2059834816572592,0.998272547004644,1.0,False
18,1,True,5,9,False,0,1.0,1.0,1.0,0.941065514497259,0.301453834122823,0.3014538336308743,0.0091695241574023,0.2680881230461442,0.9473794080473634,False
18,2,True,6,9,False,0,1.0,1.0,0.2126255380200859,0.9303410457028294,0.0,0.0,0.9999958509611864,0.9977161601932212,0.9999111060958018,False
18,3,True,6,9,False,0,1.0,0.9909915382112304,0.9553495838923968,0.7214442123032874,0.1758163870549948,0.1711257078964139,0.7131464371537486,0.9907685492212186,0.8623414677719723,False
18,4,True,7,9,False,0,1.0,1.0,0.9996751845569704,0.0,0.9999844995208405,0.0,0.999999942370956,1.0,0.9997374711651998,False
18,5,True,7,9,False,0,0.999992025976921,0.999992646507289,0.9999889200097988,0.7731533192240936,0.9848009868174088,0.763036852926202,0.9999920262893672,0.9999949746983384,0.9999999984818552,False
18,6,True,5,9,False,0,0.9999999747618292,0.9999999889458502,0.7849559640552082,0.7528004938511779,0.9999665310303149,0.7527808255357433,0.9965272239110214,0.9911456237627811,0.0433435404389297,False
18,7,True,3,9,False,0,0.0,0.1764705869286577,0.0,0.0,0.0,0.0,1.0,1.0,1.0,False
18,8,True,3,9,False,0,0.0,0.0,0.0,0.0,0.0,0.0,0.9999999646890672,1.0,0.9993869780096304,False
18,9,True,5,9,False,0,1.0,1.0,1.0,0.9999732939079324,0.6548038103569861,0.6547926265850339,0.8188943299855265,0.4898429281512111,0.6777664200511007,False
18,10,True,4,9,False,0,1.0,0.1776318243808188,0.1776300433952987,1.0,0.1498114799428362,0.1498114799428362,1.0,0.5863981153126733,0.8949186492809884,False
18,11,True,8,9,False,0,1.0,0.9989842930161896,0.0,0.9995143897375652,0.9975660898078432,0.9974542926713942,0.9925238806637208,0.9957427815129756,0.7289011040708087,False
18,12,True,6,9,False,0,1.0,0.996347497267127,0.9929604859614248,0.6909202720741168,0.2567579801965641,0.2183142822323877,1.0,1.0,1.0,False
18,13,True,2,9,False,0,0.1764705882351819,0.1764410124645266,0.1742837398300388,0.1764705882351819,0.1731942073759446,0.1731942073759446,1.0,0.884167671897494,0.151330364286802,False
18,14,True,3,9,False,0,0.0019553031523028,0.0019548949347231,0.0019553789763917,0.0019216529059772,0.0019524999358121,0.0019193004475742,0.881125386855786,0.8190205668970192,0.925920640066108,False
18,15,True,6,9,False,0,0.9662772786259396,0.9853644645102916,0.0002064044923416,0.8959114029863211,0.9671290247084992,0.8967137156343324,0.4802105234342972,0.5132480348463012,0.9966261646483076,False
18,16,True,3,9,False,0,0.0,0.0,0.0,0.0,0.0,0.0,1.0,1.0,1.0,False
18,17,True,8,9,False,0,0.9372326108169426,0.9372326108169426,0.286587323134723,0.9372326108169426,0.8325798018895882,0.8325798018895882,0.8604812070799713,1.0,0.8752115665678805,False
18,18,True,9,9,True,0,0.9990416606491392,0.978190223168904,0.9990421603777454,0.9362175937942218,0.9779515615139506,0.916477767315467,0.9999944898255192,0.9999986436287912,0.9921168140892636,True
18,19,True,5,9,False,0,1.0,0.9999790621715542,0.9999584103647824,0.311762076187192,0.0293426919861096,0.0209465168265132,0.6418464265068446,0.9995992778056844,0.960755668443802,False
19,0,True,5,9,False,0,1.0,1.0,1.0,0.799946601195682,0.7698093281496341,0.6116870631790741,0.2059834816572592,0.998272547004644,0.953193309665853,False
19,1,True,5,9,False,0,1.0,1.0,1.0,0.941065514497259,0.301453834122823,0.3014538336308743,0.0091695241574023,0.2680881230461442,0.996298914690948,False
19,2,True,7,9,False,0,1.0,1.0,1.0,0.9303410457028294,0.0,0.0,0.9999958509611864,0.9977161601932212,0.999911209270001,False
19,3,True,6,9,False,0,1.0,0.9909915382112304,0.9431115108274812,0.7214442123032874,0.1758163870549948,0.1711257078964139,0.7131464371537486,0.9907685492212186,0.8955759620909666,False
19,4,True,7,9,False,0,1.0,1.0,0.999311886293949,0.0,0.9999844995208405,0.0,0.999999942370956,1.0,0.9998672341846429,False
19,5,True,7,9,False,0,0.999992025976921,0.999992646507289,0.9999889087762482,0.7731533192240936,0.9848009868174088,0.763036852926202,0.9999920262893672,0.9999949746983384,0.9999999532158844,False
19,6,True,6,9,False,0,0.9999999747618292,0.99999998894441,0.996600826146356,0.7528004938511779,0.9999665310303149,0.7527808255357433,0.9965272239110214,0.9911456237627811,0.0364648735202738,False
19,7,True,3,9,False,0,0.0,0.1764705869286577,0.0,0.0,0.0,0.0,1.0,1.0,1.0,False
19,8,True,3,9,False,0,0.0,0.0,0.0,0.0,0.0,0.0,0.9999999646890672,1.0,0.99978356635543,False
19,9,True,6,9,False,0,1.0,1.0,1.0,0.9999732939079324,0.6548038103569861,0.6547926265850339,0.8188943299855265,0.4898429281512111,0.9107640525612046,False
19,10,True,4,9,False,0,1.0,0.1776318243808188,0.1776331069552425,1.0,0.1498114799428362,0.1498114799428362,1.0,0.5863981153126733,0.9806450859005644,False
19,11,True,8,9,False,0,1.0,0.9987198991998064,0.0,0.9995193966045474,0.9971297542005708,0.9970217884026658,0.9920295317793384,0.9956903980868016,0.7308049757204222,False
19,12,True,6,9,False,0,1.0,0.996347497267127,0.9893873047425756,0.6909202720741168,0.2567579801965641,0.2183142822323877,1.0,1.0,1.0,False
19,13,True,2,9,False,0,0.1764705882351819,0.1764410124645266,0.1739945478331665,0.1764705882351819,0.1731942073759446,0.1731942073759446,1.0,0.884167671897494,0.2139434618232982,False
19,14,True,3,9,False,0,0.001955303152043,0.0019548949347231,0.0019553789763917,0.0019216529059772,0.0019524999358121,0.0019193004475742,0.881125386855786,0.8190205668970192,0.7080153496413041,False
19,15,True,6,9,False,0,0.9662772786259396,0.9853644645102916,0.0002153450249183,0.8959114029863211,0.9671290247084992,0.8967137156343324,0.4802105234342972,0.5132480348463012,0.9953509963257334,False
19,16,True,3,9,False,0,0.0,0.0,0.0,0.0,0.0,0.0,1.0,1.0,1.0,False
19,17,True,8,9,False,0,0.9662262312663528,0.9662262312663528,0.2426934045060153,0.9662262312663528,0.8444092897824009,0.8444092897824009,0.8682763264778127,1.0,0.8760848384646709,False
19,18,True,8,9,False,0,0.9990416606491392,0.9781901858866908,0.9990421603777454,0.9362175937942218,0.9779515615139506,0.916477767315467,0.9999944898255192,0.9999986436287912,0.570727766675353,False
19,19,True,5,9,False,0,1.0,0.9999790621715542,0.9999775812159656,0.311762076187192,0.0293426919861096,0.0209465168265132,0.6418464265068446,0.9995992778056844,0.9982607963092246,True
