source,target,parsed,met,requirements,certified,uncovered,worst_goal1,worst_goal2,worst_goal3,worst_seq_1_before_2,worst_seq_2_before_3,worst_complete_sequence,worst_avoid_moving_seg1,worst_avoid_moving_seg2,worst_avoid_moving_seg3
0,0,True,7,9,False,0,1.0,1.0,1.0,0.7986567289913318,0.9335550653141801,0.7417816329047682,0.9528759764780116,0.9986320841540368,0.9609473965065277
0,1,True,6,9,False,0,1.0,1.0,1.0,0.6537201589235999,0.6639918476508971,0.4341309589970018,0.9413607558305714,0.9964516546456181,0.9974267696893416
0,2,True,7,9,False,0,1.0,1.0,1.0,0.9456862443930387,0.7873745635243932,0.7330955957775358,0.9999961412809337,0.9998883789955639,0.9999942136327595
0,3,True,6,9,False,0,1.0,0.9977281419675246,0.9777752457573474,0.7234475318437765,0.4623349516568491,0.3536563202154076,0.9872655912987731,0.9911273440118527,0.903008259731361
0,4,True,8,9,False,0,1.0,1.0,1.0,0.82066906392064,0.9314230037317373,0.7637668928022238,0.9990399024536954,1.0,1.0
0,5,True,7,9,False,0,1.0,1.0,1.0,0.7731533182601114,0.9848009855044887,0.7630368520211905,0.9999999972209946,0.9999999984403043,0.9999999547335401
0,6,True,7,9,False,0,1.0,1.0,1.0,0.7528033784420349,0.999982007599952,0.7527927247002912,0.9965379593069119,0.9911485774289776,0.8480133702499265
0,7,True,7,9,False,0,1.0,1.0,1.0,0.7925628097396481,0.9891764591024508,0.7874130850023662,1.0,1.0,1.0
0,8,True,9,9,True,0,1.0,1.0,1.0,0.9922019259496142,0.996829361125013,0.9890568547326709,0.9999979403104042,1.0,0.9993859647719552
0,9,True,7,9,False,0,1.0,1.0,1.0,0.9999732893728068,0.6548059629650722,0.6547947993420892,0.8188943368456099,0.8271664831935989,0.9201088216844109
0,10,True,9,9,True,0,1.0,1.0,1.0,1.0,0.9520927071600618,0.9520927071600618,1.0,0.8569176366419881,0.9850634287076198
0,11,True,9,9,True,0,1.0,1.0,1.0,0.9997944570968798,0.998433371231573,0.9983323307147689,0.9938670854067271,0.9999897499077096,0.8151100906389561
0,12,True,7,9,False,0,1.0,1.0,1.0,0.6915647299193738,0.8235139093630716,0.5695216204605308,1.0,1.0,1.0
0,13,True,9,9,True,0,1.0,1.0,1.0,1.0,0.9940027266807463,0.9940027266807463,1.0,0.9091386650356208,1.0
0,14,True,9,9,True,0,1.0,1.0,1.0,0.996358511400407,0.9693705013024273,0.9673163354826885,0.9789691124220776,0.9256169352819241,0.7834601995012316
0,15,True,9,9,True,0,1.0,1.0,1.0,0.92911327855724,1.0,0.9291142852660875,1.0,0.9852757578527102,0.9974080316601479
0,16,True,9,9,True,0,1.0,1.0,1.0,1.0,1.0,1.0,1.0,1.0,0.9856071798132346
0,17,True,9,9,True,0,1.0,1.0,1.0,1.0,0.818095747355716,0.818095747355716,0.8863522497167324,0.9999204357393039,0.90550189807935
0,18,True,7,9,False,0,1.0,1.0,1.0,0.7723467522378111,0.9988199080221839,0.7714636940158413,0.9999983633866661,0.9999999963725992,0.9987463682796509
0,19,True,6,9,False,0,1.0,1.0,1.0,0.6260457643033137,0.7198880936909915,0.5146994843369593,0.9163381364220178,0.9996387263556588,0.9984118751730986
1,0,True,5,9,False,0,1.0,1.0,1.0,0.7999829906511683,0.771268986330536,0.6128471404499765,0.21259241834750653,0.9983776545516382,0.9563009840008281
1,1,True,8,9,False,0,1.0,1.0,1.0,0.9735953800764641,0.8960676779251471,0.8960676683944411,0.5992938924238109,0.8455000576923033,0.996857713380053
1,2,True,7,9,False,0,1.0,1.0,1.0,0.9374921740466502,0.6782023478974728,0.6243927760019448,0.9999959902618362,0.999213140359225,0.999990274708882
1,3,True,6,9,False,0,1.0,0.9977402475576908,0.9504044866205117,0.7233064267913207,0.17583121797932666,0.17114139536200723,0.7131857171887797,0.9908107468305151,0.8981132073020185
1,4,True,7,9,False,0,1.0,1.0,1.0,0.0,0.9999844996489662,0.0,0.9999999434729215,1.0,1.0
1,5,True,7,9,False,0,0.9999920261499204,0.9999926466467923,0.9999889200602204,0.7731533192240936,0.9848009868174087,0.763036852926202,0.9999920262893673,0.9999949746983385,0.9999999547335338
1,6,True,6,9,False,0,0.9999999895732917,0.999999995433231,0.9999256696513069,0.7528004938511779,0.9999667463681351,0.7527808256984195,0.9965275252374693,0.9911456680528871,0.484468448013053
1,7,True,3,9,False,0,0.02714815831856833,0.17647058823529405,0.02714815831856833,0.0,0.027148191034370384,0.0,1.0,1.0,1.0
1,8,True,8,9,False,0,1.0,1.0,0.0,0.9904788000886023,0.9999541741586894,0.9921573028538545,0.999999969056908,1.0,0.9997837389833398
1,9,True,7,9,False,0,1.0,1.0,1.0,0.9999732939079324,0.6548038103569861,0.6547926265850339,0.8188943299855265,0.7101038753059636,0.9123765926569877
1,10,True,4,9,False,0,1.0,0.18993486776547547,0.18993528040352137,1.0,0.1618141896098434,0.1618141896098434,1.0,0.5982127300302191,0.9807116396509594
1,11,True,8,9,False,0,1.0,0.9995458915503181,0.0,0.9997522864700938,0.9979496081882333,0.9978428265632976,0.9928793732152089,0.9980437454224542,0.7319200521314507
1,12,True,6,9,False,0,1.0,0.9989412715557362,0.9922652915772304,0.6913651824417043,0.2589540737291467,0.22035071763638792,1.0,1.0,1.0
1,13,True,9,9,True,0,1.0,0.9999723884493981,0.9999727223270649,1.0,0.9979980389675356,0.9979980389675356,1.0,0.8961555900075417,1.0
1,14,True,3,9,False,0,0.03669024263968835,0.036683124043942486,0.036713749896897595,0.036037990313947714,0.036520885177289686,0.03590791537558835,0.8953550435655986,0.8657901089164506,0.7353531083228031
1,15,True,6,9,False,0,0.9971847096384621,0.9995613843853981,0.0032073294351221593,0.9348865975422507,0.9971602631937212,0.934863683931088,0.4816408038992085,0.5267066043896318,0.9971386779035445
1,16,True,3,9,False,0,0.0,0.0,0.0,0.0,0.0,0.0,1.0,1.0,1.0
1,17,True,9,9,True,0,1.0,1.0,1.0,1.0,0.8510791020182704,0.8510791020182704,0.8654975673033375,1.0,0.8849507143442745
1,18,True,9,9,True,0,0.9992817871343151,0.999441270643378,0.9992817312113338,0.9370168541827539,0.9870004755474269,0.9255039782978953,0.9999963711605946,0.9999995465062612,0.9984938979874068
1,19,True,5,9,False,0,1.0,1.0,0.9999940442491024,0.4077406310103982,0.3595877026216314,0.24399918394410725,0.6739888896607286,0.9996084852691823,0.9982950790048495
2,0,True,7,9,False,0,1.0,1.0,1.0,0.7935186827966061,0.9281112232056361,0.7417816309990708,0.940867633519915,0.9940332012600136,0.9529481342360717
2,1,True,6,9,False,0,1.0,1.0,1.0,0.653543675397262,0.6639242200927158,0.43392043140105185,0.9400186394005179,0.9962473131883726,0.9973315455316473
2,2,True,7,9,False,0,1.0,1.0,1.0,0.9310626547127714,0.7873745635243932,0.7330955957775358,0.9999952718213736,0.9998864877814518,0.9999941765488418
2,3,True,6,9,False,0,0.9935948925006006,0.9928833540416523,0.9774392901460538,0.7211383441874325,0.4610695819631082,0.35345289818750436,0.9795999281443667,0.9908527509730586,0.9020950312297917
2,4,True,8,9,False,0,1.0,1.0,1.0,0.8206668648910145,0.9307359843728795,0.7637668928022238,0.9989602569605884,1.0,1.0
2,5,True,7,9,False,0,1.0,1.0,1.0,0.7731533192240934,0.9788910933626738,0.7630368510592159,0.9999999914823998,0.9999999980987373,0.9999999523450306
2,6,True,7,9,False,0,1.0,1.0,1.0,0.752796091111572,0.9883583224342459,0.7448456953100469,0.9957725149730998,0.9879091963087077,0.839518714617518
2,7,True,7,9,False,0,1.0,1.0,1.0,0.7925628097385392,0.988557786869483,0.7874130850023662,1.0,1.0,1.0
2,8,True,9,9,True,0,0.9933345914176155,1.0,0.993334591870795,0.9922027617068039,0.990185084533261,0.9890568434460923,0.9999896407483136,1.0,0.9993551347334407
2,9,True,7,9,False,0,1.0,1.0,1.0,0.9998233071994992,0.6362373376641973,0.6361746744993619,0.8128033564462676,0.8106775055480279,0.9181939539818461
2,10,True,9,9,True,0,1.0,1.0,1.0,1.0,0.9166712414060492,0.9166712414060492,1.0,0.8326926820343826,0.9836489155222217
2,11,True,9,9,True,0,1.0,1.0,1.0,0.9997933622011214,1.0,0.9997934307535367,0.992953862142531,0.9999886198949888,0.800789798826907
2,12,True,7,9,False,0,1.0,1.0,1.0,0.6915647299193738,0.8234985983348078,0.5695216204605308,1.0,1.0,1.0
2,13,True,9,9,True,0,1.0,1.0,1.0,1.0,0.9610699416382308,0.9610699416382308,1.0,0.9025267124771337,1.0
2,14,True,9,9,True,0,1.0,1.0,1.0,0.9962767491272055,0.960797804665758,0.9591776035525842,0.9773786211541845,0.9137207047878942,0.7761904452584724
2,15,True,9,9,True,0,1.0,1.0,1.0,0.92911327855724,1.0,0.9291142852660875,1.0,0.9851902821011019,0.9971853950368267
2,16,True,9,9,True,0,1.0,1.0,1.0,1.0,1.0,1.0,1.0,1.0,0.9838687653933796
2,17,True,9,9,True,0,1.0,1.0,1.0,1.0,0.8180590763305464,0.8180590763305464,0.8740749835179085,0.9999090927924489,0.8968399932423505
2,18,True,7,9,False,0,1.0,1.0,1.0,0.7723469083206917,0.9987893792960504,0.7714636940158413,0.9999970219628059,0.9999315502278111,0.9983360207359024
2,19,True,6,9,False,0,1.0,1.0,1.0,0.6224677814370699,0.7110341016261248,0.5146978337203678,0.9103621277116698,0.9990516017839512,0.9984015803435391
3,0,True,7,9,False,0,1.0,1.0,1.0,0.7986567289913318,0.9335550653141801,0.7417816329047682,0.9528759764780116,0.9986320841540368,0.9609473965065277
3,1,True,6,9,False,0,1.0,1.0,1.0,0.6537208931332896,0.6635926377538677,0.43386930426818027,0.9413607558305714,0.8463363156730391,0.997370506076331
3,2,True,7,9,False,0,1.0,1.0,1.0,0.9456862443930387,0.7873745635243932,0.7330955957775358,0.9999961412809337,0.9992316076093579,0.9999942093725008
3,3,True,6,9,False,0,1.0,0.9977480595300766,0.9744996107894871,0.7234475318437765,0.46412917659984276,0.35502854534998696,0.9872655912987731,0.9908388879974336,0.8995761867973282
3,4,True,8,9,False,0,1.0,1.0,1.0,0.82066906392064,0.9314230037317373,0.7637668928022238,0.9990399024536954,1.0,1.0
3,5,True,7,9,False,0,1.0,0.9999960168715842,0.999995064177501,0.7731533182601114,0.9848009855044887,0.7630368520211905,0.9999999972209946,0.9999949746983905,0.9999999547335359
3,6,True,7,9,False,0,1.0,1.0,1.0,0.7528033784421365,0.9999700333475067,0.7527837104155511,0.9965379593069119,0.9911457972249377,0.8480124440113724
3,7,True,7,9,False,0,1.0,1.0,1.0,0.7925628097396481,0.9891764591024508,0.7874130850023662,1.0,1.0,1.0
3,8,True,9,9,True,0,1.0,1.0,1.0,0.9922019259496142,0.996829361125013,0.9890568547326709,0.9999979403104042,1.0,0.9993859647719552
3,9,True,7,9,False,0,1.0,1.0,1.0,0.9999732893728068,0.6548038231727211,0.6547926599829921,0.8188943368456099,0.7101045231484007,0.915769241420417
3,10,True,4,9,False,0,1.0,0.18993486776547547,0.1899350162528565,1.0,0.1618141896098434,0.1618141896098434,1.0,0.5982127300302191,0.9807359278142024
3,11,True,9,9,True,0,1.0,0.99957564405716,0.9999877014858178,0.9997944570969018,0.9979496081720627,0.9978486184915023,0.9938670854067271,0.9980884717005712,0.8150576970915743
3,12,True,7,9,False,0,1.0,0.9994343021456545,0.99941637660942,0.6915647299193738,0.8229427036359249,0.5691265882939733,1.0,1.0,1.0
3,13,True,9,9,True,0,1.0,0.9999730322166255,0.9999723987315526,1.0,0.9979980389675356,0.9979980389675356,1.0,0.8963735287790534,1.0
3,14,True,9,9,True,0,1.0,0.9998060376922138,1.0,0.996358511400407,0.9700870255190809,0.968031332641371,0.9789691124220776,0.8673519478426134,0.7368987076482629
3,15,True,8,9,False,0,1.0,0.9999754816241087,0.9999753122241641,0.9291142094533906,0.9999753476632339,0.9290913046200994,1.0,0.5746170989536818,0.9973078387186376
3,16,True,9,9,True,0,1.0,1.0,1.0,1.0,1.0,1.0,1.0,1.0,0.9856071798132346
3,17,True,9,9,True,0,1.0,1.0,1.0,1.0,0.8181379950213838,0.8181379950213838,0.8863522497167324,1.0,0.9052428074412172
3,18,True,7,9,False,0,1.0,1.0,1.0,0.7723467522378111,0.9876729547921258,0.7628540636096223,0.9999983633866661,0.9999995484024872,0.9987461642307929
3,19,True,6,9,False,0,1.0,1.0,1.0,0.6260464882587544,0.7198877545736566,0.5146989559080067,0.9163381364220178,0.9996387263734325,0.9984118728649397
4,0,True,7,9,False,0,1.0,1.0,1.0,0.7986567289913318,0.9335550653141801,0.7417816329047682,0.9528759764780116,0.9986320841540368,0.9609473965065277
4,1,True,6,9,False,0,1.0,1.0,1.0,0.6537201589235999,0.6639918476508971,0.4341309589970018,0.9413607558305714,0.9964516546456181,0.9974267696893416
4,2,True,7,9,False,0,1.0,1.0,1.0,0.9456862443930387,0.7873745635243932,0.7330955957775358,0.9999961412809337,0.9998883789955639,0.9999942136327595
4,3,True,6,9,False,0,1.0,0.9977281419675246,0.9777752457573474,0.7234475318437765,0.4623349516568491,0.3536563202154076,0.9872655912987731,0.9911273440118527,0.903008259731361
4,4,True,8,9,False,0,1.0,1.0,1.0,0.82066906392064,0.9314230037317373,0.7637668928022238,0.9990399024536954,1.0,1.0
4,5,True,7,9,False,0,1.0,1.0,1.0,0.7731533182601114,0.9848009855044887,0.7630368520211905,0.9999999972209946,0.9999999984403043,0.9999999547335401
4,6,True,7,9,False,0,1.0,1.0,1.0,0.7528033784420349,0.999982007599952,0.7527927247002912,0.9965379593069119,0.9911485774289776,0.8480133702499265
4,7,True,7,9,False,0,1.0,1.0,1.0,0.7925628097396481,0.9891764591024508,0.7874130850023662,1.0,1.0,1.0
4,8,True,9,9,True,0,1.0,1.0,1.0,0.9922019259496142,0.996829361125013,0.9890568547326709,0.9999979403104042,1.0,0.9993859647719552
4,9,True,7,9,False,0,1.0,1.0,1.0,0.9999732893728068,0.6548059629650722,0.6547947993420892,0.8188943368456099,0.8271664831935989,0.9201088216844109
4,10,True,9,9,True,0,1.0,1.0,1.0,1.0,0.9520927071600618,0.9520927071600618,1.0,0.8569176366419881,0.9850634287076198
4,11,True,9,9,True,0,1.0,1.0,1.0,0.9997944570968798,0.998433371231573,0.9983323307147689,0.9938670854067271,0.9999897499077096,0.8151100906389561
4,12,True,7,9,False,0,1.0,1.0,1.0,0.6915647299193738,0.8235139093630716,0.5695216204605308,1.0,1.0,1.0
4,13,True,9,9,True,0,1.0,1.0,1.0,1.0,0.9940027266807463,0.9940027266807463,1.0,0.9091386650356208,1.0
4,14,True,9,9,True,0,1.0,1.0,1.0,0.996358511400407,0.9693705013024273,0.9673163354826885,0.9789691124220776,0.9256169352819241,0.7834601995012316
4,15,True,9,9,True,0,1.0,1.0,1.0,0.92911327855724,1.0,0.9291142852660875,1.0,0.9852757578527102,0.9974080316601479
4,16,True,9,9,True,0,1.0,1.0,1.0,1.0,1.0,1.0,1.0,1.0,0.9856071798132346
4,17,True,9,9,True,0,1.0,1.0,1.0,1.0,0.818095747355716,0.818095747355716,0.8863522497167324,0.9999204357393039,0.90550189807935
4,18,True,7,9,False,0,1.0,1.0,1.0,0.7723467522378111,0.9988199080221839,0.7714636940158413,0.9999983633866661,0.9999999963725992,0.9987463682796509
4,19,True,6,9,False,0,1.0,1.0,1.0,0.6260457643033137,0.7198880936909915,0.5146994843369593,0.9163381364220178,0.9996387263556588,0.9984118751730986
5,0,True,7,9,False,0,1.0,1.0,1.0,0.7986576780811094,0.9280904292832488,0.7417649633086152,0.9464131546486656,0.9940610600233338,0.953232811630652
5,1,True,7,9,False,0,1.0,1.0,1.0,0.6544265793268288,0.8563718916085841,0.5605596242773472,0.9416305823125473,0.9962798629724977,0.9973339587996735
5,2,True,7,9,False,0,1.0,1.0,1.0,0.9568353272659005,0.7873745635243932,0.7533885046628779,1.0,0.9998881770241159,0.9999942096731448
5,3,True,6,9,False,0,1.0,0.9977269391840771,0.9775637346125772,0.7229737436768919,0.4623349516568491,0.3536563202154076,0.9795999281796585,0.9908527509730586,0.9020950312297917
5,4,True,8,9,False,0,1.0,1.0,1.0,0.8206670550729562,0.9598197255943276,0.7830590290855963,0.999116410104602,1.0,1.0
5,5,True,7,9,False,0,0.9999998237012911,0.9999999255277098,0.9999999075192725,0.7925939833335334,0.9852046326790178,0.7857173147976926,0.9999999971021497,0.9999999981146681,0.9999999528729421
5,6,True,7,9,False,0,1.0,1.0,1.0,0.7693670057705139,0.9889907759305238,0.7611734034145572,0.9986147638540948,0.9880033287940307,0.840108276597556
5,7,True,7,9,False,0,1.0,1.0,1.0,0.7925628097385392,0.988557787002739,0.787413085111048,1.0,1.0,1.0
5,8,True,9,9,True,0,0.9933345916545888,1.0,0.9933345918708144,0.9922027619429923,0.9901850844997128,0.9890568434133372,0.9999894664189939,1.0,0.9993467036457145
5,9,True,7,9,False,0,1.0,1.0,1.0,1.0,0.656098448670316,0.656098448670316,0.8339696460008239,0.8199759454630496,0.9196133478865235
5,10,True,9,9,True,0,1.0,1.0,1.0,1.0,0.9166712414060492,0.9166712414060492,1.0,0.8326926820343826,0.9836489155222217
5,11,True,9,9,True,0,0.9982170363799637,0.9982142931444811,1.0,0.9982160208863855,0.997832513204722,0.9978315073751938,0.9929537670598313,0.9999886244072486,0.8008271278400084
5,12,True,7,9,False,0,1.0,1.0,1.0,0.6915981660094364,0.8234986014081458,0.5695490672551808,1.0,1.0,1.0
5,13,True,9,9,True,0,1.0,1.0,1.0,1.0,0.9610699430004135,0.9610699430004135,1.0,0.9025267124771337,1.0
5,14,True,9,9,True,0,1.0,1.0,1.0,0.9962767537850318,0.9607978046657786,0.9591776035525857,0.9773786211541876,0.9137269403231708,0.7761995328845943
5,15,True,9,9,True,0,1.0,1.0,1.0,0.9931661867092019,1.0,0.9931670393516365,1.0,0.9856668886864952,0.9971995457615557
5,16,True,9,9,True,0,1.0,1.0,1.0,1.0,1.0,1.0,1.0,1.0,0.9838708743766282
5,17,True,9,9,True,0,1.0,1.0,1.0,1.0,0.818086917678819,0.818086917678819,0.8824792792126546,0.9999151980947801,0.9055115928811069
5,18,True,9,9,True,0,1.0,1.0,1.0,0.9375805432396971,0.9988563280622251,0.9365090059868046,1.0,0.9999338948426526,0.9983748089340174
5,19,True,6,9,False,0,1.0,1.0,1.0,0.6260445498642215,0.7112010254855912,0.5146979658655815,0.9186711682396941,0.9990577944977237,0.9984101731371847
6,0,True,7,9,False,0,1.0,1.0,1.0,0.7986567289913318,0.9335550653141801,0.7417816329047682,0.9528759764780116,0.9986320841540368,0.9609473965065277
6,1,True,6,9,False,0,1.0,1.0,1.0,0.6537201589235999,0.6639918476508971,0.4341309589970018,0.9413607558305714,0.9964516546456181,0.9974267696893416
6,2,True,7,9,False,0,1.0,1.0,1.0,0.9456862443930387,0.7873745635243932,0.7330955957775358,0.9999961412809337,0.9999876785317493,0.9999942137596889
6,3,True,6,9,False,0,1.0,0.9977281419675246,0.9777754795937126,0.7234475318437765,0.4623349516568491,0.3536563202154076,0.9872655912987731,0.9911273440118527,0.9030234947256267
6,4,True,8,9,False,0,1.0,1.0,1.0,0.82066906392064,0.9314230037317373,0.7637668928022238,0.9990399024536954,1.0,1.0
6,5,True,7,9,False,0,1.0,1.0,1.0,0.7731533182601114,0.9848009855044887,0.7630368520211905,0.9999999972209946,0.9999999984669534,0.9999999547335401
6,6,True,7,9,False,0,1.0,1.0,1.0,0.7528033784420349,0.999992420441921,0.752800563520888,0.9965379593069119,0.9911473106455865,0.8480133679209956
6,7,True,7,9,False,0,1.0,1.0,1.0,0.7925628097396481,0.9891764591024508,0.7874130850023662,1.0,1.0,1.0
6,8,True,9,9,True,0,1.0,1.0,1.0,0.9922019259496142,0.996829361125013,0.9890568547326709,0.9999979403104042,1.0,0.9993859647719552
6,9,True,7,9,False,0,1.0,1.0,1.0,0.9999732893728068,0.6548059629650722,0.6547947993420892,0.8188943368456099,0.8271664831935989,0.9201088216844109
6,10,True,9,9,True,0,1.0,1.0,1.0,1.0,0.9520927071600618,0.9520927071600618,1.0,0.8569176366419881,0.9850634287076198
6,11,True,9,9,True,0,1.0,1.0,1.0,0.9997944570968798,0.998433371231573,0.9983323307147689,0.9938670854067271,0.9999897499077096,0.8151100906389561
6,12,True,7,9,False,0,1.0,1.0,1.0,0.6915647299193738,0.823518237285789,0.5695245816159215,1.0,1.0,1.0
6,13,True,9,9,True,0,1.0,1.0,1.0,1.0,0.9940027266807463,0.9940027266807463,1.0,0.9091442342114578,1.0
6,14,True,9,9,True,0,1.0,1.0,1.0,0.996358511400407,0.9693705013024273,0.9673163354826885,0.9789691124220776,0.9256169352819241,0.7834601995012316
6,15,True,9,9,True,0,1.0,1.0,1.0,0.92911327855724,1.0,0.9291142852660875,1.0,0.9852757578527102,0.9974080316854276
6,16,True,9,9,True,0,1.0,1.0,1.0,1.0,1.0,1.0,1.0,1.0,0.9856071798132346
6,17,True,9,9,True,0,1.0,1.0,1.0,1.0,0.818095747355716,0.818095747355716,0.8863522497167324,0.9999204357393039,0.90550189807935
6,18,True,7,9,False,0,1.0,1.0,1.0,0.7723467522378111,0.9988199080221839,0.7714636940158413,0.9999983633866661,0.9999999963725992,0.9987463682796509
6,19,True,6,9,False,0,1.0,1.0,1.0,0.6260457643033137,0.7198880936909915,0.5146994843369593,0.9163381364220178,0.9996387263556588,0.9984118751730986
7,0,True,7,9,False,0,1.0,1.0,1.0,0.7986567289913318,0.9335550653141801,0.7417816329047682,0.9528759764780116,0.9986320841540368,0.9609473965065277
7,1,True,6,9,False,0,1.0,1.0,1.0,0.6537201589235999,0.6639918476508971,0.4341309589970018,0.9413607558305714,0.9964516546456181,0.9974267696893416
7,2,True,7,9,False,0,1.0,1.0,1.0,0.9456862443930387,0.7873745635243932,0.7330955957775358,0.9999961412809337,0.9998883789955639,0.9999942136327595
7,3,True,6,9,False,0,1.0,0.9977281419675246,0.9777752457573474,0.7234475318437765,0.4623349516568491,0.3536563202154076,0.9872655912987731,0.9911273440118527,0.903008259731361
7,4,True,8,9,False,0,1.0,1.0,1.0,0.82066906392064,0.9314230037317373,0.7637668928022238,0.9990399024536954,1.0,1.0
7,5,True,7,9,False,0,1.0,1.0,1.0,0.7731533182601114,0.9848009855044887,0.7630368520211905,0.9999999972209946,0.9999999984403043,0.9999999547335401
7,6,True,7,9,False,0,1.0,1.0,1.0,0.7528033784420349,0.999982007599952,0.7527927247002912,0.9965379593069119,0.9911485774289776,0.8480133702499265
7,7,True,7,9,False,0,1.0,1.0,1.0,0.7925628097396481,0.9891764591024508,0.7874130850023662,1.0,1.0,1.0
7,8,True,9,9,True,0,1.0,1.0,1.0,0.9922019259496142,0.996829361125013,0.9890568547326709,0.9999979403104042,1.0,0.9993859647719552
7,9,True,7,9,False,0,1.0,1.0,1.0,0.9999732893728068,0.6548059629650722,0.6547947993420892,0.8188943368456099,0.8271664831935989,0.9201088216844109
7,10,True,9,9,True,0,1.0,1.0,1.0,1.0,0.9520927071600618,0.9520927071600618,1.0,0.8569176366419881,0.9850634287076198
7,11,True,9,9,True,0,1.0,1.0,1.0,0.9997944570968798,0.998433371231573,0.9983323307147689,0.9938670854067271,0.9999897499077096,0.8151100906389561
7,12,True,7,9,False,0,1.0,1.0,1.0,0.6915647299193738,0.8235139093630716,0.5695216204605308,1.0,1.0,1.0
7,13,True,9,9,True,0,1.0,1.0,1.0,1.0,0.9940027266807463,0.9940027266807463,1.0,0.9091386650356208,1.0
7,14,True,9,9,True,0,1.0,1.0,1.0,0.996358511400407,0.9693705013024273,0.9673163354826885,0.9789691124220776,0.9256169352819241,0.7834601995012316
7,15,True,9,9,True,0,1.0,1.0,1.0,0.92911327855724,1.0,0.9291142852660875,1.0,0.9852757578527102,0.9974080316601479
7,16,True,9,9,True,0,1.0,1.0,1.0,1.0,1.0,1.0,1.0,1.0,0.9856071798132346
7,17,True,9,9,True,0,1.0,1.0,1.0,1.0,0.818095747355716,0.818095747355716,0.8863522497167324,0.9999204357393039,0.90550189807935
7,18,True,7,9,False,0,1.0,1.0,1.0,0.7723467522378111,0.9988199080221839,0.7714636940158413,0.9999983633866661,0.9999999963725992,0.9987463682796509
7,19,True,6,9,False,0,1.0,1.0,1.0,0.6260457643033137,0.7198880936909915,0.5146994843369593,0.9163381364220178,0.9996387263556588,0.9984118751730986
8,0,True,5,9,False,0,1.0,1.0,1.0,0.7999829906511683,0.771268986330536,0.6128471404499765,0.21259241834750653,0.9983776545516382,0.9563009854219988
8,1,True,8,9,False,0,1.0,1.0,1.0,0.9735953800764641,0.8960676779251471,0.8960676683944411,0.5992938924238109,0.8455000576923033,0.9973688115415924
8,2,True,7,9,False,0,1.0,1.0,1.0,0.9374866571612201,0.6782023478974728,0.6243927760019448,0.9999959902618362,0.999213140359225,0.9999940856740851
8,3,True,6,9,False,0,1.0,0.9977402475576908,0.9746813886824965,0.7233064267913207,0.17583121797932666,0.17114139536200723,0.7131857171887797,0.9908107468305151,0.8994801499395084
8,4,True,7,9,False,0,1.0,1.0,1.0,0.0,0.9999844996489662,0.0,0.9999999434729215,1.0,1.0
8,5,True,7,9,False,0,0.9999920261499204,0.9999926466467923,0.9999889200602204,0.7731533192240936,0.9848009868174087,0.763036852926202,0.9999920262893673,0.9999949746983385,0.9999999547335338
8,6,True,7,9,False,0,0.9999999895732917,0.999999995433231,0.9999999895731951,0.7528004938511779,0.9999667463681351,0.7527808256984195,0.9965275252374693,0.9911456680528871,0.8480117671918637
8,7,True,3,9,False,0,0.02714815831856833,0.17647058823529405,0.02714815831856833,0.0,0.027148191034370384,0.0,1.0,1.0,1.0
8,8,True,9,9,True,0,1.0,1.0,1.0,0.9904788000886023,0.9999541741586894,0.9921573028538545,0.999999969056908,1.0,0.999385212236696
8,9,True,7,9,False,0,1.0,1.0,1.0,0.9999732939079146,0.6548038103569861,0.6547926265850339,0.8188943299855265,0.7101038753059636,0.9157691584010912
8,10,True,4,9,False,0,1.0,0.18993486776547547,0.1899350162528565,1.0,0.1618141896098434,0.1618141896098434,1.0,0.5982127300302191,0.9807359278142024
8,11,True,9,9,True,0,1.0,0.9995458915503181,0.9999580309543831,0.9997522864700938,0.9979496081882333,0.9978428265632976,0.9928793732152089,0.9980437454224542,0.8096173155381405
8,12,True,6,9,False,0,1.0,0.9989412715557362,0.9967678441968986,0.6913651824417043,0.2589540737291467,0.22035071763638792,1.0,1.0,1.0
8,13,True,9,9,True,0,1.0,0.9999723884493981,0.9999727223270649,1.0,0.9979980389675356,0.9979980389675356,1.0,0.8961555900075417,1.0
8,14,True,3,9,False,0,0.03669024263968835,0.036683124043942486,0.036713749896897595,0.036037990313947714,0.036520885177289686,0.03590791537558835,0.8953550435655986,0.8657901089164506,0.7353531083228031
8,15,True,7,9,False,0,0.9971847096384621,0.9995613843853981,0.997160129560837,0.9348865975422507,0.9971602631937212,0.934863683931088,0.4816408038992085,0.5267066043896318,0.9972585164280925
8,16,True,3,9,False,0,0.0,0.0,0.0,0.0,0.0,0.0,1.0,1.0,1.0
8,17,True,9,9,True,0,1.0,1.0,1.0,1.0,0.8510791020182704,0.8510791020182704,0.8654975673033375,1.0,0.9052364835873095
8,18,True,9,9,True,0,0.9992817871343151,0.999441270643378,0.9992817312113338,0.9370168541827539,0.9870004755474269,0.9255039782978953,0.9999963711605946,0.9999995465062612,0.9987329232139421
8,19,True,5,9,False,0,1.0,1.0,1.0,0.4077406310103982,0.3595877026216314,0.24399918394410725,0.6739888896607286,0.9996084852691823,0.9982963373712207
9,0,True,7,9,False,0,1.0,1.0,1.0,0.7986567289913318,0.9335550653141801,0.7417816329047682,0.9528759764780116,0.9986320841540368,0.9609473965065277
9,1,True,7,9,False,0,1.0,1.0,1.0,0.6543201810863796,0.8160821906738687,0.5341261944406965,0.9413812057347006,0.9964964539736684,0.9974298256869761
9,2,True,7,9,False,0,1.0,1.0,1.0,0.9456862443930387,0.7873745635243932,0.7330955957775358,0.9999961412809337,0.9998883789955639,0.9999942136327595
9,3,True,6,9,False,0,1.0,0.9977266447676426,0.9777742209146694,0.7234480695797918,0.4623349516568491,0.3536563202154076,0.9872655911841179,0.9911268562199933,0.9030061876878169
9,4,True,8,9,False,0,1.0,1.0,1.0,0.8206690696420348,0.9320873154136953,0.7637668774089643,0.9990640244886609,1.0,1.0
9,5,True,7,9,False,0,1.0,1.0,1.0,0.7731533182601114,0.9848009855044887,0.7630368520211905,0.9999999972209946,0.9999999984403043,0.9999999547335401
9,6,True,7,9,False,0,1.0,1.0,1.0,0.7690343698838338,0.9999822046042871,0.7690234864317185,0.9966921755761252,0.9913603740835758,0.849421161369859
9,7,True,7,9,False,0,1.0,1.0,1.0,0.7925628097396481,0.9891764591024508,0.7874130850023662,1.0,1.0,1.0
9,8,True,9,9,True,0,1.0,1.0,1.0,0.9921996475288043,0.9956686541153278,0.9879051999639669,0.9999971908156231,1.0,0.9993859369095308
9,9,True,7,9,False,0,1.0,1.0,1.0,0.9999732893728068,0.6548059629650722,0.6547947993420892,0.8188943368456099,0.8271664831935989,0.9201088216844109
9,10,True,9,9,True,0,1.0,1.0,1.0,1.0,0.9520927071600618,0.9520927071600618,1.0,0.857259768688099,0.9850902655766723
9,11,True,9,9,True,0,1.0,1.0,1.0,0.9997944570968798,0.998433371231573,0.9983323307147689,0.9938670854067271,0.9999897499077096,0.8151100906389561
9,12,True,7,9,False,0,1.0,1.0,1.0,0.6915604337589535,0.8235066379821965,0.5695249059622847,1.0,1.0,1.0
9,13,True,9,9,True,0,1.0,1.0,1.0,1.0,0.9940027456689213,0.9940027456689213,1.0,0.9088811575826508,1.0
9,14,True,9,9,True,0,1.0,1.0,1.0,0.992031090777594,0.8842890800554317,0.8819774894605837,0.9538046191892187,0.9252597421413342,0.7829597623521294
9,15,True,9,9,True,0,1.0,1.0,1.0,0.9291185813071123,1.0,0.9291195847478697,1.0,0.9852772246470095,0.9974082330509347
9,16,True,9,9,True,0,1.0,1.0,1.0,1.0,1.0,1.0,1.0,1.0,0.9856071798132346
9,17,True,9,9,True,0,1.0,1.0,1.0,1.0,0.818096713125412,0.818096713125412,0.8918525657245592,0.999921031452993,0.9055071166743928
9,18,True,9,9,True,0,1.0,1.0,1.0,0.9375808997358708,0.9988481772226567,0.9365086723707896,0.9999996169571637,0.99999999643712,0.9987704166101635
9,19,True,6,9,False,0,1.0,1.0,1.0,0.6260457643033137,0.7198880936910149,0.5146994854064185,0.9163381364220178,0.9996418078534969,0.998423647918821
10,0,True,7,9,False,0,1.0,1.0,1.0,0.7935186827966061,0.9281112232056361,0.7417816309990708,0.940867633519915,0.9940332012600136,0.9529481342360717
10,1,True,6,9,False,0,1.0,1.0,1.0,0.653543675397262,0.6639242200927158,0.43392043140105185,0.9400186394005179,0.9962473131883726,0.9973315455316473
10,2,True,7,9,False,0,1.0,1.0,1.0,0.9310626547127714,0.7873745635243932,0.7330955957775358,0.9999952718213736,0.9998864877814518,0.9999941765488418
10,3,True,6,9,False,0,0.9935948925006006,0.9928833540416523,0.9774392901460538,0.7211383441874325,0.4610695819631082,0.35345289818750436,0.9795999281443667,0.9908527509730586,0.9020950312297917
10,4,True,8,9,False,0,1.0,1.0,1.0,0.8206668648910145,0.9307359843728795,0.7637668928022238,0.9989602569605884,1.0,1.0
10,5,True,7,9,False,0,1.0,1.0,1.0,0.7731533183299103,0.9788911052474311,0.7630368520211905,0.9999999914823998,0.9999999980987374,0.9999999523450324
10,6,True,7,9,False,0,1.0,1.0,1.0,0.752796091111572,0.9883583224342459,0.7448456953100469,0.9957725149730998,0.9879091963087077,0.839518714617518
10,7,True,7,9,False,0,1.0,1.0,1.0,0.7925628097385392,0.988557786869483,0.7874130850023662,1.0,1.0,1.0
10,8,True,9,9,True,0,0.9933345916545204,1.0,0.9933345918708144,0.9922027619429237,0.990185084499726,0.98905684341335,0.9999894106148451,1.0,0.9993439551794039
10,9,True,7,9,False,0,1.0,1.0,1.0,0.9998233071994992,0.6362373376641973,0.6361746744993619,0.8128033564462676,0.8106775055480279,0.9181939539818461
10,10,True,9,9,True,0,1.0,1.0,1.0,1.0,0.9166712414060492,0.9166712414060492,1.0,0.8326926820343826,0.9836489155222217
10,11,True,9,9,True,0,1.0,1.0,1.0,0.9997941890828065,0.9981578690890146,0.9981236175368139,0.9935231379445397,0.999989446760279,0.8007871686317631
10,12,True,7,9,False,0,1.0,1.0,1.0,0.6915647299193738,0.8234985983348078,0.5695216204605308,1.0,1.0,1.0
10,13,True,9,9,True,0,1.0,1.0,1.0,1.0,0.9610699416382308,0.9610699416382308,1.0,0.9025267124771337,1.0
10,14,True,9,9,True,0,1.0,1.0,1.0,0.9962767491272055,0.960797804665758,0.9591776035525842,0.9773786211541845,0.9137207047878942,0.7761904452584724
10,15,True,9,9,True,0,1.0,1.0,1.0,0.92911327855724,1.0,0.9291142852660875,1.0,0.9851902821011019,0.9971853950368267
10,16,True,9,9,True,0,1.0,1.0,1.0,1.0,1.0,1.0,1.0,1.0,0.9838687653933796
10,17,True,9,9,True,0,1.0,1.0,1.0,1.0,0.8180868881879994,0.8180868881879994,0.8824792383617871,0.9999137731839308,0.9050157205141297
10,18,True,7,9,False,0,1.0,1.0,1.0,0.7723469083206917,0.9987893792960504,0.7714636940158413,0.9999970219628059,0.9999315502278111,0.9983360207359024
10,19,True,6,9,False,0,1.0,1.0,1.0,0.6224677814370699,0.7110341016261248,0.5146978337203678,0.9103621277116698,0.9990516017839512,0.9984015803435391
11,0,True,7,9,False,0,1.0,1.0,1.0,0.7935186827966061,0.9281112232056361,0.7417816309990708,0.940867633519915,0.9940332012600136,0.9529481342360717
11,1,True,6,9,False,0,1.0,1.0,1.0,0.653543675397262,0.6639242200927158,0.43392043140105185,0.9400186394005179,0.9962473131883726,0.9973315455316473
11,2,True,7,9,False,0,1.0,1.0,1.0,0.9310626547127714,0.7873745635243932,0.7330955957775358,0.9999952718213736,0.9998864877814518,0.9999941765488418
11,3,True,6,9,False,0,0.9935948925006006,0.9928833540416523,0.9774392901460538,0.7211383441874325,0.4610695819631082,0.35345289818750436,0.9795999281443667,0.9908527509730586,0.9020950312297917
11,4,True,8,9,False,0,1.0,1.0,1.0,0.8206668648910145,0.9307359843728795,0.7637668928022238,0.9989602569605884,1.0,1.0
11,5,True,7,9,False,0,1.0,1.0,1.0,0.7731533183299103,0.9788911052474311,0.7630368520211905,0.9999999914823998,0.9999999980987374,0.9999999523450324
11,6,True,7,9,False,0,1.0,1.0,1.0,0.752796091111572,0.9883583224342459,0.7448456953100469,0.9957725149730998,0.9879091963087077,0.839518714617518
11,7,True,7,9,False,0,1.0,1.0,1.0,0.7925628097385392,0.988557786869483,0.7874130850023662,1.0,1.0,1.0
11,8,True,9,9,True,0,0.9933345916545204,1.0,0.9933345918708144,0.9922027619429237,0.990185084499726,0.98905684341335,0.9999894106148451,1.0,0.9993439551794039
11,9,True,7,9,False,0,1.0,1.0,1.0,0.9998233071994992,0.6362373376641973,0.6361746744993619,0.8128033564462676,0.8106775055480279,0.9181939539818461
11,10,True,9,9,True,0,1.0,1.0,1.0,1.0,0.9166712414060492,0.9166712414060492,1.0,0.8326926820343826,0.9836489155222217
11,11,True,9,9,True,0,1.0,1.0,1.0,0.9997941890828065,0.9981578690890146,0.9981236175368139,0.9935231379445397,0.999989446760279,0.8007871686317631
11,12,True,7,9,False,0,1.0,1.0,1.0,0.6915647299193738,0.8234985983348078,0.5695216204605308,1.0,1.0,1.0
11,13,True,9,9,True,0,1.0,1.0,1.0,1.0,0.9610699416382308,0.9610699416382308,1.0,0.9025267124771337,1.0
11,14,True,9,9,True,0,1.0,1.0,1.0,0.9962767491272055,0.960797804665758,0.9591776035525842,0.9773786211541845,0.9137207047878942,0.7761904452584724
11,15,True,9,9,True,0,1.0,1.0,1.0,0.92911327855724,1.0,0.9291142852660875,1.0,0.9851902821011019,0.9971853950368267
11,16,True,9,9,True,0,1.0,1.0,1.0,1.0,1.0,1.0,1.0,1.0,0.9838687653933796
11,17,True,9,9,True,0,1.0,1.0,1.0,1.0,0.8180868881879994,0.8180868881879994,0.8824792383617871,0.9999137731839308,0.9050157205141297
11,18,True,7,9,False,0,1.0,1.0,1.0,0.7723469083206917,0.9987893792960504,0.7714636940158413,0.9999970219628059,0.9999315502278111,0.9983360207359024
11,19,True,6,9,False,0,1.0,1.0,1.0,0.6224677814370699,0.7110341016261248,0.5146978337203678,0.9103621277116698,0.9990516017839512,0.9984015803435391
12,0,True,7,9,False,0,1.0,1.0,1.0,0.7935186827966061,0.9281112232056361,0.7417816309990708,0.940867633519915,0.9940332012600136,0.9529481342360717
12,1,True,6,9,False,0,1.0,1.0,1.0,0.653543675397262,0.6639242200927158,0.43392043140105185,0.9400186394005179,0.9962473131883726,0.9973315455316473
12,2,True,7,9,False,0,1.0,1.0,1.0,0.9310626547127714,0.7873745635243932,0.7330955957775358,0.9999952718213736,0.9998864877814518,0.9999941765488418
12,3,True,6,9,False,0,0.9935948925006006,0.9928833540416523,0.9774392901460538,0.7211383441874325,0.4610695819631082,0.35345289818750436,0.9795999281443667,0.9908527509730586,0.9020950312297917
12,4,True,8,9,False,0,1.0,1.0,1.0,0.8206668648910145,0.9307359843728795,0.7637668928022238,0.9989602569605884,1.0,1.0
12,5,True,7,9,False,0,0.9999997783707278,0.9999999159445495,0.9999998568535934,0.7731533174816476,0.9788911052474311,0.7630368520211905,0.9999999914823998,0.9999999980987374,0.9999999523450334
12,6,True,7,9,False,0,1.0,1.0,1.0,0.752796091111572,0.9883583224342459,0.7448456953100469,0.9957725149730998,0.9879091963087077,0.839518714617518
12,7,True,7,9,False,0,1.0,1.0,1.0,0.7925628097385392,0.988557786869483,0.7874130850023662,1.0,1.0,1.0
12,8,True,9,9,True,0,0.9933345916545888,1.0,0.9933345918708144,0.9922027619429923,0.9901850844997128,0.9890568434133372,0.9999894664189939,1.0,0.9993467036457145
12,9,True,7,9,False,0,1.0,1.0,1.0,0.9998233071994992,0.6362373376641973,0.6361746744993619,0.8128033564462676,0.8106775055480279,0.9181939539818461
12,10,True,9,9,True,0,1.0,1.0,1.0,1.0,0.9166712414060492,0.9166712414060492,1.0,0.8326926820343826,0.9836489155222217
12,11,True,9,9,True,0,0.9982170360870023,0.9982142928618737,1.0,0.9981823852883748,0.99783251252453,0.9978005142552728,0.9929537640441656,0.9999886197546238,0.8007894862288928
12,12,True,7,9,False,0,1.0,1.0,1.0,0.6915647299193738,0.8234985983348078,0.5695216204605308,1.0,1.0,1.0
12,13,True,9,9,True,0,1.0,1.0,1.0,1.0,0.9610699416382308,0.9610699416382308,1.0,0.9025267124771337,1.0
12,14,True,9,9,True,0,1.0,1.0,1.0,0.9962767491272055,0.960797804665758,0.9591776035525842,0.9773786211541845,0.9137207047878942,0.7761904452584724
12,15,True,9,9,True,0,1.0,1.0,1.0,0.92911327855724,1.0,0.9291142852660875,1.0,0.9851902821011019,0.9971853950368267
12,16,True,9,9,True,0,1.0,1.0,1.0,1.0,1.0,1.0,1.0,1.0,0.9838687653933796
12,17,True,9,9,True,0,1.0,1.0,1.0,1.0,0.8180868881879994,0.8180868881879994,0.8824792383827801,0.9999137878183304,0.9055002053172428
12,18,True,7,9,False,0,1.0,1.0,1.0,0.7723469083206917,0.9987893792960504,0.7714636940158413,0.9999970219628059,0.9999315502278111,0.9983360207359024
12,19,True,6,9,False,0,1.0,1.0,1.0,0.6224677814370699,0.7110341016261248,0.5146978337203678,0.9103621277116698,0.9990516017839512,0.9984015803435391
13,0,True,7,9,False,0,1.0,1.0,1.0,0.7986567289913318,0.9335550653141801,0.7417816329047682,0.9528759764780116,0.9986320841540368,0.9609473965065277
13,1,True,6,9,False,0,1.0,1.0,1.0,0.6537201589235999,0.6639918476508971,0.4341309589970018,0.9413607558305714,0.9964516546456181,0.9974267696893416
13,2,True,7,9,False,0,1.0,1.0,1.0,0.9456862443930387,0.7873745635243932,0.7330955957775358,0.9999961412809337,0.9998883789955639,0.9999942136327595
13,3,True,6,9,False,0,1.0,0.9977281419675246,0.9777752457573474,0.7234475318437765,0.4623349516568491,0.3536563202154076,0.9872655912987731,0.9911273440118527,0.903008259731361
13,4,True,8,9,False,0,1.0,1.0,1.0,0.82066906392064,0.9314230037317373,0.7637668928022238,0.9990399024536954,1.0,1.0
13,5,True,7,9,False,0,1.0,1.0,1.0,0.7731533182601114,0.9848009855044887,0.7630368520211905,0.9999999972209946,0.9999999984403043,0.9999999547335401
13,6,True,7,9,False,0,1.0,1.0,1.0,0.7528033784420349,0.999982007599952,0.7527927247002912,0.9965379593069119,0.9911485774289776,0.8480133702499265
13,7,True,7,9,False,0,1.0,1.0,1.0,0.7925628097396481,0.9891764591024508,0.7874130850023662,1.0,1.0,1.0
13,8,True,9,9,True,0,1.0,1.0,1.0,0.9922019259496142,0.996829361125013,0.9890568547326709,0.9999979403104042,1.0,0.9993859647719552
13,9,True,7,9,False,0,1.0,1.0,1.0,0.9999732893728068,0.6548059629650722,0.6547947993420892,0.8188943368456099,0.8271664831935989,0.9201088216844109
13,10,True,9,9,True,0,1.0,1.0,1.0,1.0,0.9520927071600618,0.9520927071600618,1.0,0.8569176366419881,0.9850634287076198
13,11,True,9,9,True,0,1.0,1.0,1.0,0.9997944570968798,0.998433371231573,0.9983323307147689,0.9938670854067271,0.9999897499077096,0.8151100906389561
13,12,True,7,9,False,0,1.0,1.0,1.0,0.6915647299193738,0.8235139093630716,0.5695216204605308,1.0,1.0,1.0
13,13,True,9,9,True,0,1.0,1.0,1.0,1.0,0.9940027266807463,0.9940027266807463,1.0,0.9091386650356208,1.0
13,14,True,9,9,True,0,1.0,1.0,1.0,0.996358511400407,0.9693705013024273,0.9673163354826885,0.9789691124220776,0.9256169352819241,0.7834601995012316
13,15,True,9,9,True,0,1.0,1.0,1.0,0.92911327855724,1.0,0.9291142852660875,1.0,0.9852757578527102,0.9974080316601479
13,16,True,9,9,True,0,1.0,1.0,1.0,1.0,1.0,1.0,1.0,1.0,0.9856071798132346
13,17,True,9,9,True,0,1.0,1.0,1.0,1.0,0.818095747355716,0.818095747355716,0.8863522497167324,0.9999204357393039,0.90550189807935
13,18,True,7,9,False,0,1.0,1.0,1.0,0.7723467522378111,0.9988199080221839,0.7714636940158413,0.9999983633866661,0.9999999963725992,0.9987463682796509
13,19,True,6,9,False,0,1.0,1.0,1.0,0.6260457643033137,0.7198880936909915,0.5146994843369593,0.9163381364220178,0.9996387263556588,0.9984118751730986
14,0,True,7,9,False,0,1.0,1.0,1.0,0.7986567289913318,0.9335550653141801,0.7417816329047682,0.9528759764780116,0.9986320841540368,0.9609473965065277
14,1,True,6,9,False,0,1.0,1.0,1.0,0.6537201589235999,0.6639918476508971,0.4341309589970018,0.9413607558305714,0.9964516546456181,0.9974267696893416
14,2,True,7,9,False,0,1.0,1.0,1.0,0.9456862443930387,0.7873745635243932,0.7330955957775358,0.9999961412809337,0.9998883789955639,0.9999942136327595
14,3,True,6,9,False,0,1.0,0.9977281419675246,0.9777752457573474,0.7234475318437765,0.4623349516568491,0.3536563202154076,0.9872655912987731,0.9911273440118527,0.903008259731361
14,4,True,8,9,False,0,1.0,1.0,1.0,0.82066906392064,0.9314230037317373,0.7637668928022238,0.9990399024536954,1.0,1.0
14,5,True,7,9,False,0,1.0,1.0,1.0,0.7731533182601114,0.9848009855044887,0.7630368520211905,0.9999999972209946,0.9999999984403043,0.9999999547335401
14,6,True,7,9,False,0,1.0,1.0,1.0,0.7528033784420349,0.999982007599952,0.7527927247002912,0.9965379593069119,0.9911485774289776,0.8480133702499265
14,7,True,7,9,False,0,1.0,1.0,1.0,0.7925628097396481,0.9891764591024508,0.7874130850023662,1.0,1.0,1.0
14,8,True,9,9,True,0,1.0,1.0,1.0,0.9922019259496142,0.996829361125013,0.9890568547326709,0.9999979403104042,1.0,0.9993859647719552
14,9,True,7,9,False,0,1.0,1.0,1.0,0.9999732893728068,0.6548059629650722,0.6547947993420892,0.8188943368456099,0.8271664831935989,0.9201088216844109
14,10,True,9,9,True,0,1.0,1.0,1.0,1.0,0.9520927071600618,0.9520927071600618,1.0,0.8569176366419881,0.9850634287076198
14,11,True,9,9,True,0,1.0,1.0,1.0,0.9997944570968798,0.998433371231573,0.9983323307147689,0.9938670854067271,0.9999897499077096,0.8151100906389561
14,12,True,7,9,False,0,1.0,1.0,1.0,0.6915647299193738,0.8235139093630716,0.5695216204605308,1.0,1.0,1.0
14,13,True,9,9,True,0,1.0,1.0,1.0,1.0,0.9940027266807463,0.9940027266807463,1.0,0.9091386650356208,1.0
14,14,True,9,9,True,0,1.0,1.0,1.0,0.996358511400407,0.9693705013024273,0.9673163354826885,0.9789691124220776,0.9256169352819241,0.7834601995012316
14,15,True,9,9,True,0,1.0,1.0,1.0,0.92911327855724,1.0,0.9291142852660875,1.0,0.9852757578527102,0.9974080316601479
14,16,True,9,9,True,0,1.0,1.0,1.0,1.0,1.0,1.0,1.0,1.0,0.9856071798132346
14,17,True,9,9,True,0,1.0,1.0,1.0,1.0,0.818095747355716,0.818095747355716,0.8863522497167324,0.9999204357393039,0.90550189807935
14,18,True,7,9,False,0,1.0,1.0,1.0,0.7723467522378111,0.9988199080221839,0.7714636940158413,0.9999983633866661,0.9999999963725992,0.9987463682796509
14,19,True,6,9,False,0,1.0,1.0,1.0,0.6260457643033137,0.7198880936909915,0.5146994843369593,0.9163381364220178,0.9996387263556588,0.9984118751730986
15,0,True,7,9,False,0,1.0,1.0,1.0,0.7986567289913318,0.9335550653141801,0.7417816329047682,0.9528759764780116,0.9986320841540368,0.9609473965065277
15,1,True,6,9,False,0,1.0,1.0,1.0,0.6537201589235999,0.6639918476508971,0.4341309589970018,0.9413607558305714,0.9964516546456181,0.9974267696893416
15,2,True,7,9,False,0,1.0,1.0,1.0,0.9456862443930387,0.7873745635243932,0.7330955957775358,0.9999961412809337,0.9998883789955639,0.9999942136327595
15,3,True,6,9,False,0,1.0,0.9977281419675246,0.9777752457573474,0.7234475318437765,0.4623349516568491,0.3536563202154076,0.9872655912987731,0.9911273440118527,0.903008259731361
15,4,True,8,9,False,0,1.0,1.0,1.0,0.82066906392064,0.9314230037317373,0.7637668928022238,0.9990399024536954,1.0,1.0
15,5,True,7,9,False,0,1.0,1.0,1.0,0.7731533182601114,0.9848009855044887,0.7630368520211905,0.9999999972209946,0.9999999984403043,0.9999999547335401
15,6,True,7,9,False,0,1.0,1.0,1.0,0.7528033784420349,0.999982007599952,0.7527927247002912,0.9965379593069119,0.9911485774289776,0.8480133702499265
15,7,True,7,9,False,0,1.0,1.0,1.0,0.7925628097396481,0.9891764591024508,0.7874130850023662,1.0,1.0,1.0
15,8,True,9,9,True,0,1.0,1.0,1.0,0.9922019259496142,0.996829361125013,0.9890568547326709,0.9999979403104042,1.0,0.9993859647719552
15,9,True,7,9,False,0,1.0,1.0,1.0,0.9999732893728068,0.6548059629650722,0.6547947993420892,0.8188943368456099,0.8271664831935989,0.9201088216844109
15,10,True,9,9,True,0,1.0,1.0,1.0,1.0,0.9520927071600618,0.9520927071600618,1.0,0.8569176366419881,0.9850634287076198
15,11,True,9,9,True,0,1.0,1.0,1.0,0.9997944570968798,0.998433371231573,0.9983323307147689,0.9938670854067271,0.9999897499077096,0.8151100906389561
15,12,True,7,9,False,0,1.0,1.0,1.0,0.6915647299193738,0.8235139093630716,0.5695216204605308,1.0,1.0,1.0
15,13,True,9,9,True,0,1.0,1.0,1.0,1.0,0.9940027266807463,0.9940027266807463,1.0,0.9091386650356208,1.0
15,14,True,9,9,True,0,1.0,1.0,1.0,0.996358511400407,0.9693705013024273,0.9673163354826885,0.9789691124220776,0.9256169352819241,0.7834601995012316
15,15,True,9,9,True,0,1.0,1.0,1.0,0.92911327855724,1.0,0.9291142852660875,1.0,0.9852757578527102,0.9974080316601479
15,16,True,9,9,True,0,1.0,1.0,1.0,1.0,1.0,1.0,1.0,1.0,0.9856071798132346
15,17,True,9,9,True,0,1.0,1.0,1.0,1.0,0.818095747355716,0.818095747355716,0.8863522497167324,0.9999204357393039,0.90550189807935
15,18,True,7,9,False,0,1.0,1.0,1.0,0.7723467522378111,0.9988199080221839,0.7714636940158413,0.9999983633866661,0.9999999963725992,0.9987463682796509
15,19,True,6,9,False,0,1.0,1.0,1.0,0.6260457643033137,0.7198880936909915,0.5146994843369593,0.9163381364220178,0.9996387263556588,0.9984118751730986
16,0,True,7,9,False,0,1.0,1.0,1.0,0.7935186827966061,0.9281112232056361,0.7417816309990708,0.940867633519915,0.9940332012600136,0.9529481342360717
16,1,True,6,9,False,0,1.0,1.0,1.0,0.653543675397262,0.6639242200927158,0.43392043140105185,0.9400186394005179,0.9962473131883726,0.9973315455316473
16,2,True,7,9,False,0,1.0,1.0,1.0,0.9310626547127714,0.7873745635243932,0.7330955957775358,0.9999952718213736,0.9998864877814518,0.9999941765488418
16,3,True,6,9,False,0,0.9935948925006006,0.9928833540416523,0.9774392901460538,0.7211383441874325,0.4610695819631082,0.35345289818750436,0.9795999281443667,0.9908527509730586,0.9020950312297917
16,4,True,8,9,False,0,1.0,1.0,1.0,0.8206668648910145,0.9307359843728795,0.7637668928022238,0.9989602569605884,1.0,1.0
16,5,True,7,9,False,0,0.9999997783707278,0.9999999159445495,0.9999998568535934,0.7731533174816476,0.9788911052474311,0.7630368520211905,0.9999999914823998,0.9999999980987374,0.9999999523450334
16,6,True,7,9,False,0,1.0,1.0,1.0,0.752796091111572,0.9883583224342459,0.7448456953100469,0.9957725149730998,0.9879091963087077,0.839518714617518
16,7,True,7,9,False,0,1.0,1.0,1.0,0.7925628097385392,0.988557786869483,0.7874130850023662,1.0,1.0,1.0
16,8,True,9,9,True,0,0.9933345916545888,1.0,0.9933345918708144,0.9922027619429923,0.9901850844997128,0.9890568434133372,0.9999894664189939,1.0,0.9993467036457145
16,9,True,7,9,False,0,1.0,1.0,1.0,0.9998233071994992,0.6362373376641973,0.6361746744993619,0.8128033564462676,0.8106775055480279,0.9181939539818461
16,10,True,9,9,True,0,1.0,1.0,1.0,1.0,0.9166712414060492,0.9166712414060492,1.0,0.8326926820343826,0.9836489155222217
16,11,True,9,9,True,0,0.9982170360870023,0.9982142928618737,1.0,0.9981823852883748,0.99783251252453,0.9978005142552728,0.9929537640441656,0.9999886197546238,0.8007894862288928
16,12,True,7,9,False,0,1.0,1.0,1.0,0.6915647299193738,0.8234985983348078,0.5695216204605308,1.0,1.0,1.0
16,13,True,9,9,True,0,1.0,1.0,1.0,1.0,0.9610699416382308,0.9610699416382308,1.0,0.9025267124771337,1.0
16,14,True,9,9,True,0,1.0,1.0,1.0,0.9962767491272055,0.960797804665758,0.9591776035525842,0.9773786211541845,0.9137207047878942,0.7761904452584724
16,15,True,9,9,True,0,1.0,1.0,1.0,0.92911327855724,1.0,0.9291142852660875,1.0,0.9851902821011019,0.9971853950368267
16,16,True,9,9,True,0,1.0,1.0,1.0,1.0,1.0,1.0,1.0,1.0,0.9838687653933796
16,17,True,9,9,True,0,1.0,1.0,1.0,1.0,0.8180868881879994,0.8180868881879994,0.8824792383827801,0.9999137878183304,0.9055002053172428
16,18,True,7,9,False,0,1.0,1.0,1.0,0.7723469083206917,0.9987893792960504,0.7714636940158413,0.9999970219628059,0.9999315502278111,0.9983360207359024
16,19,True,6,9,False,0,1.0,1.0,1.0,0.6224677814370699,0.7110341016261248,0.5146978337203678,0.9103621277116698,0.9990516017839512,0.9984015803435391
17,0,True,7,9,False,0,1.0,1.0,1.0,0.7986567289913318,0.9335550653141801,0.7417816329047682,0.9528759764780116,0.9986320841540368,0.9609473965065277
17,1,True,6,9,False,0,1.0,1.0,1.0,0.6537201589235999,0.6639918476508971,0.4341309589970018,0.9413607558305714,0.9964516546456181,0.9974267696893416
17,2,True,7,9,False,0,1.0,1.0,1.0,0.9456862443930387,0.7873745635243932,0.7330955957775358,0.9999961412809337,0.9998883789955639,0.9999942136327595
17,3,True,6,9,False,0,1.0,0.9977281419675246,0.9777752457573474,0.7234475318437765,0.4623349516568491,0.3536563202154076,0.9872655912987731,0.9911273440118527,0.903008259731361
17,4,True,8,9,False,0,1.0,1.0,1.0,0.82066906392064,0.9314230037317373,0.7637668928022238,0.9990399024536954,1.0,1.0
17,5,True,7,9,False,0,1.0,1.0,1.0,0.7731533182601114,0.9848009855044887,0.7630368520211905,0.9999999972209946,0.9999999984403043,0.9999999547335401
17,6,True,7,9,False,0,1.0,1.0,1.0,0.7528033784420349,0.999982007599952,0.7527927247002912,0.9965379593069119,0.9911485774289776,0.8480133702499265
17,7,True,7,9,False,0,1.0,1.0,1.0,0.7925628097396481,0.9891764591024508,0.7874130850023662,1.0,1.0,1.0
17,8,True,9,9,True,0,1.0,1.0,1.0,0.9922019259496142,0.996829361125013,0.9890568547326709,0.9999979403104042,1.0,0.9993859647719552
17,9,True,7,9,False,0,1.0,1.0,1.0,0.9999732893728068,0.6548059629650722,0.6547947993420892,0.8188943368456099,0.8271664831935989,0.9201088216844109
17,10,True,9,9,True,0,1.0,1.0,1.0,1.0,0.9520927071600618,0.9520927071600618,1.0,0.8569176366419881,0.9850634287076198
17,11,True,9,9,True,0,1.0,1.0,1.0,0.9997944570968798,0.998433371231573,0.9983323307147689,0.9938670854067271,0.9999897499077096,0.8151100906389561
17,12,True,7,9,False,0,1.0,1.0,1.0,0.6915647299193738,0.8235139093630716,0.5695216204605308,1.0,1.0,1.0
17,13,True,9,9,True,0,1.0,1.0,1.0,1.0,0.9940027266807463,0.9940027266807463,1.0,0.9091386650356208,1.0
17,14,True,9,9,True,0,1.0,1.0,1.0,0.996358511400407,0.9693705013024273,0.9673163354826885,0.9789691124220776,0.9256169352819241,0.7834601995012316
17,15,True,9,9,True,0,1.0,1.0,1.0,0.92911327855724,1.0,0.9291142852660875,1.0,0.9852757578527102,0.9974080316601479
17,16,True,9,9,True,0,1.0,1.0,1.0,1.0,1.0,1.0,1.0,1.0,0.9856071798132346
17,17,True,9,9,True,0,1.0,1.0,1.0,1.0,0.818095747355716,0.818095747355716,0.8863522497167324,0.9999204357393039,0.90550189807935
17,18,True,7,9,False,0,1.0,1.0,1.0,0.7723467522378111,0.9988199080221839,0.7714636940158413,0.9999983633866661,0.9999999963725992,0.9987463682796509
17,19,True,6,9,False,0,1.0,1.0,1.0,0.6260457643033137,0.7198880936909915,0.5146994843369593,0.9163381364220178,0.9996387263556588,0.9984118751730986
18,0,True,5,9,False,0,1.0,1.0,1.0,0.7999829906511683,0.771268986330536,0.6128471404499765,0.21259241834750653,0.9983776545516382,0.9563009840008281
18,1,True,8,9,False,0,1.0,1.0,1.0,0.9735953800764641,0.8960676779251471,0.8960676683944411,0.5992938924238109,0.8455000576923033,0.996857713380053
18,2,True,7,9,False,0,1.0,1.0,1.0,0.9374921740466502,0.6782023478974728,0.6243927760019448,0.9999959902618362,0.999213140359225,0.999990274708882
18,3,True,6,9,False,0,1.0,0.9977402475576908,0.9504044866205117,0.7233064267913207,0.17583121797932666,0.17114139536200723,0.7131857171887797,0.9908107468305151,0.8981132073020185
18,4,True,7,9,False,0,1.0,1.0,1.0,0.0,0.9999844996489662,0.0,0.9999999434729215,1.0,1.0
18,5,True,7,9,False,0,0.9999920261499204,0.9999926466467923,0.9999889200602204,0.7731533192240936,0.9848009868174087,0.763036852926202,0.9999920262893673,0.9999949746983385,0.9999999547335338
18,6,True,6,9,False,0,0.9999999895732917,0.999999995433231,0.9999256696513069,0.7528004938511779,0.9999667463681351,0.7527808256984195,0.9965275252374693,0.9911456680528871,0.484468448013053
18,7,True,3,9,False,0,0.02714815831856833,0.17647058823529405,0.02714815831856833,0.0,0.027148191034370384,0.0,1.0,1.0,1.0
18,8,True,8,9,False,0,1.0,1.0,0.0,0.9904788000886023,0.9999541741586894,0.9921573028538545,0.999999969056908,1.0,0.9997837389833398
18,9,True,7,9,False,0,1.0,1.0,1.0,0.9999732939079324,0.6548038103569861,0.6547926265850339,0.8188943299855265,0.7101038753059636,0.9123765926569877
18,10,True,4,9,False,0,1.0,0.18993486776547547,0.18993528040352137,1.0,0.1618141896098434,0.1618141896098434,1.0,0.5982127300302191,0.9807116396509594
18,11,True,8,9,False,0,1.0,0.9995458915503181,0.0,0.9997522864700938,0.9979496081882333,0.9978428265632976,0.9928793732152089,0.9980437454224542,0.7319200521314507
18,12,True,6,9,False,0,1.0,0.9989412715557362,0.9922652915772304,0.6913651824417043,0.2589540737291467,0.22035071763638792,1.0,1.0,1.0
18,13,True,9,9,True,0,1.0,0.9999723884493981,0.9999727223270649,1.0,0.9979980389675356,0.9979980389675356,1.0,0.8961555900075417,1.0
18,14,True,3,9,False,0,0.03669024263968835,0.036683124043942486,0.036713749896897595,0.036037990313947714,0.036520885177289686,0.03590791537558835,0.8953550435655986,0.8657901089164506,0.7353531083228031
18,15,True,6,9,False,0,0.9971847096384621,0.9995613843853981,0.0032073294351221593,0.9348865975422507,0.9971602631937212,0.934863683931088,0.4816408038992085,0.5267066043896318,0.9971386779035445
18,16,True,3,9,False,0,0.0,0.0,0.0,0.0,0.0,0.0,1.0,1.0,1.0
18,17,True,9,9,True,0,1.0,1.0,1.0,1.0,0.8510791020182704,0.8510791020182704,0.8654975673033375,1.0,0.8849507143442745
18,18,True,9,9,True,0,0.9992817871343151,0.999441270643378,0.9992817312113338,0.9370168541827539,0.9870004755474269,0.9255039782978953,0.9999963711605946,0.9999995465062612,0.9984938979874068
18,19,True,5,9,False,0,1.0,1.0,0.9999940442491024,0.4077406310103982,0.3595877026216314,0.24399918394410725,0.6739888896607286,0.9996084852691823,0.9982950790048495
19,0,True,7,9,False,0,1.0,1.0,1.0,0.7935186827966061,0.9281112232056361,0.7417816309990708,0.940867633519915,0.9940332012600136,0.9529481342360717
19,1,True,6,9,False,0,1.0,1.0,1.0,0.653543675397262,0.6639242200927158,0.43392043140105185,0.9400186394005179,0.9962473131883726,0.9973315455316473
19,2,True,7,9,False,0,1.0,1.0,1.0,0.9310626547127714,0.7873745635243932,0.7330955957775358,0.9999952718213736,0.9998864877814518,0.9999941765488418
19,3,True,6,9,False,0,0.9935948925006006,0.9928833540416523,0.9774392901460538,0.7211383441874325,0.4610695819631082,0.35345289818750436,0.9795999281443667,0.9908527509730586,0.9020950312297917
19,4,True,8,9,False,0,1.0,1.0,1.0,0.8206668648910145,0.9307359843728795,0.7637668928022238,0.9989602569605884,1.0,1.0
19,5,True,7,9,False,0,1.0,1.0,1.0,0.7731533192240934,0.9788910933626738,0.7630368510592159,0.9999999914823998,0.9999999980987373,0.9999999523450306
19,6,True,7,9,False,0,1.0,1.0,1.0,0.752796091111572,0.9883583224342459,0.7448456953100469,0.9957725149730998,0.9879091963087077,0.839518714617518
19,7,True,7,9,False,0,1.0,1.0,1.0,0.7925628097385392,0.988557786869483,0.7874130850023662,1.0,1.0,1.0
19,8,True,9,9,True,0,0.9933345914176155,1.0,0.993334591870795,0.9922027617068039,0.990185084533261,0.9890568434460923,0.9999896407483136,1.0,0.9993551347334407
19,9,True,7,9,False,0,1.0,1.0,1.0,0.9998233071994992,0.6362373376641973,0.6361746744993619,0.8128033564462676,0.8106775055480279,0.9181939539818461
19,10,True,9,9,True,0,1.0,1.0,1.0,1.0,0.9166712414060492,0.9166712414060492,1.0,0.8326926820343826,0.9836489155222217
19,11,True,9,9,True,0,1.0,1.0,1.0,0.9997933622011214,1.0,0.9997934307535367,0.992953862142531,0.9999886198949888,0.800789798826907
19,12,True,7,9,False,0,1.0,1.0,1.0,0.6915647299193738,0.8234985983348078,0.5695216204605308,1.0,1.0,1.0
19,13,True,9,9,True,0,1.0,1.0,1.0,1.0,0.9610699416382308,0.9610699416382308,1.0,0.9025267124771337,1.0
19,14,True,9,9,True,0,1.0,1.0,1.0,0.9962767491272055,0.960797804665758,0.9591776035525842,0.9773786211541845,0.9137207047878942,0.7761904452584724
19,15,True,9,9,True,0,1.0,1.0,1.0,0.92911327855724,1.0,0.9291142852660875,1.0,0.9851902821011019,0.9971853950368267
19,16,True,9,9,True,0,1.0,1.0,1.0,1.0,1.0,1.0,1.0,1.0,0.9838687653933796
19,17,True,9,9,True,0,1.0,1.0,1.0,1.0,0.8180590763305464,0.8180590763305464,0.8740749835179085,0.9999090927924489,0.8968399932423505
19,18,True,7,9,False,0,1.0,1.0,1.0,0.7723469083206917,0.9987893792960504,0.7714636940158413,0.9999970219628059,0.9999315502278111,0.9983360207359024
19,19,True,6,9,False,0,1.0,1.0,1.0,0.6224677814370699,0.7110341016261248,0.5146978337203678,0.9103621277116698,0.9990516017839512,0.9984015803435391
