sample_id,approach,size,complete,attempts,time_s,output_tokens,p_goal1,p_goal2,p_goal3,p_seq_1_before_2,p_seq_2_before_3,p_complete_sequence,p_avoid_moving_seg1,p_avoid_moving_seg2,p_avoid_moving_seg3,p_best_goal1,p_best_goal2,p_best_goal3,p_best_seq_1_before_2,p_best_seq_2_before_3,p_best_complete_sequence,p_best_avoid_moving_seg1,p_best_avoid_moving_seg2,p_best_avoid_moving_seg3,met,shortfall,met_best,input_tokens,prism_s,uncovered_pct,rules,solved,solvable,condition,seed
0,symbolic,,True,5,169.71356654167175,26048,1.0,0.9999999700712838,1.0,0.7935222670036706,0.928111761443937,0.7417820068658478,0.9115780642105875,0.9924950448109761,0.9598159142505388,1.0,0.9999999700712838,1.0,0.7935222670036706,0.9281117611060643,0.7417820067173844,0.9115780642105875,0.9924950448109761,0.9598159142505388,7,0.06469572613048169,7,18941,28.035494565963745,0.0,24,False,True,haiku_large_R4,seed_none_1
1,symbolic,,True,5,257.0413827896118,43925,1.0,1.0,1.0,0.7454452083601478,0.9925787392849714,0.7404688988286713,0.8731402065020697,0.9966077635279135,0.9084400819868531,1.0,1.0,1.0,0.7454452083601478,0.9925787390388876,0.7404688987295615,0.8731402065020697,0.9966077635279135,0.9084400819868531,7,0.11408589281118098,7,24664,6.89453125,0.0,30,False,True,haiku_large_R4,seed_none_1
2,symbolic,,True,2,94.2590000629425,16177,1.0,1.0,1.0,1.0,1.0,1.0,1.0,1.0,1.0,1.0,1.0,1.0,1.0,1.0,1.0,1.0,1.0,1.0,9,0.0,9,7836,2.7052268981933594,0.0,34,True,True,haiku_large_R4,seed_none_1
3,symbolic,,True,5,237.05450057983398,42721,1.0,1.0,0.9927239765025413,0.7978483203275202,0.413171069001101,0.3300128429757596,1.0,1.0,0.8142323084674368,1.0,1.0,0.9927239765025413,0.7978483203275202,0.4131710688996268,0.3300128428897493,1.0,1.0,0.8142323084674368,6,0.8589677676956193,6,31346,6.845233678817749,0.0,59,False,True,haiku_large_R4,seed_none_1
4,symbolic,,True,2,92.63418674468994,17159,1.0,1.0,0.9373606678085571,0.8579141440287652,0.9609213822317912,0.8188355764826303,1.0,1.0,1.0,1.0,1.0,0.9373606678085571,0.8579141440287652,0.9609213818116925,0.8188355762455072,1.0,1.0,1.0,9,0.0,9,8423,2.804567575454712,0.0,29,True,True,haiku_large_R4,seed_none_1
5,symbolic,,True,2,58.29183292388916,9344,1.0,1.0,1.0,0.9324974809061427,0.9955551090779448,0.9283526316386275,1.0,1.0,1.0,1.0,1.0,1.0,0.9324974809061427,0.9955551090779399,0.9283526313200963,1.0,1.0,1.0,9,0.0,9,7946,2.7150561809539795,0.0,20,True,True,haiku_large_R4,seed_none_1
6,symbolic,,True,2,79.29233956336975,13078,1.0,1.0,0.998787799279012,0.9849901374185982,0.9998466129061405,0.9848406080228473,0.9974322945852055,0.9984962206603029,0.8601036366561221,1.0,1.0,0.998787799279012,0.9849901374185982,0.9998466124963561,0.9848406076586469,0.9974322945852055,0.9984962206603029,0.8601036366561221,9,0.0,9,8158,2.782594680786133,0.0,29,True,True,haiku_large_R4,seed_none_1
7,symbolic,,True,5,383.33585476875305,80546,1.0,0.8546712800169742,0.8288150469083766,0.8235294115474938,0.7988631131594838,0.654392259197148,1.0,1.0,1.0,1.0,0.8546712800169742,0.8288150469083766,0.8235294115474938,0.798863112970631,0.6543922590799467,1.0,1.0,1.0,7,0.14674462764336826,7,40266,7.2412848472595215,0.0,59,False,True,haiku_large_R4,seed_none_1
8,symbolic,,True,3,107.20801877975464,18468,0.9979411311262627,0.9979411311262627,0.996462215298096,0.9979411311262627,0.9979411316143975,0.9979411316143975,1.0,1.0,0.9963729611399863,0.9979411311262627,0.9979411311262627,0.996462215298096,0.9979411311262627,0.9979411311262628,0.9979411311262628,1.0,1.0,0.9963729611399863,9,0.0,9,14465,4.329920053482056,0.0,42,True,True,haiku_large_R4,seed_none_1
9,symbolic,,True,1,36.082844257354736,5627,1.0,1.0,1.0,1.0,0.8642754739040097,0.8642754739040097,0.8416839947789535,0.784150246543972,0.9141968121577576,1.0,1.0,1.0,1.0,0.8642754737762297,0.8642754737762297,0.8416839947789535,0.784150246543972,0.9141968121577576,9,0.0,9,2854,1.419450283050537,0.0,19,True,True,haiku_large_R4,seed_none_1
10,symbolic,,True,2,51.306885957717896,8315,1.0,0.9608118243741921,0.9209226647668998,1.0,0.9551843130194877,0.9551843130194877,1.0,0.8964697729952458,0.9952983607177047,1.0,0.9608118243741921,0.9209226647668998,1.0,0.9551843127680194,0.9551843127680194,1.0,0.8964697729952458,0.9952983607177047,9,0.0,9,8412,2.8641867637634277,0.0,25,True,True,haiku_large_R4,seed_none_1
11,symbolic,,True,5,130.30856704711914,21432,1.0,1.0,1.0,1.0,0.9749590834672577,0.9749590834672577,0.9960567477626301,1.0,0.8731760758165539,1.0,1.0,1.0,1.0,0.9749590832930779,0.9749590832930779,0.9960567477626301,1.0,0.8731760758165539,9,0.0,9,18251,6.814498424530029,0.0,20,True,True,haiku_large_R4,seed_none_1
12,symbolic,,True,5,293.51043939590454,53257,1.0,0.9989393980522976,0.996246426593491,0.7430548486937423,0.8223534187612734,0.6110536953375882,1.0,1.0,1.0,1.0,0.9989393980522976,0.996246426593491,0.7430548486937423,0.8223534184143946,0.6110536951125412,1.0,1.0,1.0,7,0.24589145596866957,7,29328,7.475985050201416,0.0,55,False,True,haiku_large_R4,seed_none_1
13,symbolic,,True,3,79.12652206420898,14230,1.0,0.8538681945454004,0.8538681945454004,1.0,0.8538681947905704,0.8538681947905704,1.0,0.9143178039132619,1.0,1.0,0.8538681945454004,0.8538681945454004,1.0,0.8538681945454004,0.8538681945454004,1.0,0.9143178039132619,1.0,9,0.0,9,14083,4.11199426651001,0.0,32,True,True,haiku_large_R4,seed_none_1
14,symbolic,,True,3,150.48185920715332,29044,0.9997735609383197,0.9998336506841334,0.9997743691464396,0.9997644960255732,0.9996108683871059,0.9996032667440297,0.999412810627044,0.9995070784275735,0.8910131504398451,0.9997735609383197,0.9998336506841334,0.9997743691464396,0.9997644960255732,0.9996108678952356,0.999603266252147,0.999412810627044,0.9995070784275735,0.8910131504398451,9,0.0,9,14978,4.3271284103393555,0.0,52,True,True,haiku_large_R4,seed_none_1
15,symbolic,,True,3,158.01918768882751,27597,0.938318066940663,0.9429447886993857,0.9383137356916879,0.938318066940663,0.9383137360901218,0.9383137360901218,0.8308718273351398,0.9816250244698573,0.9888947223386642,0.938318066940663,0.9429447886993857,0.9383137356916879,0.938318066940663,0.9383137356916879,0.9383137356916879,0.8308718273351398,0.9816250244698573,0.9888947223386642,9,0.0,9,14426,4.232585191726685,0.0,35,True,True,haiku_large_R4,seed_none_1
16,symbolic,,True,3,111.69333577156067,19109,1.0,1.0,1.0,1.0,1.0,1.0,1.0,1.0,0.9579690148415628,1.0,1.0,1.0,1.0,1.0,1.0,1.0,1.0,0.9579690148415628,9,0.0,9,14657,4.127040863037109,0.0,37,True,True,haiku_large_R4,seed_none_1
17,symbolic,,True,5,898.9668836593628,35331,0.9399351678465638,0.051758459424047144,0.10746968407504454,0.9399351678465638,0.04650282730835065,0.04650282730835065,0.8445302498624039,1.0,0.9985510965514148,0.9399351678465638,0.051758459424047144,0.10746968407504454,0.9399351678465638,0.04650282545159108,0.04650282545159108,0.8445302498624039,1.0,0.9985510965514148,5,2.9477662018842072,5,21077,14.921077251434326,0.0,13,False,True,haiku_large_R4,seed_none_1
18,symbolic,,True,2,87.63148474693298,17508,1.0,1.0,1.0,0.9375810386333545,1.0,0.9375810389763574,1.0,1.0,0.9993122013047492,1.0,1.0,1.0,0.9375810386333545,1.0,0.9375810386333544,1.0,1.0,0.9993122013047492,9,0.0,9,8663,3.422426700592041,0.0,30,True,True,haiku_large_R4,seed_none_1
19,symbolic,,True,5,143.96209359169006,25786,0.9999910894187978,0.999991148683609,0.9999926419696494,0.8614288035768187,0.8682499361527865,0.7394081006577913,0.9000452751832896,1.0,1.0,0.9999910894187978,0.999991148683609,0.9999926419696494,0.8614288035768187,0.868249935938914,0.7394081005628327,0.9000452751832896,1.0,1.0,8,0.060591899342208766,8,22708,6.9755449295043945,0.0,37,False,True,haiku_large_R4,seed_none_1
0,symbolic,,True,5,298.76651787757874,25379,1.0,0.9897708926236692,0.989417728395759,0.7935222669905286,0.9586054120389702,0.7606747398703227,0.8638955916897179,0.9987130428098946,0.9536113601296209,1.0,0.9897708926236692,0.989417728395759,0.7935222669905286,0.9586054116092506,0.7606747397368693,0.8638955916897179,0.9987130428098946,0.9536113601296209,7,0.04580299313914871,7,18594,111.02203369140625,0.0,14,False,True,haiku_large_R4,seed_none_2
1,symbolic,,True,5,203.12309193611145,36721,0.9961362589508249,0.9962207639101426,0.9967212487406061,0.9900049547068648,0.9892999883614301,0.9837149830518761,0.4540968633297806,1.0,1.0,0.9961362589508249,0.9962207639101426,0.9967212487406061,0.9900049547068648,0.9892999880418569,0.9837149827693683,0.4540968633297806,1.0,1.0,8,0.24590313667021935,8,19354,7.015266180038452,0.0,24,False,True,haiku_large_R4,seed_none_2
2,symbolic,,True,5,152.8403401374817,26193,1.0,1.0,1.0,0.9654018349742237,0.7873744619294052,0.7527830157837635,1.0,1.0,1.0,1.0,1.0,1.0,0.9654018349742237,0.7873744616429017,0.7527830154983262,1.0,1.0,1.0,7,0.0598425222868314,7,19015,6.7665016651153564,0.0,34,False,True,haiku_large_R4,seed_none_2
3,symbolic,,True,5,165.81612467765808,22313,0.8167626270074756,0.8468938512907676,0.6431908408616855,0.7864715365081357,0.6970801286244568,0.6727591277400452,0.9999867483010383,1.0,0.947657491077977,0.8167626270074756,0.8468938512907676,0.6431908408616855,0.7864715365081357,0.6970801286196897,0.6727591277354369,0.9999867483010383,1.0,0.947657491077977,5,0.4004983662656769,5,16079,6.780983209609985,0.0,17,False,True,haiku_large_R4,seed_none_2
4,symbolic,,True,5,235.8219985961914,43910,1.0,1.0,1.0,0.9258889001026798,0.8258507643023854,0.7517418302368928,0.967912992607129,1.0,1.0,1.0,1.0,1.0,0.9258889001026798,0.8258507642062601,0.751741830140825,0.967912992607129,1.0,1.0,8,0.04825816976310726,8,29320,7.119787216186523,0.0,49,False,True,haiku_large_R4,seed_none_2
5,symbolic,,True,5,191.71844744682312,32198,1.0,1.0,1.0,0.7925939832312401,0.9974947269109683,0.7906083189033368,1.0,1.0,1.0,1.0,1.0,1.0,0.7925939832312401,0.9974947269039129,0.7906083188549405,1.0,1.0,1.0,7,0.016797697865423178,7,16179,6.779475927352905,0.0,15,False,True,haiku_large_R4,seed_none_2
6,symbolic,,True,3,118.98220419883728,21510,1.0,0.9999999995803577,0.9999999995621147,0.9957153426506307,0.999852274122883,0.9955706279755253,0.9977555720431298,0.9984332196211008,0.9890988475635518,1.0,0.9999999995803577,0.9999999995621147,0.9957153426506307,0.9998522737054464,0.9955706276045786,0.9977555720431298,0.9984332196211008,0.9890988475635518,9,0.0,9,13873,4.398666858673096,0.0,34,True,True,haiku_large_R4,seed_none_2
7,symbolic,,True,4,255.17329835891724,48188,1.0,1.0,1.0,0.8235294115474938,1.0,0.8235294117098263,1.0,1.0,1.0,1.0,1.0,1.0,0.8235294115474938,1.0,0.8235294115474938,1.0,1.0,1.0,9,0.0,9,23495,5.811225414276123,0.0,60,True,True,haiku_large_R4,seed_none_2
8,symbolic,,True,1,27.806738138198853,4251,0.9276918698974603,0.9276918698974603,0.9307893075056584,0.8980413881426814,0.9269121406224359,0.8972865802451755,1.0,1.0,1.0,0.9276918698974603,0.9276918698974603,0.9307893075056584,0.8980413881426814,0.9269121402523819,0.8972865798692264,1.0,1.0,1.0,9,0.0,9,2961,1.4098846912384033,0.0,17,True,True,haiku_large_R4,seed_none_2
9,symbolic,,True,5,157.38525438308716,25095,1.0,1.0,1.0,1.0,0.7484351948986141,0.7484351948986141,0.8416735535067821,0.9999990816038088,0.9170761042522866,1.0,1.0,1.0,1.0,0.7484351947566957,0.7484351947566957,0.8416735535067821,0.9999990816038088,0.9170761042522866,7,0.10312961020277189,7,19261,8.794803857803345,0.0,18,False,True,haiku_large_R4,seed_none_2
10,symbolic,,True,5,143.75998210906982,25859,1.0,1.0,0.8601769327813119,1.0,0.9736773295277448,0.9736773295277448,1.0,0.7709830563232991,1.0,1.0,1.0,0.8601769327813119,1.0,0.9736773291021023,0.9736773291021023,1.0,0.7709830563232991,1.0,9,0.0,9,19425,7.300764560699463,0.0,28,True,True,haiku_large_R4,seed_none_2
11,symbolic,,True,1,33.7546226978302,5243,1.0,1.0,1.0,1.0,0.9749590834672577,0.9749590834672577,0.9960567477626301,1.0,0.8711575455315407,1.0,1.0,1.0,1.0,0.9749590832930779,0.9749590832930779,0.9960567477626301,1.0,0.8711575455315407,9,0.0,9,2781,1.3752803802490234,0.0,16,True,True,haiku_large_R4,seed_none_2
12,symbolic,,True,2,125.64230155944824,22198,0.989859365884898,0.9901537903055466,0.9884106598249862,0.9852829982821202,0.8132697369767998,0.8095991071975166,1.0,1.0,1.0,0.989859365884898,0.9901537903055466,0.9884106598249862,0.9852829982821202,0.8132697366296533,0.8095991068529556,1.0,1.0,1.0,9,0.0,9,8887,3.017141342163086,0.0,53,True,True,haiku_large_R4,seed_none_2
13,symbolic,,True,2,109.77594780921936,19352,1.0,0.9972387637381025,0.9181098823744198,1.0,0.991235477769405,0.991235477769405,1.0,0.9719463005381568,0.9975872083552156,1.0,0.9972387637381025,0.9181098823744198,1.0,0.9912354773246119,0.9912354773246119,1.0,0.9719463005381568,0.9975872083552156,9,0.0,9,8275,2.7966320514678955,0.0,53,True,True,haiku_large_R4,seed_none_2
14,symbolic,,True,2,95.18690514564514,16556,0.9943836865577251,0.9564043489707694,0.9537971859364167,0.9943836865577251,0.9564021413082326,0.9564021413082326,1.0,0.9991540482399842,0.9413552678244295,0.9943836865577251,0.9564043489707694,0.9537971859364167,0.9943836865577251,0.9564021409666974,0.9564021409666974,1.0,0.9991540482399842,0.9413552678244295,9,0.0,9,8413,2.8847498893737793,0.0,33,True,True,haiku_large_R4,seed_none_2
15,symbolic,,True,4,218.49005484580994,38576,0.998428365812068,0.9965673766550032,0.8858577808163997,0.9916092465087281,0.9965545794505243,0.9897482578409591,0.9776136491513123,0.9855107880490108,0.9917374592257373,0.998428365812068,0.9965673766550032,0.8858577808163997,0.9916092465087281,0.9965545789884886,0.9897482573619903,0.9776136491513123,0.9855107880490108,0.9917374592257373,9,0.0,9,20497,5.867773771286011,0.0,34,True,True,haiku_large_R4,seed_none_2
16,symbolic,,True,3,140.6678864955902,25839,0.9877085229093436,0.984874670083044,0.824754335403711,0.9877085229093436,0.9848746705315362,0.9848746705315362,1.0,0.9999955247231543,0.9990466398464415,0.9877085229093436,0.984874670083044,0.824754335403711,0.9877085229093436,0.984874670083044,0.984874670083044,1.0,0.9999955247231543,0.9990466398464415,9,0.0,9,13686,4.216344356536865,0.0,32,True,True,haiku_large_R4,seed_none_2
17,symbolic,,True,5,190.78841757774353,37682,1.0,0.897133174666689,0.4993378084765423,1.0,0.897133175000818,0.897133175000818,0.9993066979551056,1.0,0.9354214049267018,1.0,0.897133174666689,0.4993378084765423,1.0,0.897133174666689,0.897133174666689,0.9993066979551056,1.0,0.9354214049267018,8,0.30066219152345774,8,29396,7.354894161224365,0.0,30,False,True,haiku_large_R4,seed_none_2
18,symbolic,,True,2,43.976540088653564,6472,0.9958190612372235,0.9967121196781151,0.8377774740362715,0.9333432952076737,0.9955091527113703,0.9330510374210541,0.9999898001552696,0.9999885492021637,0.9947372458730297,0.9958190612372235,0.9967121196781151,0.8377774740362715,0.9333432952076737,0.9955091522244517,0.9330510370687619,0.9999898001552696,0.9999885492021637,0.9947372458730297,9,0.0,9,8598,4.122009515762329,0.0,24,True,True,haiku_large_R4,seed_none_2
19,symbolic,,True,5,166.71388053894043,30218,1.0,1.0,1.0,0.7647002516589603,0.8214105059701275,0.6358461149424787,1.0,0.9999449650325093,0.9999342040621388,1.0,1.0,1.0,0.7647002516589603,0.8214105057664265,0.6358461148850154,1.0,0.9999449650325093,0.9999342040621388,7,0.19945363339856115,7,23024,7.043719053268433,0.0,16,False,True,haiku_large_R4,seed_none_2
0,symbolic,,True,5,48.893256187438965,5108,1.0,1.0,1.0,0.7999854836320786,0.7697982834499857,0.6116641690793171,0.20597076664188108,0.9982725429997538,0.9531931940380921,1.0,1.0,1.0,0.8233802852114595,0.9544852067302521,0.7584121886640278,0.9448630573978074,1.0,0.9902364072454171,5,0.7125812971967377,8,17602,8.276749610900879,0.0,5,False,True,haiku_rl_grid_large,seed_none_1
1,symbolic,,True,5,159.05704069137573,17730,1.0,1.0,1.0,0.6607883607112708,0.8175158744901199,0.5446871528209427,0.5937544990672597,0.9215925894083539,0.9993938529955312,1.0,1.0,1.0,0.6663139730552332,0.8773774168750292,0.5843511526978138,0.9812736638757059,0.9966707191469665,1.0,6,0.5007699874005268,7,21021,53.1363570690155,0.0,33,False,True,haiku_rl_grid_large,seed_none_1
2,symbolic,,True,5,85.33219122886658,12458,1.0,1.0,1.0,0.9303410452447641,0.0,0.0,0.9999958509422042,0.9977161067678297,0.9999111604512544,1.0,1.0,1.0,0.9999941809217636,0.7873744616429017,0.7533907762848799,1.0,1.0,1.0,7,1.6,7,22596,7.343695878982544,0.0,6,False,True,haiku_rl_grid_large,seed_none_1
3,symbolic,,True,5,86.6200168132782,6647,1.0,0.9977486334157296,0.9495351971691937,0.7232412769644071,0.17576538235461325,0.17107332405538167,0.713146382539155,0.9907684206353295,0.8955755594512911,1.0,1.0,1.0,0.9563137254713152,0.9399847455327237,0.9117149468490287,0.996268382383501,1.0,0.9964617310896583,6,1.3299200166255982,9,22318,33.60393738746643,0.0,5,False,True,haiku_rl_grid_large,seed_none_1
4,symbolic,,True,5,58.461575984954834,7473,1.0,1.0,0.999615343053009,0.0,0.9999844995208326,0.0,0.9999999423709062,1.0,0.9998672039936345,1.0,1.0,1.0,0.0,1.0,0.0,1.0,1.0,1.0,7,1.6,7,17436,8.593372821807861,0.0,4,False,True,haiku_rl_grid_large,seed_none_1
5,symbolic,,True,2,85.1166603565216,14156,0.9999987803973218,0.9999938674525355,0.9999938384818197,0.9951321637054948,0.9908566144441318,0.9861790800628845,0.9999987803973225,0.9999949746983385,0.999999957085326,1.0,1.0,1.0,0.9954058186356816,0.9999998238958626,0.9954056144072219,1.0,1.0,1.0,9,0.0,9,11971,2.970790147781372,0.0,13,True,True,haiku_rl_grid_large,seed_none_1
6,symbolic,,True,5,116.60834813117981,17679,0.9999999749600366,0.9999999891341598,0.9967088898513268,0.752800493851178,0.9999665886921282,0.7527808255357433,0.9969681102873041,0.992090090025399,0.037690301155240524,1.0,1.0,1.0,0.7922193972370519,0.9999999999975396,0.7922193953462984,0.9999429288360661,1.0,0.9619619162080977,6,0.7567283794578382,7,23316,19.190674781799316,0.0,7,False,True,haiku_rl_grid_large,seed_none_1
7,symbolic,,True,5,162.01059651374817,30164,0.0,0.17647058829017367,0.0,0.0,0.0,0.0,1.0,1.0,1.0,1.0,1.0,1.0,0.0,1.0,0.0,1.0,1.0,1.0,3,4.623529411709827,7,32888,12.276934146881104,0.0,5,False,True,haiku_rl_grid_large,seed_none_1
8,symbolic,,True,5,122.003333568573,17377,0.0,0.0,0.0,0.0,0.0,0.0,0.9999999646890518,1.0,0.9995639037432994,1.0,1.0,1.0,1.0,1.0,1.0,1.0,1.0,1.0,3,4.800000000000001,9,23539,10.462792873382568,0.0,17,False,True,haiku_rl_grid_large,seed_none_1
9,symbolic,,True,5,496.7539722919464,11575,1.0,1.0,1.0,0.9999732939079328,0.7357672451798365,0.7357546908435673,0.8188943299854672,0.8802688519178449,0.9291486330379125,1.0,1.0,1.0,1.0,0.8551161410033787,0.8551161410032628,0.8575493439763301,0.9783285582090795,0.971280051441024,7,0.12847806397659634,9,20247,419.2314338684082,0.0,14,False,True,haiku_rl_grid_large,seed_none_1
10,symbolic,,True,2,81.26013731956482,11537,1.0,0.999999877187606,0.9999989121048125,1.0,0.9520926533202154,0.9520926533202154,1.0,0.8336025645544678,0.9831012871110135,1.0,1.0,1.0,1.0,0.9942211438946225,0.9942211438946225,1.0,0.9262648542946552,1.0,9,0.0,9,12858,14.707955121994019,0.0,5,True,True,haiku_rl_grid_large,seed_none_1
11,symbolic,,True,2,461.2079088687897,7113,1.0,0.9992412523777077,0.9999878695047011,0.9997708574376607,0.9975660722030513,0.9974542749159304,0.9925238255844969,0.9957427496991442,0.8999776633335872,1.0,1.0,1.0,1.0,1.0,1.0,1.0,1.0,0.914314214616027,9,0.0,9,7254,411.91934633255005,0.0,10,True,True,haiku_rl_grid_large,seed_none_1
12,symbolic,,True,5,535.6640493869781,10744,1.0,0.9964112555822533,0.9962849954051468,0.6913651824417043,0.2579035301603648,0.21951344091888858,1.0,1.0,1.0,1.0,1.0,1.0,0.9692946791166728,0.8209856148962547,0.7968168691551663,1.0,1.0,1.0,6,1.2312178464790424,8,25857,69.83322668075562,0.0,7,False,True,haiku_rl_grid_large,seed_none_1
13,symbolic,,True,2,126.47090458869934,20682,1.0,1.0,0.9970084311775419,1.0,1.0,1.0,1.0,0.904312027557966,1.0,1.0,1.0,1.0,1.0,1.0,1.0,1.0,0.9101861058482323,1.0,9,0.0,9,19355,4.977535963058472,0.0,23,True,True,haiku_rl_grid_large,seed_none_1
15,symbolic,,True,3,550.2356445789337,33503,0.9797234264448719,0.9919891763832135,0.9797230167073303,0.9324157090176675,0.9797230171730488,0.9324153194629108,0.8889392929335583,0.9848932340489518,0.9998097500325487,1.0,1.0,1.0,0.9940205689234496,1.0,0.9940205689234496,0.9894297847599623,0.9866124977086095,1.0,9,0.0,9,18131,334.11939239501953,0.0,19,True,True,haiku_rl_grid_large,seed_none_1
16,symbolic,,True,5,67.85108137130737,8051,0.0,0.0,0.0,0.0,0.0,0.0,1.0,1.0,1.0,0.0,0.0,0.0,0.0,0.0,0.0,1.0,1.0,1.0,3,4.800000000000001,3,23232,7.729480981826782,0.0,4,False,True,haiku_rl_grid_large,seed_none_1
17,symbolic,,True,2,415.6076514720917,4083,0.9374784909158338,0.9374784906697471,0.9453309476596512,0.9374784906697471,0.8325725110140612,0.8325725110140612,0.8604764925138727,1.0,0.8948983340811414,1.0,1.0,1.0,1.0,1.0,1.0,0.9997913430785543,1.0,0.931298445139028,9,0.0,9,7938,23.026984214782715,0.0,8,True,True,haiku_rl_grid_large,seed_none_1
19,symbolic,,True,5,321.54593873023987,5610,1.0,0.9999844262394977,0.9999810637058306,0.3117620761871923,0.02934269198610817,0.020946516826512163,0.6418464186261807,0.9995992778056815,0.9982607963092213,1.0,1.0,1.0,0.9639186251474549,0.9699452963856681,0.8173808791406743,0.9996295255780671,1.0,1.0,5,2.096102296374007,9,18202,273.86650228500366,0.0,6,False,True,haiku_rl_grid_large,seed_none_1
0,symbolic,,True,5,70.79571676254272,9751,1.0,1.0,1.0,0.7999854836320786,0.7697982834499857,0.6116641690793171,0.20597076664188108,0.9982725429997538,0.9531931940380921,1.0,1.0,1.0,0.8233802852114595,0.9544852067302521,0.7584121886640278,0.9448630573978074,1.0,0.9902364072454171,5,0.7125812971967377,8,25592,7.731710433959961,0.0,4,False,True,haiku_rl_grid_large,seed_none_2
1,symbolic,,True,5,270.0663778781891,39425,1.0,1.0,1.0,0.9876284557048527,0.9699769262402026,0.9675978272559629,0.6129355578986514,1.0,0.9994166862061546,1.0,1.0,1.0,1.0,0.9999999943979694,0.9999419840296668,0.6506328864469026,1.0,1.0,8,0.08706444210134856,8,23516,43.30729699134827,0.0,28,False,True,haiku_rl_grid_large,seed_none_2
2,symbolic,,True,5,85.67997765541077,12730,1.0,1.0,1.0,0.9303410452447641,0.0,0.0,0.9999958509422042,0.9977161067678297,0.9999111604512544,1.0,1.0,1.0,0.9999941809217636,0.7873744616429017,0.7533907762848799,1.0,1.0,1.0,7,1.6,7,22170,6.980797529220581,0.0,7,False,True,haiku_rl_grid_large,seed_none_2
3,symbolic,,True,5,62.57828497886658,4165,1.0,0.9977486334157296,0.9495351971691937,0.7232412769644071,0.17576538235461325,0.17107332405538167,0.713146382539155,0.9907684206353295,0.8955755594512911,1.0,1.0,1.0,0.9563137254713152,0.9399847455327237,0.9117149468490287,0.996268382383501,1.0,0.9964617310896583,6,1.3299200166255982,9,17173,27.24518585205078,0.0,4,False,True,haiku_rl_grid_large,seed_none_2
4,symbolic,,True,5,57.519375801086426,6501,1.0,1.0,0.999615343053009,0.0,0.9999844995208326,0.0,0.9999999423709062,1.0,0.9998672039936345,1.0,1.0,1.0,0.0,1.0,0.0,1.0,1.0,1.0,7,1.6,7,17436,7.9016029834747314,0.0,4,False,True,haiku_rl_grid_large,seed_none_2
5,symbolic,,True,5,78.859450340271,11087,0.999992026289086,0.9999926463541171,0.9999889201107001,0.7731533191855224,0.9848009839661318,0.7630368510043107,0.999992026289089,0.9999949746983385,0.999999954733533,1.0,1.0,1.0,0.7925939832931739,0.999999837954217,0.7925938548483457,1.0,1.0,1.0,7,0.06380982981016692,7,25245,7.228212356567383,0.0,6,False,True,haiku_rl_grid_large,seed_none_2
6,symbolic,,True,5,77.22642135620117,10873,0.9999999747618293,0.9999999889458504,0.9967088896537725,0.752800493851178,0.9999665310303142,0.7527808255357433,0.9965272238910878,0.9911456237627811,0.0364648738362352,1.0,1.0,1.0,0.795349724999568,0.9999999999978859,0.7953497233310562,0.9999904836671825,1.0,0.9624754945288136,6,0.7579538067768435,7,22795,10.970065832138062,0.0,3,False,True,haiku_rl_grid_large,seed_none_2
7,symbolic,,True,5,186.62116479873657,32073,0.0,0.17647058829017367,0.0,0.0,0.0,0.0,1.0,1.0,1.0,1.0,1.0,1.0,0.0,1.0,0.0,1.0,1.0,1.0,3,4.623529411709827,7,32178,8.430130243301392,0.0,4,False,True,haiku_rl_grid_large,seed_none_2
8,symbolic,,True,5,69.24207878112793,9654,0.0,0.0,0.0,0.0,0.0,0.0,0.9999999646890518,1.0,0.9994240893903924,1.0,1.0,1.0,1.0,1.0,1.0,1.0,1.0,1.0,3,4.800000000000001,9,18358,8.148300647735596,0.0,11,False,True,haiku_rl_grid_large,seed_none_2
9,symbolic,,True,5,385.4893002510071,28443,1.0,1.0,1.0,0.9999732939079328,0.7339291277900332,0.7339166048174105,0.8188943299854672,0.8194963551783208,0.9394512312259407,1.0,1.0,1.0,1.0,0.8563652160454539,0.8563652160454539,0.8575493439763301,0.9801603734771143,0.9647023799181029,7,0.13215426739255642,9,29587,229.52313137054443,0.0,21,False,True,haiku_rl_grid_large,seed_none_2
10,symbolic,,True,2,83.13811826705933,13062,1.0,1.0,0.9999989123119374,1.0,0.9524039031025655,0.9524039031025655,1.0,0.858957884602248,0.9856863748880869,1.0,1.0,1.0,1.0,0.9942211436568877,0.9942211436568877,1.0,0.8829575151902144,1.0,9,0.0,9,13224,12.496334552764893,0.0,15,True,True,haiku_rl_grid_large,seed_none_2
11,symbolic,,True,3,1274.8432829380035,14260,1.0,0.9992412523777077,0.9999878695047011,0.9997708574376607,0.9975660722030513,0.9974542749159304,0.9925238255844969,0.9957427496991442,0.864890063908949,1.0,1.0,1.0,1.0,1.0,1.0,1.0,1.0,0.8982949698938297,9,0.0,9,15813,1197.1658279895782,0.0,11,True,True,haiku_rl_grid_large,seed_none_2
12,symbolic,,True,5,506.208687543869,12370,1.0,0.999342772590766,0.9992999464380661,0.6909202720741168,0.257704807837852,0.2191193415403575,1.0,1.0,1.0,1.0,1.0,1.0,0.9692946791167503,0.8209856148962547,0.7968168691551663,1.0,1.0,1.0,6,1.2322555785476739,8,33804,63.607094526290894,0.0,11,False,True,haiku_rl_grid_large,seed_none_2
13,symbolic,,True,5,71.45192980766296,10698,0.176470588292074,0.17647054575597604,0.17399927588763803,0.176470588292074,0.17319407176155432,0.17319407176155432,1.0,0.884163389683054,0.21394013946789858,1.0,1.0,1.0,1.0,1.0,1.0,1.0,0.9968341776122567,1.0,2,4.236260718781231,9,27827,8.865387678146362,0.0,4,False,True,haiku_rl_grid_large,seed_none_2
14,symbolic,,True,5,1899.7544569969177,17474,0.42184854965165003,0.42183910419797654,0.421864942328136,0.4191713488677055,0.42170435845385523,0.4191161508335475,0.9830492449552254,0.9863254403843179,0.8272574800931962,1.0,1.0,1.0,1.0,1.0,1.0,0.9999999038053361,0.9998539702647644,0.9548732136122389,3,2.2744555456671294,9,20996,1812.119993686676,0.0,20,False,True,haiku_rl_grid_large,seed_none_2
15,symbolic,,True,5,296.8556385040283,6892,0.967147123231044,0.9853825717363077,0.0002153453600207744,0.8967177190025972,0.9671231121255902,0.8966954563956095,0.518653176101765,0.5173548863149043,0.9994126487278515,1.0,1.0,1.0,0.9971124927697383,1.0,0.9971124927697682,0.9993119925114358,0.9893942549713555,1.0,6,1.1637765922233099,9,23430,211.6687741279602,0.0,5,False,True,haiku_rl_grid_large,seed_none_2
16,symbolic,,True,3,109.11611342430115,18350,1.0,1.0,0.9890355469193544,1.0,1.0,1.0,1.0,1.0,0.9948393213490044,1.0,1.0,1.0,1.0,1.0,1.0,1.0,1.0,0.9995390810494137,9,0.0,9,14181,6.254809141159058,0.0,25,True,True,haiku_rl_grid_large,seed_none_2
17,symbolic,,True,2,93.4945342540741,13296,0.9374784907170975,0.9374784907170975,0.9431940707917947,0.9374784907170975,0.8325725110033588,0.8325725110033588,0.8604764924890281,1.0,0.9010581632345357,1.0,1.0,1.0,1.0,1.0,1.0,0.9997913430785528,1.0,0.927751022263859,9,0.0,9,18274,17.913259029388428,0.0,15,True,True,haiku_rl_grid_large,seed_none_2
18,symbolic,,True,2,1010.2258489131927,7684,0.9990669880169795,0.9781902226871866,0.999067487698299,0.9362611639457774,0.9779515582031372,0.9164766198853221,0.9995765778083544,0.999998643628791,0.9921168140877445,1.0,1.0,1.0,1.0,1.0,1.0,1.0,1.0,0.9998243944372709,9,0.0,9,8275,862.6327433586121,0.0,20,True,True,haiku_rl_grid_large,seed_none_2
19,symbolic,,True,5,267.745135307312,4601,1.0,0.9999844262394977,0.9999810637058306,0.3117620761871923,0.02934269198610817,0.020946516826512163,0.6418464186261807,0.9995992778056815,0.9982607963092213,1.0,1.0,1.0,0.9639186251474549,0.9699452963856681,0.8173808791406743,0.9996295255780671,1.0,1.0,5,2.096102296374007,9,18174,231.18165373802185,0.0,5,False,True,haiku_rl_grid_large,seed_none_2
0,symbolic,,True,5,71.55319595336914,8257,1.0,1.0,1.0,0.7986577179062719,0.9335550501913494,0.7417815632751825,0.9528759164984224,0.9986320826215883,0.9609473556111876,1.0,1.0,1.0,0.7986578021967339,0.9635627527432307,0.7656249997932187,0.963734424823424,1.0,0.9885385769579081,7,0.05956071881854563,7,22994,8.312211751937866,0.0,5,False,True,haiku_rl_grid_large_closer,seed_none_1
1,symbolic,,True,5,100.50445914268494,9753,1.0,1.0,1.0,0.9736053208824056,0.8960667461237893,0.8960667461237581,0.5992900948826078,0.845498580444101,0.9968576825342006,1.0,1.0,1.0,1.0,0.9999999946277258,0.9999457671929731,0.7098589035029557,0.9967324327167318,1.0,8,0.1007099051173922,9,22777,34.368008852005005,0.0,8,False,True,haiku_rl_grid_large_closer,seed_none_1
2,symbolic,,True,5,88.32177996635437,12786,1.0,1.0,1.0,0.931063260332676,0.7873744619294052,0.7330954339215746,0.9999952718145952,0.99988648765399,0.9999941765425325,1.0,1.0,1.0,0.9660150762560484,0.7873744616429017,0.753390775588008,1.0,1.0,1.0,7,0.07953010414902029,7,23700,7.513818979263306,0.0,5,False,True,haiku_rl_grid_large_closer,seed_none_1
3,symbolic,,True,5,47.17146420478821,5112,1.0,0.9977486334244441,0.9745092103582854,0.7234480692575638,0.4641291765235045,0.355028545278681,0.9872655911786884,0.9908388827527083,0.8995757091298449,1.0,1.0,1.0,0.9563137254713152,0.9285564883275284,0.8967358305556185,1.0,1.0,0.9956365057783578,6,0.8573942089402509,9,23126,7.5848846435546875,0.0,7,False,True,haiku_rl_grid_large_closer,seed_none_1
4,symbolic,,True,5,69.17131519317627,7259,1.0,1.0,1.0,0.8206700151053459,0.9314229867926377,0.7637668306372056,0.9990399021457562,1.0,1.0,1.0,1.0,1.0,0.9863585680373119,0.9613543949949632,0.941152215345241,1.0,1.0,1.0,8,0.036233169362794415,9,22314,19.048194885253906,0.0,5,False,True,haiku_rl_grid_large_closer,seed_none_1
5,symbolic,,True,5,87.18735980987549,11324,0.9999999992766632,0.9999999991970159,0.9999999877603787,0.7925939832312401,0.985204629376089,0.7857173135108377,0.999999997102146,0.999999998114668,0.9999999528729397,1.0,1.0,1.0,0.7925939832312401,0.9999986557514343,0.7925938548153761,1.0,1.0,1.0,7,0.02168870325792227,7,22950,7.688172101974487,0.0,7,False,True,haiku_rl_grid_large_closer,seed_none_1
6,symbolic,,True,5,64.88143920898438,7431,1.0,1.0,1.0,0.7528033784421366,0.9999924204210409,0.752800563508538,0.9965379592770405,0.9911473106446119,0.8480133678937932,1.0,1.0,1.0,0.7953497250023442,0.9999999999982291,0.7953497236832239,0.9999902102170016,1.0,0.9980242563038408,7,0.09439605804932549,7,17940,9.680158615112305,0.0,6,False,True,haiku_rl_grid_large_closer,seed_none_1
7,symbolic,,True,5,85.14950156211853,11368,1.0,1.0,1.0,0.7925636524051357,0.9891764584327845,0.7874130842398148,1.0,1.0,1.0,1.0,1.0,1.0,0.8235294115474938,1.0,0.8235294115474938,1.0,1.0,1.0,7,0.02002326335504956,9,25863,12.39729356765747,0.0,5,False,True,haiku_rl_grid_large_closer,seed_none_1
8,symbolic,,True,2,67.95209097862244,9542,1.0,1.0,1.0,0.9922027616698557,0.999954174125007,0.9921572935951937,0.999999969055,1.0,0.9993852056572469,1.0,1.0,1.0,1.0,1.0,1.0,1.0,1.0,1.0,9,0.0,9,13678,4.85478138923645,0.0,7,True,True,haiku_rl_grid_large_closer,seed_none_1
9,symbolic,,True,5,423.87987899780273,25989,1.0,1.0,1.0,0.9999732939072167,0.6548059489108458,0.6547947667459373,0.8188943300165652,0.8271664451569625,0.9201088011082986,1.0,1.0,1.0,1.0,0.9542335577997424,0.9542335577996814,0.8575493439178556,0.9799914803851288,0.9997359064856123,7,0.29039928434321705,9,27649,278.1665759086609,0.0,8,False,True,haiku_rl_grid_large_closer,seed_none_1
10,symbolic,,True,2,37.26241874694824,2744,1.0,1.0,1.0,1.0,0.91667111625121,0.91667111625121,1.0,0.8326916800570532,0.9836488156691064,1.0,1.0,1.0,1.0,0.9942355185171883,0.9942355185171883,1.0,0.9164475423611966,1.0,9,0.0,9,7944,13.919555187225342,0.0,5,True,True,haiku_rl_grid_large_closer,seed_none_1
11,symbolic,,True,1,10.41136908531189,755,1.0,1.0,1.0,0.9997941991239159,0.9981578685344291,0.9981236146972016,0.9935231269912134,0.999989446725694,0.8007867387800245,1.0,1.0,1.0,1.0,1.0,1.0,1.0,1.0,0.8993657523101246,9,0.0,9,3364,1.718297004699707,0.0,6,True,True,haiku_rl_grid_large_closer,seed_none_1
12,symbolic,,True,5,132.76634669303894,12838,1.0,1.0,1.0,0.6915654756900721,0.8234985979705474,0.5695216202931612,1.0,1.0,1.0,1.0,1.0,1.0,0.9692623610722545,0.8235294116760343,0.7982160622113117,1.0,1.0,1.0,7,0.33891290401676677,8,29929,42.01879000663757,0.0,3,False,True,haiku_rl_grid_large_closer,seed_none_1
13,symbolic,,True,1,10.014083623886108,607,1.0,1.0,1.0,1.0,0.9940027081742937,0.9940027081742937,1.0,0.9091384859852041,1.0,1.0,1.0,1.0,1.0,0.998897178468533,0.998897178468533,1.0,0.9812170045340627,1.0,9,0.0,9,3518,1.69297194480896,0.0,5,True,True,haiku_rl_grid_large_closer,seed_none_1
14,symbolic,,True,3,232.6109583377838,7783,1.0,1.0,1.0,0.9963597988314359,0.9693704899421101,0.9673163154582844,0.9789690899914947,0.9256168441432393,0.783459776427726,1.0,1.0,1.0,0.9999999953213254,0.9999999993980859,0.9999991773348968,0.9999997836634951,0.9999997069816247,0.9511178591829699,9,0.0,9,11607,178.09659934043884,0.0,5,True,True,haiku_rl_grid_large_closer,seed_none_1
15,symbolic,,True,1,10.137925624847412,579,1.0,1.0,1.0,0.9291142094433044,1.0,0.9291142094519558,1.0,0.9852757351537628,0.9974080268516166,1.0,1.0,1.0,0.993170272149354,1.0,0.9931702721493542,1.0,0.986552979380717,0.9996305228571686,9,0.0,9,3540,2.0894055366516113,0.0,5,True,True,haiku_rl_grid_large_closer,seed_none_1
16,symbolic,,True,1,11.474339962005615,683,1.0,1.0,1.0,1.0,1.0,1.0,1.0,1.0,0.9838687520693177,1.0,1.0,1.0,1.0,1.0,1.0,1.0,1.0,0.9999843801130293,9,0.0,9,3566,1.655102252960205,0.0,6,True,True,haiku_rl_grid_large_closer,seed_none_1
17,symbolic,,True,2,37.0154013633728,2174,1.0,1.0,1.0,1.0,0.8180957109288107,0.8180957109288107,0.8863521093181044,0.9999204356044905,0.9055016975717065,1.0,1.0,1.0,1.0,0.9996939925942505,0.9996939925942505,0.9885770794908784,1.0,1.0,9,0.0,9,8052,17.23932909965515,0.0,5,True,True,haiku_rl_grid_large_closer,seed_none_1
18,symbolic,,True,3,326.5988485813141,9202,0.9992864824588232,0.9994462855943653,0.9992869793813759,0.9370209313705791,0.9870004755234638,0.9255039773902812,0.9996762257467527,0.9999995465062537,0.9984938979561577,1.0,1.0,1.0,1.0,1.0,1.0,1.0,1.0,0.9998693053940021,9,0.0,9,20758,156.82243299484253,0.0,5,True,True,haiku_rl_grid_large_closer,seed_none_1
19,symbolic,,True,5,839.2418811321259,8658,1.0,1.0,1.0,0.6224679348314965,0.711033389934161,0.5146970778963971,0.9103619566311636,0.9990516006365465,0.9984015784885306,1.0,1.0,1.0,0.857938327000053,0.9720638535139332,0.8046241204591899,1.0,1.0,1.0,6,0.5518015973379455,9,23891,773.9158279895782,0.0,3,False,True,haiku_rl_grid_large_closer,seed_none_1
0,symbolic,,True,5,177.65222930908203,26752,1.0,1.0,1.0,0.0,0.6787570950109575,0.0,0.05308687033235837,1.0,1.0,1.0,1.0,1.0,0.8234341888259432,0.9635627528276943,0.7656249999804834,0.9464221584808078,1.0,1.0,5,2.368156034656684,8,30951,10.139057159423828,0.0,13,False,True,haiku_rl2_grid_large,seed_none_1
1,symbolic,,True,5,355.3856408596039,24215,1.0,1.0,1.0,0.9584096164288385,0.9228643731709056,0.9212275852953669,0.0036173993341113153,0.966012702986768,0.9964993627043129,1.0,1.0,1.0,0.9999756317215382,1.0,0.9999756317215407,0.3629366687373492,0.9998762723909861,1.0,8,0.6963826006658886,8,25183,209.29398322105408,0.0,6,False,True,haiku_rl2_grid_large,seed_none_1
2,symbolic,,True,5,53.76841640472412,7683,1.0,1.0,1.0,0.9303410452447641,0.0,0.0,0.9999958677225338,0.9984670672537146,0.9999915738077183,1.0,1.0,1.0,0.9999941809217636,0.7873744616429017,0.7533907762848799,1.0,1.0,1.0,7,1.6,7,17870,7.274304389953613,0.0,7,False,True,haiku_rl2_grid_large,seed_none_1
3,symbolic,,True,5,137.7878921031952,10163,1.0,0.9977486334157297,0.9731907657378505,0.8096891656103714,0.17576538235461325,0.17107332405568898,0.7153167971778251,0.9907693844045646,0.8957104811096617,1.0,0.9999689143184941,1.0,0.9563137254713152,0.9394446646027123,0.9117149468518776,0.9957911314635854,0.9998599432601057,0.9963698718936659,7,1.2531612935896979,9,23612,59.179776668548584,0.0,4,False,True,haiku_rl2_grid_large,seed_none_1
4,symbolic,,True,5,141.09169459342957,25298,1.0,1.0,0.9996494508098164,0.42978953957209765,0.8637920608673293,0.3079421137867582,0.9994858571928031,1.0,0.9998672039936406,1.0,1.0,1.0,0.47584023496133976,0.911329585649953,0.37753738508431856,1.0,1.0,1.0,7,0.8622683466411443,7,27654,11.290916442871094,0.0,28,False,True,haiku_rl2_grid_large,seed_none_1
5,symbolic,,True,5,89.90561199188232,11260,0.9988614384577928,0.9999169015517019,0.9988565134326326,0.589739732186507,0.9249481138198603,0.5846230578434043,0.9988614385253994,0.9999949746983385,0.9999999530736806,1.0,1.0,1.0,0.8317118916110752,0.9999998379899024,0.8317117568638766,1.0,1.0,1.0,7,0.4256372099700888,9,22429,7.676311016082764,0.0,10,False,True,haiku_rl2_grid_large,seed_none_1
6,symbolic,,True,5,77.62719368934631,9491,0.9999999747618293,0.9999999889458504,0.9967088896537725,0.7757040046461638,0.9999917193294936,0.7757031004511576,0.9996749602772568,0.9996170944392339,0.03651336462314614,1.0,1.0,1.0,0.7953335459079108,0.9999999999879753,0.7953335421837355,0.9999351147366508,1.0,0.9623431411076949,6,0.7120795302795324,7,18143,12.201544523239136,0.0,8,False,True,haiku_rl2_grid_large,seed_none_1
7,symbolic,,True,5,107.75522518157959,15979,0.0,0.17647058829017367,0.0,0.0,0.0,0.0,1.0,1.0,1.0,1.0,1.0,1.0,0.0,1.0,0.0,1.0,1.0,1.0,3,4.623529411709827,7,18931,8.51990556716919,0.0,6,False,True,haiku_rl2_grid_large,seed_none_1
8,symbolic,,True,5,120.16499781608582,21788,0.0,0.0,0.0,0.0,0.0,0.0,0.9999999727723544,1.0,1.0,1.0,1.0,0.8671298228169757,1.0,1.0,1.0,1.0,1.0,1.0,3,4.800000000000001,9,24122,10.182381868362427,0.0,13,False,True,haiku_rl2_grid_large,seed_none_1
10,symbolic,,True,3,126.78731536865234,18463,1.0,1.0,0.9999989059569414,1.0,1.0,1.0,1.0,0.8705192943642213,1.0,1.0,1.0,1.0,1.0,1.0,1.0,1.0,0.9241746924591584,1.0,9,0.0,9,22706,20.901967763900757,0.0,21,True,True,haiku_rl2_grid_large,seed_none_1
11,symbolic,,True,2,415.5002295970917,4094,1.0,0.9951883185431278,0.9999214047361977,0.9991867649100885,0.9950635951243164,0.9942543749860537,0.9926347846817531,0.9944151357804369,0.8516133924010509,1.0,1.0,1.0,1.0,1.0,1.0,1.0,1.0,0.923773967658433,9,0.0,9,7599,385.6896321773529,0.0,11,True,True,haiku_rl2_grid_large,seed_none_1
12,symbolic,,True,5,623.6749887466431,10255,1.0,0.820933207229382,0.9962736895647841,0.5816490360338142,0.5609599344430232,0.4768515744486368,1.0,1.0,1.0,1.0,1.0,1.0,0.9938602121127394,0.8234841130967094,0.8184731158568337,1.0,1.0,1.0,6,0.7805394550745259,9,21807,86.69050979614258,0.0,7,False,True,haiku_rl2_grid_large,seed_none_1
13,symbolic,,True,2,100.57143425941467,14323,1.0,0.9680384369784432,0.9014862591415034,1.0,0.9680384374197178,0.9680384374197178,1.0,0.9680384374197178,0.9663822261814611,1.0,1.0,1.0,1.0,1.0,1.0,1.0,0.9808554794454551,1.0,9,0.0,9,8653,4.738067865371704,0.0,28,True,True,haiku_rl2_grid_large,seed_none_1
14,symbolic,,True,5,205.75107288360596,12589,0.001955303153488507,0.001955303153716081,0.0019553789775111625,0.0019551786513586364,0.001954893388223744,0.0019548895547047973,0.955170131041942,0.9420604525663838,0.7988328470941037,1.0,1.0,1.0,0.9999999440678937,1.0,0.9999922936635226,0.9999999995438563,0.9999999994285974,0.9999398020948485,3,4.788269053120997,9,25606,122.89849638938904,0.0,5,False,True,haiku_rl2_grid_large,seed_none_1
15,symbolic,,True,5,344.0676579475403,12254,0.967147123231044,0.9854044615030526,0.0002153506165107409,0.8967177190025972,0.9671467191953548,0.8967173443558036,0.4802062193351563,0.9814020551162923,0.9024960111825325,1.0,1.0,1.0,0.9971984299615144,1.0,0.9971984299615431,0.9995933323861401,0.9895436314258982,1.0,7,1.019578430048333,9,26201,234.17024993896484,0.0,7,False,True,haiku_rl2_grid_large,seed_none_1
16,symbolic,,True,5,58.01934003829956,8250,0.0,0.0,0.0,0.0,0.0,0.0,1.0,1.0,1.0,0.0,0.0,0.0,0.0,0.0,0.0,1.0,1.0,1.0,3,4.800000000000001,3,19122,8.370198249816895,0.0,8,False,True,haiku_rl2_grid_large,seed_none_1
17,symbolic,,True,5,269.96600437164307,4924,0.9664732501720669,0.9664732501720669,0.29419005035077195,0.9664732501720669,0.8444029573476439,0.8444029573476439,0.8682718995354726,1.0,1.0,1.0,1.0,1.0,1.0,1.0,1.0,0.9997913430785543,1.0,1.0,8,0.5058099496492281,9,19360,40.967942237854004,0.0,8,False,True,haiku_rl2_grid_large,seed_none_1
18,symbolic,,True,5,1016.1493606567383,12457,0.9990669880169795,0.9781902226871866,0.999067487698299,0.9362611639457774,0.9779515582031372,0.9164766198853221,0.9995765778083544,0.999998643628791,0.5707277664686773,1.0,1.0,1.0,1.0,1.0,1.0,1.0,1.0,0.999906125392725,8,0.12927223353132267,9,30294,805.3952896595001,0.0,4,False,True,haiku_rl2_grid_large,seed_none_1
0,symbolic,,True,5,100.13807511329651,14179,1.0,1.0,1.0,0.7999854836320786,0.7945417997257194,0.6313248031309165,0.20597076664188108,1.0,0.9540793995807444,1.0,1.0,1.0,0.8233802852114595,0.9544852067302521,0.7584121886640278,0.9448630573978074,1.0,0.9899415782965679,5,0.6681771468694045,8,31498,8.636095762252808,0.0,7,False,True,haiku_rl2_grid_large,seed_none_2
1,symbolic,,True,5,555.1014528274536,14111,1.0,1.0,1.0,0.9382688887357838,0.924761009069913,0.8816012598846594,0.4715181191759017,0.8804146735545177,0.9982260707080285,1.0,1.0,1.0,0.9999998297901664,0.999999999498356,0.99999899898476,0.8166548791444037,0.9998804410297992,1.0,8,0.22848188082409826,9,26289,471.94878697395325,0.0,14,False,True,haiku_rl2_grid_large,seed_none_2
2,symbolic,,True,5,71.77833890914917,10153,1.0,1.0,1.0,0.9303410452447641,0.0,0.0,0.9999958677225338,0.9984670672537146,0.9999915738077183,1.0,1.0,1.0,0.9999941809217636,0.7873744616429017,0.7533907762848799,1.0,1.0,1.0,7,1.6,7,22876,7.0374391078948975,0.0,5,False,True,haiku_rl2_grid_large,seed_none_2
3,symbolic,,True,5,111.24118089675903,11472,1.0,1.0,0.972733576454755,1.0,0.00135884056973401,0.00135884056973401,0.418891203006755,0.9725759229093955,0.9754935757377265,1.0,1.0,1.0,1.0,0.9570929077438316,0.9570929077438316,0.9999034018606509,0.9998571719527743,0.9972516344077607,6,1.878391115853777,9,29917,38.624295234680176,0.0,7,False,True,haiku_rl2_grid_large,seed_none_2
4,symbolic,,True,5,67.11608099937439,6780,1.0,1.0,0.999615343052999,0.0,0.9999844995208326,0.0,0.999999579615388,1.0,0.9996192862693871,1.0,1.0,1.0,0.0,1.0,0.0,1.0,1.0,1.0,7,1.6,7,18525,22.601850986480713,0.0,8,False,True,haiku_rl2_grid_large,seed_none_2
5,symbolic,,True,2,71.47932982444763,4934,0.9999331944617287,0.9999634897923162,0.9999212333342542,0.8246016475947633,0.9999212333382136,0.8245917837736405,1.0,1.0,1.0,1.0,1.0,1.0,0.8317118916110752,1.0,0.8317118916110753,1.0,1.0,1.0,9,0.0,9,8070,39.13021969795227,0.0,8,True,True,haiku_rl2_grid_large,seed_none_2
6,symbolic,,True,5,669.3099427223206,11204,0.9999998542908803,0.9999998542908803,0.954730940863489,0.9999998542908803,0.9999998542920117,0.9999998542920117,0.9971802147063514,0.9959798953800536,0.00013130156324603348,1.0,1.0,1.0,1.0,1.0,1.0,1.0,1.0,0.9993103310058644,8,0.6998686984367539,9,21344,573.5580997467041,0.0,6,False,True,haiku_rl2_grid_large,seed_none_2
7,symbolic,,True,5,92.81395030021667,14788,0.0,0.0,0.0,0.0,0.0,0.0,1.0,1.0,1.0,1.0,1.0,1.0,0.0,1.0,0.0,1.0,1.0,1.0,3,4.800000000000001,7,25962,8.416565895080566,0.0,5,False,True,haiku_rl2_grid_large,seed_none_2
8,symbolic,,True,2,96.32391405105591,16104,1.0,1.0,1.0,0.9922027617317457,0.9999541741250124,0.9921572935953952,0.9999999712638102,1.0,0.9994279026675641,1.0,1.0,1.0,1.0,1.0,1.0,1.0,1.0,1.0,9,0.0,9,8886,3.408971071243286,0.0,19,True,True,haiku_rl2_grid_large,seed_none_2
9,symbolic,,True,5,2438.1479527950287,16967,1.0,1.0,1.0,0.9999732939074233,0.7342891185041138,0.7342766005098127,0.8161083714323484,0.9144095671302365,0.9281535430060643,1.0,1.0,1.0,1.0,0.8516368259381153,0.8516368259381155,0.8575510139141919,0.9799122374714001,0.9717865504615785,7,0.13143428098607357,9,22847,2338.9773139953613,0.0,10,False,True,haiku_rl2_grid_large,seed_none_2
10,symbolic,,True,2,62.22495174407959,9483,1.0,0.9999998774182637,0.9999997492357351,1.0,0.9521376564382594,0.9521376564382594,1.0,0.8788956212815565,0.9860951148651158,1.0,1.0,1.0,1.0,0.994210251409928,0.994210251409928,1.0,0.9019795210034743,0.9877961695586795,9,0.0,9,9123,15.938186407089233,0.0,33,True,True,haiku_rl2_grid_large,seed_none_2
11,symbolic,,True,5,554.7709918022156,28907,1.0,0.9992412523777077,0.0,0.9997708574376607,0.9975660722030513,0.9974542749159304,0.9925238255844969,0.9957427496991442,0.7273694253495654,1.0,1.0,1.0,1.0,1.0,1.0,1.0,1.0,1.0,8,0.8,9,38780,389.6185722351074,0.0,6,False,True,haiku_rl2_grid_large,seed_none_2
12,symbolic,,True,5,593.6372427940369,14568,1.0,0.8207919056476133,0.9962736942733426,0.5816490360338142,0.31090185077588783,0.29332329361362086,1.0,1.0,1.0,1.0,1.0,1.0,0.9946444669480798,0.8234830725438526,0.8184731158576728,1.0,1.0,1.0,6,1.2141258195766773,9,28256,68.424232006073,0.0,5,False,True,haiku_rl2_grid_large,seed_none_2
13,symbolic,,True,5,52.06993126869202,6719,0.176470588292074,0.17647054575597604,0.17399927588763803,0.176470588292074,0.17319407176155432,0.17319407176155432,1.0,0.884163389683054,0.21394013946789858,1.0,1.0,1.0,1.0,1.0,1.0,1.0,0.9968341776122567,1.0,2,4.236260718781231,9,19384,9.253210067749023,0.0,9,False,True,haiku_rl2_grid_large,seed_none_2
14,symbolic,,True,5,205.06822180747986,5269,0.11586819053758463,0.11586819053810041,0.11595882727447959,0.11495451568233514,0.001953340954120031,0.0019533370683036955,0.9315860091300601,0.7397684484713176,0.3023711912068029,1.0,1.0,1.0,0.9999996601413983,0.9155371038432818,0.9152155934756718,0.9999992678304722,0.999999736861412,0.9823543492075923,2,4.7310724067382735,9,19380,167.58932042121887,0.0,4,False,True,haiku_rl2_grid_large,seed_none_2
15,symbolic,,True,5,236.91076850891113,8188,0.967147123231044,0.9854044615030526,0.0002153506165107409,0.8967177190025972,0.9671467191953548,0.8967173443558036,0.4802062193351563,0.9814020551162923,0.9024960111825325,1.0,1.0,1.0,0.9971984299615144,1.0,0.9971984299615431,0.9995933323861401,0.9895436314258982,1.0,7,1.019578430048333,9,26064,156.73073196411133,0.0,10,False,True,haiku_rl2_grid_large,seed_none_2
16,symbolic,,True,5,82.61940360069275,12298,0.0,0.0,0.0,0.0,0.0,0.0,1.0,1.0,1.0,0.0,0.0,0.0,0.0,0.0,0.0,1.0,1.0,1.0,3,4.800000000000001,3,26624,7.497243404388428,0.0,6,False,True,haiku_rl2_grid_large,seed_none_2
17,symbolic,,True,5,386.03032064437866,8870,0.9881859750261865,0.9881859750261865,0.29153853135763624,0.9881859750261865,0.9881859752746409,0.9881859752746409,0.9434866188880913,1.0,0.9962948727514,1.0,1.0,1.0,1.0,1.0,1.0,0.9997886304569233,1.0,1.0,8,0.5084614686423639,9,24766,33.52670073509216,0.0,6,False,True,haiku_rl2_grid_large,seed_none_2
18,symbolic,,True,2,1105.0947847366333,4249,0.9991085388686338,0.9780930620601392,0.9991119048576416,0.9626279584448113,0.9776827832026409,0.9422862461406349,0.9992175111287155,0.9788692626501692,0.7144223578054822,1.0,1.0,1.0,1.0,1.0,1.0,1.0,1.0,0.9998461039395227,9,0.0,9,8500,931.6597487926483,0.0,12,True,True,haiku_rl2_grid_large,seed_none_2
19,symbolic,,True,5,999.4556560516357,13659,1.0,0.9999341507069006,0.9999296797396462,0.2874520801887928,0.018751803664604383,0.018456811301344356,0.706050123533551,0.9979162057250315,0.9991086948043488,1.0,1.0,1.0,0.9976834196781972,0.9985134970341631,0.9890351905684963,0.9993588812638757,1.0,1.0,6,2.075339304845259,9,23918,913.6127164363861,0.0,6,False,True,haiku_rl2_grid_large,seed_none_2
0,symbolic,,True,5,66.99111080169678,7473,1.0,1.0,1.0,0.7986577179119174,0.9628589129577761,0.7650657446644239,0.9481331554833768,1.0,0.9617268142675256,1.0,1.0,1.0,0.7987606680686703,0.9635627527320888,0.7656249997906717,0.9637193193843177,1.0,0.9882975626002874,7,0.03627653742365877,7,23792,10.766069650650024,0.0,5,False,True,haiku_rl2_grid_large_closer,seed_none_1
1,symbolic,,True,5,55.68135476112366,6556,1.0,1.0,1.0,0.6537603143360873,0.7845166142111508,0.5129277083771118,0.9415823854924765,0.9998724565145779,0.9974398947880972,1.0,1.0,1.0,0.6627007703606922,0.9883816216623029,0.6550207690970972,0.9992677387962471,1.0,1.0,6,0.44879536307565027,7,19921,9.887752532958984,0.0,9,False,True,haiku_rl2_grid_large_closer,seed_none_1
2,symbolic,,True,5,76.55437326431274,10625,1.0,1.0,1.0,0.931063260332676,0.7873744619294052,0.7330954339215746,0.9999952718145952,0.9998864876559174,0.9999941765428567,1.0,1.0,1.0,0.9660150762560484,0.7873744616429017,0.753390775588008,1.0,1.0,1.0,7,0.07953010414902029,7,19712,7.849316596984863,0.0,6,False,True,haiku_rl2_grid_large_closer,seed_none_1
3,symbolic,,True,5,56.328030586242676,7037,1.0,0.9977290957953164,0.9775847033003027,0.8097234627198886,0.4688807163103901,0.3898127153803278,1.0,0.9908540537771366,0.9022635010952065,1.0,1.0,1.0,0.9563137254713152,0.7965247892022593,0.7626411275661259,1.0,1.0,0.9955069065577526,7,0.7413065683092822,7,23224,7.8684797286987305,0.0,8,False,True,haiku_rl2_grid_large_closer,seed_none_1
4,symbolic,,True,5,75.11587858200073,7747,1.0,1.0,1.0,0.8206700151053459,0.9314229867926377,0.7637668306372056,0.9990399021457562,1.0,1.0,1.0,1.0,1.0,0.9863585680373119,0.9613543949949632,0.941152215345241,1.0,1.0,1.0,8,0.036233169362794415,9,24748,20.01157832145691,0.0,6,False,True,haiku_rl2_grid_large_closer,seed_none_1
5,symbolic,,True,5,85.68946719169617,10538,0.9988614384577928,0.9998911336619178,0.9988434729473673,0.589739732186507,0.9140805703922136,0.5777541141991234,0.9988614385253994,0.9999514448431037,0.9999999362755151,1.0,1.0,1.0,0.8317118916110752,1.0,0.8317118916110753,1.0,1.0,1.0,7,0.4325061536143697,9,18597,7.923844814300537,0.0,6,False,True,haiku_rl2_grid_large_closer,seed_none_1
6,symbolic,,True,5,84.62333631515503,12940,1.0,1.0,1.0,0.775705709078112,0.9993475343170924,0.7753032213673662,0.9995752021071898,0.9994793880688899,0.9033092371832359,1.0,1.0,1.0,0.7953335462777208,0.9999999999950833,0.7953335427110684,0.9999354001675017,1.0,0.9980353892553363,7,0.04899106955452193,7,18404,10.748552799224854,0.0,5,False,True,haiku_rl2_grid_large_closer,seed_none_1
7,symbolic,,True,5,85.33120918273926,11877,1.0,1.0,1.0,0.7925636524051357,0.9974617822883522,0.791552559368755,1.0,1.0,1.0,1.0,1.0,1.0,0.8235294115474938,1.0,0.8235294115474938,1.0,1.0,1.0,7,0.015883788226109363,9,27779,14.076348304748535,0.0,6,False,True,haiku_rl2_grid_large_closer,seed_none_1
8,symbolic,,True,2,40.7936954498291,4788,1.0,1.0,1.0,0.9922027616698557,0.9999971570605407,0.9921999413825559,0.9999999999689086,1.0,0.9999996233726293,1.0,1.0,1.0,1.0,1.0,1.0,1.0,1.0,1.0,9,0.0,9,8735,5.276860237121582,0.0,9,True,True,haiku_rl2_grid_large_closer,seed_none_1
9,symbolic,,True,5,198.03041768074036,6034,1.0,1.0,1.0,0.9999999335562659,0.6990602304888318,0.6990602304888318,0.8271536874679581,0.8221373828992806,0.935161930096827,1.0,1.0,1.0,1.0,0.9528879013986096,0.9528879013985745,0.8693013895983814,0.9769146481421688,0.9997352117824442,7,0.20187953902233646,9,18878,151.65011048316956,0.0,6,False,True,haiku_rl2_grid_large_closer,seed_none_1
10,symbolic,,True,1,13.659271240234375,1069,1.0,1.0,1.0,1.0,0.91667111625121,0.91667111625121,1.0,0.8326916800570532,0.9999240668082319,1.0,1.0,1.0,1.0,0.9942355185171883,0.9942355185171883,1.0,0.9164475423611966,1.0,9,0.0,9,3581,2.974212169647217,0.0,5,True,True,haiku_rl2_grid_large_closer,seed_none_1
11,symbolic,,True,1,15.61545181274414,1645,1.0,1.0,1.0,0.9997941991239159,0.9981578685344291,0.9981236146972016,0.9935231269912134,0.999989446725694,0.8007867387800245,1.0,1.0,1.0,1.0,1.0,1.0,1.0,1.0,0.8993657523101246,9,0.0,9,3447,1.6671102046966553,0.0,6,True,True,haiku_rl2_grid_large_closer,seed_none_1
12,symbolic,,True,5,131.31932592391968,9310,1.0,1.0,0.9999758039520126,0.7114492982441016,0.8235139091175704,0.5858963799424111,1.0,1.0,1.0,1.0,1.0,1.0,0.9692623610722545,0.8235294116730082,0.7982160622113117,1.0,1.0,1.0,7,0.3026543218134874,8,26707,61.305806398391724,0.0,7,False,True,haiku_rl2_grid_large_closer,seed_none_1
13,symbolic,,True,1,12.855390787124634,1299,1.0,0.8538681945701005,1.0,1.0,0.8538681947980213,0.8538681947980213,1.0,0.8632292523592535,1.0,1.0,1.0,1.0,1.0,1.0,1.0,1.0,1.0,1.0,9,0.0,9,3601,1.9142565727233887,0.0,9,True,True,haiku_rl2_grid_large_closer,seed_none_1
14,symbolic,,True,5,214.26468563079834,11251,1.0,1.0,1.0,0.9992122711561962,0.9705629864483847,0.9705581510004027,0.9952975746332395,0.9784654226364331,0.8352195946520856,1.0,1.0,1.0,0.9999999988618564,1.0,0.9999997094810538,0.9999997929680015,0.9999996607621838,0.9502686427419227,9,0.0,9,19018,147.11608719825745,0.0,5,True,True,haiku_rl2_grid_large_closer,seed_none_1
15,symbolic,,True,1,16.90392518043518,1735,1.0,1.0,1.0,0.9291142094434746,1.0,0.9291142094519795,1.0,0.9844744787405685,0.9944410795803619,1.0,1.0,1.0,1.0,1.0,1.0,1.0,0.9873685891853103,0.9996366890675875,9,0.0,9,3623,2.109924554824829,0.0,6,True,True,haiku_rl2_grid_large_closer,seed_none_1
16,symbolic,,True,1,11.9944167137146,918,1.0,1.0,1.0,1.0,1.0,1.0,1.0,1.0,0.9838687520693177,1.0,1.0,1.0,1.0,1.0,1.0,1.0,1.0,0.9999843801130293,9,0.0,9,3649,1.6540777683258057,0.0,6,True,True,haiku_rl2_grid_large_closer,seed_none_1
17,symbolic,,True,1,12.803410530090332,702,1.0,1.0,1.0,1.0,0.9905852890227959,0.9905852890227959,0.9412454589070993,0.9999337034864333,1.0,1.0,1.0,1.0,1.0,0.9996939925942505,0.9996939925942505,0.9885770794908784,1.0,1.0,9,0.0,9,3788,3.5879244804382324,0.0,7,True,True,haiku_rl2_grid_large_closer,seed_none_1
18,symbolic,,True,4,180.48050451278687,4468,1.0,1.0,1.0,0.8017429112906351,0.9988073109996575,0.8008259799473513,0.9999972005245674,0.9999322904015956,0.9983587261944405,1.0,1.0,1.0,0.9491174476260917,1.0,0.9491137018026363,1.0,1.0,0.9998313601375569,9,0.0,9,15818,134.85341382026672,0.0,6,True,True,haiku_rl2_grid_large_closer,seed_none_1
0,symbolic,,True,5,80.07271432876587,11825,1.0,1.0,1.0,0.7935222669672392,0.9281112064372657,0.741781563275155,0.9408674330243552,0.9940331789652057,0.9529479366208486,1.0,1.0,1.0,0.7986578024269253,0.9635627527438089,0.765624999793405,0.9637355159855375,1.0,0.9895289175185517,7,0.06469616975760595,7,27030,9.561949014663696,0.0,6,False,True,haiku_rl2_grid_large_closer,seed_none_2
1,symbolic,,True,5,282.93343782424927,6478,1.0,1.0,1.0,0.9488106435736423,0.9877987126917482,0.9412766660713455,0.26705563553078415,0.8244815721302817,0.9967728908741958,1.0,1.0,1.0,0.9999895304911256,0.9999999947487119,0.9999457673126184,0.7073774205530272,0.9998949608336608,1.0,8,0.4329443644692158,9,20395,236.89381861686707,0.0,6,False,True,haiku_rl2_grid_large_closer,seed_none_2
2,symbolic,,True,5,96.67584371566772,15988,1.0,1.0,1.0,0.945686644609405,0.7873744619294052,0.7330954339215746,0.9999961610030995,0.9998883788803407,0.9999942446743775,1.0,1.0,1.0,0.9660150762559476,0.7873744616429017,0.7533907755880078,1.0,1.0,1.0,7,0.07953010414902029,7,25161,7.281585931777954,0.0,8,False,True,haiku_rl2_grid_large_closer,seed_none_2
3,symbolic,,True,5,44.95854306221008,4961,1.0,0.9977486334157297,0.9731907657378505,0.8096891656103714,0.17576538235461325,0.17107332405568898,0.7153167971778251,0.9907693844045646,0.8957104811096617,1.0,0.9999689143184941,1.0,0.9563137254713152,0.9394446646027123,0.9117149468518776,0.9957911314635854,0.9998599432601057,0.9963698718936659,7,1.2531612935896979,9,18062,7.23259425163269,0.0,6,False,True,haiku_rl2_grid_large_closer,seed_none_2
4,symbolic,,True,5,75.61559176445007,9710,1.0,1.0,1.0,0.8204683607032689,0.9306310275098728,0.7637668306397334,0.9873723771471871,1.0,1.0,1.0,1.0,1.0,0.9962508371568246,1.0,0.9962433576900105,1.0,1.0,1.0,8,0.03623316936026666,9,23544,14.344080209732056,0.0,5,False,True,haiku_rl2_grid_large_closer,seed_none_2
5,symbolic,,True,5,94.05428433418274,9116,0.9999410604651735,0.9999269785234732,0.999923075535706,0.6146584108128104,0.9742601073469455,0.601964134395588,0.9999410604651906,0.9999514448431037,0.9999999365889437,1.0,1.0,1.0,0.8235294117251977,1.0,0.8235294117251963,1.0,1.0,1.0,7,0.3833774547916017,9,22402,36.44936466217041,0.0,8,False,True,haiku_rl2_grid_large_closer,seed_none_2
6,symbolic,,True,5,356.221143245697,32964,1.0,1.0,1.0,0.7757072576332111,0.9999928161016179,0.775704034218988,0.9996807747546813,0.9996177209446199,0.9082768226665441,1.0,1.0,1.0,0.7953335456980076,0.9999999999899345,0.7953335425945266,0.9999333426054712,1.0,0.9980181278081117,7,0.04858870814780092,7,32959,174.93278908729553,0.0,5,False,True,haiku_rl2_grid_large_closer,seed_none_2
7,symbolic,,True,2,25.623292446136475,2379,1.0,1.0,1.0,1.0,0.9972878355876972,0.9972878355876972,1.0,1.0,1.0,1.0,1.0,1.0,1.0,1.0,1.0,1.0,1.0,1.0,9,0.0,9,8451,5.548206806182861,0.0,10,True,True,haiku_rl2_grid_large_closer,seed_none_2
8,symbolic,,True,1,12.964007377624512,917,1.0,1.0,1.0,0.9922027616708072,0.9968293590115895,0.9890568434087686,0.9999979403086168,1.0,0.9993859639131959,1.0,1.0,1.0,1.0,1.0,1.0,1.0,1.0,1.0,9,0.0,9,3627,1.8430545330047607,0.0,5,True,True,haiku_rl2_grid_large_closer,seed_none_2
9,symbolic,,True,5,529.1012828350067,9675,1.0,1.0,1.0,0.9999732939079328,0.7339291277900332,0.7339166048174105,0.8188943299854672,0.8461387316713134,0.924433652927818,1.0,1.0,1.0,1.0,0.8556692671665083,0.8556692671664243,0.8575493439763301,0.9800074955524184,0.9723750410969682,7,0.13215426739255642,9,25507,467.26840019226074,0.0,10,False,True,haiku_rl2_grid_large_closer,seed_none_2
10,symbolic,,True,1,10.828313827514648,1026,1.0,1.0,1.0,1.0,0.91667111625121,0.91667111625121,1.0,0.8326916800570532,0.9999240668082319,1.0,1.0,1.0,1.0,0.9942355185171883,0.9942355185171883,1.0,0.9164475423611966,1.0,9,0.0,9,3581,2.28501296043396,0.0,11,True,True,haiku_rl2_grid_large_closer,seed_none_2
11,symbolic,,True,3,347.9135694503784,14363,1.0,1.0,1.0,0.9990684153380481,0.9981578685344297,0.997851655951258,0.9935231269912117,0.9999894467390371,0.8539991881852967,1.0,1.0,1.0,1.0,1.0,1.0,1.0,1.0,0.9235665799103097,9,0.0,9,19021,270.98068594932556,0.0,17,True,True,haiku_rl2_grid_large_closer,seed_none_2
12,symbolic,,True,5,127.75039005279541,12130,1.0,1.0,0.9999758039512872,0.7114492982441016,0.8234985979705476,0.5858963799424111,1.0,1.0,1.0,1.0,1.0,1.0,0.9692623610722545,0.8235294116731517,0.7982160622113117,1.0,1.0,1.0,7,0.3026543218134874,8,31377,47.98340344429016,0.0,7,False,True,haiku_rl2_grid_large_closer,seed_none_2
13,symbolic,,True,1,11.29702353477478,980,1.0,0.8538381735245621,0.8538679889561874,1.0,0.8536485302655578,0.8536485302655578,1.0,0.85383817387578,1.0,1.0,1.0,1.0,1.0,1.0,1.0,1.0,0.9813667035753126,1.0,9,0.0,9,3601,1.7078185081481934,0.0,8,True,True,haiku_rl2_grid_large_closer,seed_none_2
14,symbolic,,True,1,13.394645929336548,859,1.0,1.0,1.0,0.9992474006877301,0.9711405911379717,0.9711340200897325,0.9955807025629325,0.9819313662422113,0.8409713556230184,1.0,1.0,1.0,0.9999999953387688,0.999999999398038,0.9999991773348519,0.999999783663495,0.9999996516035812,0.9482138176842855,9,0.0,9,3581,2.7991528511047363,0.0,7,True,True,haiku_rl2_grid_large_closer,seed_none_2
15,symbolic,,True,1,11.118680238723755,803,1.0,1.0,1.0,0.9291142094433044,1.0,0.9291142094519558,1.0,0.9851902404502598,0.997185390705893,1.0,1.0,1.0,0.993170272149354,1.0,0.9931702721493542,1.0,0.9868098322950711,0.9996350482306647,9,0.0,9,3623,2.1695384979248047,0.0,6,True,True,haiku_rl2_grid_large_closer,seed_none_2
16,symbolic,,True,1,11.442163944244385,984,1.0,1.0,1.0,1.0,1.0,1.0,1.0,1.0,0.9838687520693177,1.0,1.0,1.0,1.0,1.0,1.0,1.0,1.0,0.9999843801130293,9,0.0,9,3649,1.6541540622711182,0.0,7,True,True,haiku_rl2_grid_large_closer,seed_none_2
17,symbolic,,True,1,13.905271530151367,431,1.0,1.0,1.0,1.0,1.0,1.0,0.9448806636688531,1.0,0.9991875718125491,1.0,1.0,1.0,1.0,1.0,1.0,0.9997885114315286,1.0,1.0,9,0.0,9,3788,3.239647388458252,0.0,7,True,True,haiku_rl2_grid_large_closer,seed_none_2
18,symbolic,,True,1,19.57690405845642,1132,1.0,1.0,1.0,0.8017429112880716,0.9988073117581133,0.8008259799473731,0.999999172551118,0.999999997714354,0.9987579865955318,1.0,1.0,1.0,0.9491174476260913,1.0,0.9491137018026359,1.0,1.0,0.9998304581275314,9,0.0,9,3632,5.993382453918457,0.0,6,True,True,haiku_rl2_grid_large_closer,seed_none_2
19,symbolic,,True,5,854.3565361499786,5126,1.0,1.0,1.0,0.8621622752556217,0.534143720347991,0.5341437203479908,0.7713678121612597,0.9664035636067121,0.9963653761841849,1.0,1.0,1.0,1.0,0.9999543548968751,0.9934573141078751,1.0,1.0,1.0,7,0.5317125593040183,9,19110,817.4764170646667,0.0,8,False,True,haiku_rl2_grid_large_closer,seed_none_2
