sample_id,approach,size,complete,attempts,time_s,output_tokens,p_goal1,p_goal2,p_goal3,p_seq_1_before_2,p_seq_2_before_3,p_complete_sequence,p_avoid_moving_seg1,p_avoid_moving_seg2,p_avoid_moving_seg3,p_best_goal1,p_best_goal2,p_best_goal3,p_best_seq_1_before_2,p_best_seq_2_before_3,p_best_complete_sequence,p_best_avoid_moving_seg1,p_best_avoid_moving_seg2,p_best_avoid_moving_seg3,met,shortfall,met_best,input_tokens,prism_s,uncovered_pct,solved,solvable,condition,seed
0,symbolic,,True,5,268.204793214798,9027,0.8243576241523888,1.0,0.8546712802768165,0.8243576241523888,0.0888110698817508,0.0888110698817508,0.9989178312742255,0.9238756840902845,1.0,0.8243576241523888,1.0,0.8546712802768165,0.8243576241523888,0.08881081156661334,0.08881081156661334,0.9989178312742255,0.9238756840902845,1.0,7,1.4223778602364985,7,20146,7.064697980880737,0.0,False,True,B2,seed_1
1,symbolic,,True,5,241.38366603851318,7093,1.0,1.0,0.9961103784490031,0.9371879802406448,0.01136132153908731,0.01013007624449791,0.9463390375497402,0.6818052223029256,0.6135399064640015,1.0,1.0,0.9961103784490031,0.9371879802406448,0.011361321539087026,0.010130076221475154,0.9463390375497402,0.6818052223029256,0.6135399064640015,5,1.6831634734494876,5,19039,6.9598870277404785,0.0,False,True,B2,seed_1
2,symbolic,,True,5,196.63308882713318,4438,0.045381855687299355,0.8979224998644267,0.9707326921003466,0.030157064876323105,0.0004249340505660948,0.00039813109700770344,0.44326584258982815,0.9549618235229851,0.9990407364096432,0.045381855687299355,0.8979224998644267,0.9707326921003466,0.030157064876323105,0.0004222722152058423,0.0003956506079561518,0.44326584258982815,0.9549618235229851,0.9990407364096432,4,3.380372171698976,4,13089,6.6866295337677,0.0,False,True,B2,seed_1
3,symbolic,,True,5,251.27262091636658,9614,1.0,1.0,1.0,0.7161125319631736,0.7438587550469631,0.5737243302500136,0.48436510558072743,0.1135757769181932,0.39666441873627845,1.0,1.0,1.0,0.7161125319631736,0.7437158974811282,0.5736143348723244,0.48436510558072743,0.1135757769181932,0.39666441873627845,3,1.4716990815046507,3,16733,6.867220878601074,0.0,False,True,B2,seed_1
4,symbolic,,True,5,263.3727807998657,8303,1.0,1.0,1.0,0.9933835751965129,0.2284706702777708,0.22323912936508306,0.035000628040494086,0.8485491266062787,0.29058193659581333,1.0,1.0,1.0,0.9933835751965129,0.22792087479439474,0.22269872693730863,0.035000628040494086,0.8485491266062787,0.29058193659581333,5,2.222707635720839,5,16914,6.872767448425293,0.0,False,True,B2,seed_1
5,symbolic,,True,5,242.8362100124359,7365,1.0,0.9851153715748374,0.97847992188952,0.6768266474580048,0.9610032138024736,0.6551093699205786,0.904562690702233,0.9790145082735893,0.9650206948511746,1.0,0.9851153715748374,0.97847992188952,0.6768266474580048,0.961001920946964,0.6551090639301481,0.904562690702233,0.9790145082735893,0.9650206948511746,7,0.26806398262141673,7,16031,6.825054883956909,0.0,False,True,B2,seed_1
6,symbolic,,True,5,238.8252718448639,6768,1.0,1.0,1.0,0.9584426400393309,0.0,0.0,0.238550807556827,0.9254553182530839,1.0,1.0,1.0,1.0,0.9584426400393309,0.0,0.0,0.238550807556827,0.9254553182530839,1.0,6,2.061449192443173,6,15178,6.810478687286377,0.0,False,True,B2,seed_1
7,symbolic,,True,5,256.4199221134186,8041,0.0006410205680550168,0.7374956246518856,0.7570453429221997,0.0006410205680550168,5.637928574331319e-06,5.637928574331319e-06,0.000641121000964362,0.9993639746089815,0.9999663418299132,0.0006410205680550168,1.0,0.9999944981090094,0.0006410205680550168,6.114946165068111e-06,6.114946165068111e-06,0.21786648164285505,0.9993656371982085,0.9999788715014548,2,4.003524594431692,4,19418,8.598820209503174,7.2727272727272725,False,True,B2,seed_1
8,symbolic,,True,5,185.0785675048828,5132,0.7669127168830284,1.0,1.0,0.7669127168830284,0.18738138419498396,0.18738138419498385,0.9795447579218418,0.9523401743908103,0.9962103108958305,0.7669127168830284,1.0,1.0,0.7669127168830284,0.18738039825277705,0.18738039825277705,0.9795447579218418,0.9523401743908103,0.9962103108958305,5,1.2914117978439754,5,17593,7.188854455947876,0.0,False,True,B2,seed_1
9,symbolic,,True,5,165.87714099884033,5936,1.0,1.0,1.0,0.8821292172854693,0.7050387563908145,0.6983064577958,0.9891807760425225,1.0,1.0,1.0,1.0,1.0,0.8821292172854693,0.7050357965996421,0.698301418461363,0.9891807760425225,1.0,1.0,7,0.19665478581338558,7,18339,7.05354905128479,0.0,False,True,B2,seed_1
10,symbolic,,True,5,142.84105467796326,3078,1.0,1.0,1.0,0.33871641042419803,0.0031721236745412273,0.0027208600352569556,0.9962860024398299,0.9986262986944664,1.0,1.0,1.0,1.0,0.33871641042419803,0.0031720072423104574,0.002720743742855929,0.9962860024398299,0.9986262986944664,1.0,6,2.055390605866004,6,14883,6.908812046051025,0.0,False,True,B2,seed_1
11,symbolic,,True,5,217.67007732391357,9356,1.0,0.2825117316007131,0.9641392431696515,0.7174882631539128,0.0,0.0,0.005511743535174141,1.0,1.0,1.0,0.2825117316007131,0.9641392431696515,0.7174882631539128,0.0,0.0,0.005511743535174141,1.0,1.0,4,2.8944882617102,4,13523,6.958842039108276,0.0,False,True,B2,seed_1
12,symbolic,,True,5,262.2310926914215,7241,0.25405078109030843,1.0,1.0,0.25405078109030843,0.1689667238011524,0.1689667238011524,0.8981274918597658,1.0,1.0,0.25405078109030843,1.0,1.0,0.25405078109030843,0.1689644248647575,0.1689644248647575,0.8981274918597658,1.0,1.0,5,2.3539649902170785,5,15215,7.30692720413208,0.0,False,True,B2,seed_1
13,symbolic,,True,5,181.37751412391663,3692,0.023128676916383522,0.9768329518240331,0.9966444767965801,0.023128676916383522,0.0,0.0,0.02316704817596693,1.0,1.0,0.023128676916383522,0.9768329518240331,0.9966444767965801,0.023128676916383522,0.0,0.0,0.02316704817596693,1.0,1.0,4,3.830575597991266,4,13972,6.788714647293091,0.0,False,True,B2,seed_1
14,symbolic,,True,5,220.76072120666504,8364,0.042981861628333715,0.9984616878769257,1.0,6.728083598394452e-05,0.0,0.0,0.0014525515624312924,1.0,1.0,0.042981861628333715,0.9984616878769257,1.0,6.728083598394452e-05,0.0,0.0,0.0014525515624312924,1.0,1.0,4,3.855498305973251,4,16954,7.297679901123047,0.0,False,True,B2,seed_1
15,symbolic,,True,5,240.8389813899994,7151,0.0,1.0,1.0,0.0,0.0,0.0,0.0,1.0,1.0,0.0,1.0,1.0,0.0,0.0,0.0,0.0,1.0,1.0,4,3.9000000000000004,4,14556,6.89191460609436,0.0,False,True,B2,seed_1
16,symbolic,,True,5,231.49592876434326,8037,0.6476092687594031,0.17383035952262937,0.4434510694379732,0.6177076541354622,0.0,0.0,0.9963310733551718,1.0,1.0,0.6476092687594031,0.17383035952262937,0.4434510694379732,0.6177076541354622,0.0,0.0,0.9963310733551718,1.0,1.0,3,2.9174016481445326,3,14471,7.019422292709351,0.0,False,True,B2,seed_1
17,symbolic,,True,5,418.81140875816345,14949,0.0890545785395116,0.12673104944921199,0.03146570683692875,0.0007194843907776858,0.05264562571124731,0.00042900775276444314,0.08905845903701548,0.9950522468552748,0.9473588952600043,0.0890545785395116,0.12673104944921199,0.03146570683692875,0.0007194843907776858,0.05264110215876451,0.0004252947112688654,0.08905845903701548,0.9950522468552748,0.9473588952600043,2,5.109896088282543,2,23030,8.609903573989868,0.0,False,False,B2,seed_1
18,symbolic,,True,5,381.38790559768677,6210,0.9689569383081911,0.9689569383081903,0.5511005095126476,0.6008492812980667,0.849107685023662,0.5575514230636879,0.7286600880622603,0.9440161140457871,0.9237392822873612,0.9689569383081911,0.9689569383081903,0.5511005095126476,0.6008492812980667,0.8104314026640493,0.5254367036161631,0.7286600880622603,0.9440161140457871,0.9237392822873612,6,0.690498786125598,6,15810,73.49024510383606,0.0,False,True,B2,seed_1
19,symbolic,,True,5,191.78312993049622,9829,1.0,1.0,0.27199197144957404,0.21149324120936866,0.728008028550426,0.09686481656148938,0.9990292891806493,1.0,1.0,1.0,1.0,0.27199197144957404,0.21149324120936866,0.7280071503227642,0.0968644627127665,0.9990292891806493,1.0,1.0,5,1.8916419422291422,5,22357,7.57033634185791,0.0,False,True,B2,seed_1
0,symbolic,,True,5,213.3416450023651,6714,1.0,1.0,0.9972411891448489,0.9958249574764186,0.14553822027129049,0.1455216986570127,0.8736272460112157,0.980725771888141,0.9811651598179741,1.0,1.0,0.9972411891448489,0.9958249574764186,0.14553822027129026,0.14552169865701245,0.8736272460112157,0.980725771888141,0.9811651598179741,7,1.308940081071697,7,16812,13.990219831466675,0.0,False,True,B2,seed_2
1,symbolic,,True,5,237.05017185211182,7864,1.0,1.0,0.34238324698709954,0.856958676671101,0.6576167534483863,0.5647943138129314,0.8704643884051063,0.5542152142095548,0.0,1.0,1.0,1.0,0.856958676671101,0.6575950919536575,0.5647935990196132,0.8704643884051063,0.5542152142095548,1.0,4,1.680990471542028,6,19629,6.889825820922852,12.280701754385966,False,True,B2,seed_2
2,symbolic,,True,5,180.78070712089539,3713,0.7537844031908288,0.8830164981998092,0.7105616695270165,0.706545940329516,0.3238919747493545,0.3061743732744091,0.9074356739718005,0.5665289416223654,0.740445708232755,0.7537844031908288,0.8830164981998092,0.7105616695270165,0.706545940329516,0.3238893531814215,0.306171955667789,0.9074356739718005,0.5665289416223654,0.740445708232755,3,1.3325126973065098,3,14378,6.7025861740112305,0.0,False,True,B2,seed_2
3,symbolic,,True,5,172.9679820537567,7094,0.005305613142200255,0.2994775966690537,0.9998552971595432,0.003972953536563629,0.00014471875489041608,0.00010809483656148977,0.9982557567449605,1.0,0.9972959269357233,0.005305613142200255,0.2994775966690537,0.9998552971595432,0.003972953536563629,0.0001442613488431219,0.00010802594074061918,0.9982557567449605,1.0,0.9972959269357233,4,3.6909910230607306,4,18609,9.038218975067139,0.0,False,True,B2,seed_2
4,symbolic,,True,5,202.56007385253906,6068,1.0,1.0,0.019290984550339407,0.7398968174288484,0.9843771953239426,0.7398968177119459,0.8178226131715751,1.0,0.004178001824576061,1.0,1.0,0.019290984550339407,0.7398968174288484,0.9839655755749693,0.7398968177119455,0.8178226131715751,1.0,0.004178001824576061,5,1.5967373784842902,5,14624,6.8256306648254395,0.0,False,True,B2,seed_2
5,symbolic,,True,5,205.56653237342834,6620,0.6869720527495181,0.9483458142676497,0.061138554040562204,0.67341204006124,0.6474718580890152,0.6347249579413221,0.9248082561175781,0.9804740373798162,0.9879725319147199,0.6869720527495181,0.9483458142676497,0.061138554040562204,0.67341204006124,0.647471706881146,0.6347248108430237,0.9248082561175781,0.9804740373798162,0.9879725319147199,4,1.2962805371183426,4,13137,6.868449449539185,0.0,False,True,B2,seed_2
6,symbolic,,True,5,211.88168001174927,5867,0.012927384246936999,0.0006410205190243823,0.0041750423746938145,0.012666100958296789,0.0,0.0,0.016603990401157787,1.0,1.0,0.012927384246936999,0.0006410205190243823,0.0041750423746938145,0.012666100958296789,0.0,0.0,0.016603990401157787,1.0,1.0,2,5.452986461499891,2,15393,8.209654092788696,0.0,False,True,B2,seed_2
7,symbolic,,True,5,209.60768485069275,6844,0.0,1.0,1.0,0.0,0.0,0.0,0.0,1.0,1.0,0.0,1.0,1.0,0.0,0.0,0.0,0.0,1.0,1.0,4,3.9000000000000004,4,17169,6.900095701217651,0.0,False,True,B2,seed_2
8,symbolic,,True,5,122.24282693862915,4940,0.7614698661019885,0.8940153824972352,0.8832141079588349,0.7614698661019885,0.6730381714842777,0.6730381714842777,0.9408756968251494,0.701042830947615,0.9724717212038039,0.7614698661019885,0.8940153824972352,0.8832141079588349,0.7614698661019885,0.6730370420852892,0.6730370420852892,0.9408756968251494,0.701042830947615,0.9724717212038039,5,0.33098392482746775,5,14676,7.075827360153198,0.0,False,True,B2,seed_2
9,symbolic,,True,5,113.43163108825684,2112,0.8841982937807447,0.7321646152587036,1.0,0.8821292172854693,0.6459152373669179,0.6444039045938362,0.9891807760425225,0.9904217216601078,0.9990175953936878,0.8841982937807447,0.7321646152587036,1.0,0.8821292172854693,0.6459108210289182,0.6443993444209728,0.9891807760425225,0.9904217216601078,0.9990175953936878,6,0.3775162427805424,6,13983,6.858479261398315,0.0,False,True,B2,seed_2
10,symbolic,,True,5,201.95024609565735,5167,1.0,0.8835300937177062,1.0,0.1164672611177254,0.0,0.0,0.9951815358161248,1.0,1.0,1.0,0.8835300937177062,1.0,0.1164672611177254,0.0,0.0,0.9951815358161248,1.0,1.0,6,2.2835327388822746,6,17517,7.132419109344482,0.0,False,True,B2,seed_2
11,symbolic,,True,5,229.89311814308167,9128,0.5918511634587738,0.7566027550772478,0.7177407183036655,0.4804342816455795,0.15799976902105206,0.1283771963983784,0.5917956392598805,0.7268453338631395,0.9981259932776985,0.5918511634587738,0.7566027550772478,0.7177407183036655,0.4804342816455795,0.15799976747986338,0.12837719504463005,0.5917956392598805,0.7268453338631395,0.9981259932776985,2,2.0751984768354226,2,19059,6.961225271224976,0.0,False,True,B2,seed_2
12,symbolic,,True,5,239.59963631629944,9582,0.160685930615256,0.18452405674680325,0.9905367455035724,0.160685930615256,0.08021825465234078,0.08021825465234078,0.9680633745561081,1.0,1.0,0.160685930615256,0.18452405674680325,0.9905367455035724,0.160685930615256,0.08021824840324969,0.08021824840324969,0.9680633745561081,1.0,1.0,4,3.3336675727180034,4,21406,10.745850324630737,0.0,False,True,B2,seed_2
13,symbolic,,True,5,218.9820158481598,3813,1.0,1.0,1.0,0.6614094700606435,0.03733456153981729,0.02531399099285714,0.9691301742753965,0.03686972565537794,0.5369389803511277,1.0,1.0,1.0,0.6614094700606435,0.0373313418311868,0.025311143357347465,0.9691301742753965,0.03686972565537794,0.5369389803511277,4,2.5021332714001763,4,17333,6.85695481300354,0.0,False,True,B2,seed_2
14,symbolic,,True,5,165.81082105636597,6649,0.04374061446314967,0.1985596077834225,0.956251363355781,0.03505543750305414,0.0,0.0,0.7552767525297804,1.0,1.0,0.04374061446314967,0.1985596077834225,0.956251363355781,0.03505543750305414,0.0,0.0,0.7552767525297804,1.0,1.0,4,3.722644340250374,4,18060,7.135746479034424,0.0,False,True,B2,seed_2
15,symbolic,,True,5,256.40109300613403,4951,0.0,0.0,0.0,0.0,0.0,0.0,0.0,1.0,1.0,1.0,1.0,1.0,1.0,1.0,1.0,1.0,1.0,1.0,2,5.5,9,16410,8.110451459884644,100.0,False,True,B2,seed_2
16,symbolic,,True,5,243.05820560455322,8853,0.9890200414216733,0.18278199558122957,0.43793681006403107,0.8062379387869633,0.0,0.0,0.9902843098529885,1.0,1.0,0.9890200414216733,0.18278199558122957,0.43793681006403107,0.8062379387869633,0.0,0.0,0.9902843098529885,1.0,1.0,5,2.5792811943547393,5,16034,7.109588861465454,0.0,False,True,B2,seed_2
17,symbolic,,True,5,267.5886673927307,9581,0.8998744699000591,0.9279849767249638,0.6296248929331519,0.5249704434624874,0.7988795296080231,0.44622491258788843,0.899803275985321,1.0,1.0,1.0,1.0,0.6971056802977628,0.545017976902377,0.8938004456400124,0.46326526692076175,1.0,1.0,1.0,5,0.8003002214084493,6,16780,8.266964197158813,11.864406779661017,False,False,B2,seed_2
18,symbolic,,True,5,247.35390639305115,8343,0.9686979080512251,0.0439365923310821,0.11915985560920787,0.9527139276742334,0.02508917256804044,0.02478635255325279,0.5573622270670625,0.99043956769934,0.9999840310539784,0.9686979080512251,0.0439365923310821,0.11915985560920787,0.9527139276742334,0.025005983270650817,0.0247038840437209,0.5573622270670625,0.99043956769934,0.9999840310539784,4,3.129665799871354,4,19271,7.95172905921936,0.0,False,True,B2,seed_2
19,symbolic,,True,5,206.58846068382263,7234,1.0,0.7737411559025891,0.08938998825839967,0.2262588440777299,0.0,0.0,0.9999066342874153,0.9998645734805046,1.0,1.0,0.7737411559025891,0.08938998825839967,0.2262588440777299,0.0,0.0,0.9999066342874153,0.9998645734805046,1.0,4,2.9106100117612814,4,20475,7.551835060119629,0.0,False,True,B2,seed_2
0,symbolic,,True,5,230.55634927749634,8523,0.9689743969292066,1.0,0.9515776208403119,0.9689743969292066,0.021232209647715772,0.021232209647715772,0.9940596138119223,0.908189962657588,1.0,0.9689743969292066,1.0,0.9515776208403119,0.9689743969292066,0.021231863265990858,0.021231863265990858,0.9940596138119223,0.908189962657588,1.0,7,1.5575355807045685,7,13700,6.873575448989868,0.0,False,True,R4,seed_1
1,symbolic,,True,5,198.25229859352112,6043,0.7172600380625729,1.0,0.8287654218277806,0.7172600380625729,0.025905858449036145,0.025905858449036145,0.7172602032659741,0.579646064233605,0.2827399619374271,0.7172600380625729,1.0,0.8287654218277806,0.7172600380625729,0.025905858449014406,0.025905858449014406,0.7172602032659741,0.579646064233605,0.2827399619374271,3,2.2512821808057497,3,14375,8.978610754013062,0.0,False,True,R4,seed_1
2,symbolic,,True,5,186.66457796096802,3497,1.0,1.0,1.0,0.8235294117647047,0.378478578563495,0.3554407939237776,0.7523864596188725,0.525360839292109,0.888400982612273,1.0,1.0,1.0,0.8235294117647047,0.37847857856349304,0.355440793923776,0.7523864596188725,0.525360839292109,0.888400982612273,6,1.0407197882206185,6,11902,6.67621922492981,0.0,False,True,R4,seed_1
3,symbolic,,True,5,185.93035793304443,8256,1.0,1.0,1.0,0.09463860252220986,0.40964697991816323,0.007836894996280153,0.9886981276262468,0.8066100387140238,0.9831988993203478,1.0,1.0,1.0,0.09463860252220986,0.40964461239184813,0.007836885579628382,0.9886981276262468,0.8066100387140238,0.9831988993203478,6,1.8878775225633468,6,14219,6.756009817123413,0.0,False,True,R4,seed_1
4,symbolic,,True,5,153.28465390205383,4115,1.0,1.0,1.0,0.7481293972351095,0.9705968092196315,0.7354675595325539,0.8934938804617354,0.9670399658093715,0.0998886192011168,1.0,1.0,1.0,0.7481293972351095,0.970577628775689,0.7354553690300546,0.8934938804617354,0.9670399658093715,0.0998886192011168,6,0.7165144240312198,6,12801,6.676586627960205,0.0,False,True,R4,seed_1
5,symbolic,,True,5,169.24195265769958,5964,1.0,0.9851153715748374,0.97847992188952,0.6768266474580048,0.9610032138024736,0.6551093699205786,0.904562690702233,0.9790145082735893,0.9650206948511746,1.0,0.9851153715748374,0.97847992188952,0.6768266474580048,0.961001920946964,0.6551090639301481,0.904562690702233,0.9790145082735893,0.9650206948511746,7,0.26806398262141673,7,10597,6.723920106887817,0.0,False,True,R4,seed_1
6,symbolic,,True,5,205.1833312511444,6962,1.0,1.0,1.0,0.9584426400393309,0.0,0.0,0.238550807556827,0.9254553182530839,1.0,1.0,1.0,1.0,0.9584426400393309,0.0,0.0,0.238550807556827,0.9254553182530839,1.0,6,2.061449192443173,6,10316,6.72514533996582,0.0,False,True,R4,seed_1
7,symbolic,,True,5,259.4493622779846,8436,1.0,1.0,0.4021669636545092,0.8596057610236959,0.6193261957554821,0.6070440512908339,0.8904259238342843,0.34497294028421277,0.9546645972592418,1.0,1.0,0.4021669636545092,0.8596057610236959,0.6191307592127411,0.6068514119078592,0.8904259238342843,0.34497294028421277,0.9546645972592418,5,1.1264898490149622,5,15884,8.412615537643433,0.0,False,True,R4,seed_1
8,symbolic,,True,5,254.09919428825378,9893,1.0,1.0,1.0,0.8371162915095701,0.035723026193830054,0.035723026193830054,0.9147939919160232,0.9983670829815823,1.0,1.0,1.0,1.0,0.8371162915095701,0.03572196324150901,0.03572196324150901,0.9147939919160232,0.9983670829815823,1.0,7,1.52855394761234,7,13606,7.430380344390869,0.0,False,True,R4,seed_1
9,symbolic,,True,5,181.3462781906128,3508,0.005499536241661503,1.0,1.0,0.005499536241661503,0.004353502095125417,0.004353502095125417,0.005499588516279186,1.0,1.0,0.005499536241661503,1.0,1.0,0.005499536241661503,0.0043534903629632235,0.0043534903629632235,0.005499588516279186,1.0,1.0,4,3.8747943348101472,4,11967,6.808440208435059,0.0,False,True,R4,seed_1
10,symbolic,,True,5,161.4399390220642,4750,1.0,0.8834659323426641,0.9878814834462114,0.11653150416820843,0.0,0.0,0.9962860024398299,1.0,1.0,1.0,0.8834659323426641,0.9878814834462114,0.11653150416820843,0.0,0.0,0.9962860024398299,1.0,1.0,6,2.2834684958317917,6,9991,6.9515111446380615,0.0,False,True,R4,seed_1
11,symbolic,,True,5,184.57193279266357,7205,0.17152989247243133,0.31577671703841487,0.057426185896620865,0.111825944461794,0.03903888387965426,0.025370951620347304,0.9980106720104841,0.9936910800876938,1.0,0.17152989247243133,0.31577671703841487,0.057426185896620865,0.111825944461794,0.03903782545555369,0.02537033603576675,0.9980106720104841,0.9936910800876938,1.0,3,4.079031424630737,3,11214,6.804349660873413,0.0,False,True,R4,seed_1
12,symbolic,,True,5,193.62900376319885,6506,1.0,0.023866871941629963,0.9885082091140179,0.9987559802240403,0.022556543851343314,0.022556543851343314,1.0,1.0,1.0,1.0,0.023866871941629963,0.9885082091140179,0.9987559802240403,0.0225552186114973,0.02255521861149731,1.0,1.0,1.0,6,2.3310200403556838,6,13211,7.2057788372039795,0.0,False,True,R4,seed_1
13,symbolic,,True,5,210.47300744056702,5651,0.1246397860718099,0.05528834249269843,0.16361167110244473,0.11217246877751175,0.004542141900154006,0.004087739920424438,0.9610279961599459,0.9381646567784017,0.9962877774482033,0.1246397860718099,0.05528834249269843,0.16361167110244473,0.11217246877751175,0.00454152550772584,0.004087252247310195,0.9610279961599459,0.9381646567784017,0.9962877774482033,3,4.335657849734957,3,11845,6.8347179889678955,0.0,False,True,R4,seed_1
14,symbolic,,True,5,211.67925095558167,6852,0.9505985718215146,0.0,0.9572022273659765,0.0,0.0,0.0,0.03460708576078653,1.0,1.0,1.0,1.0,1.0,1.0,0.0,0.0,0.3500023609234266,1.0,1.0,4,3.8653929142392136,6,11378,6.974427700042725,19.607843137254903,False,True,R4,seed_1
15,symbolic,,True,5,334.49683475494385,7745,0.0,1.0,1.0,0.0,0.0,0.0,0.0,1.0,1.0,0.0,1.0,1.0,0.0,0.0,0.0,0.0,1.0,1.0,4,3.9000000000000004,4,18296,6.731694459915161,0.0,False,True,R4,seed_1
16,symbolic,,True,5,181.7310745716095,8972,0.970446540088012,0.9704428325741439,0.37892905362943996,0.4519619411147738,0.5982425885817304,0.07975798960849301,0.9902843098529885,1.0,1.0,0.970446540088012,0.9704428325741439,0.37892905362943996,0.4519619411147738,0.5982425885817265,0.07975798960848947,0.9902843098529885,1.0,1.0,5,1.691108427065563,5,16630,7.109958648681641,0.0,False,True,R4,seed_1
17,symbolic,,True,5,162.45740151405334,7955,0.8831084570258558,0.48706441370065007,0.7502312007867804,0.48744306441869284,0.14632279186522723,0.07894938784040717,0.9997749901144427,1.0,0.9966351300021778,0.8831084570258558,0.48706441370065007,0.7502312007867804,0.48744306441869284,0.14631679908787779,0.07894358797038543,0.9997749901144427,1.0,0.9966351300021778,4,2.0499891413882425,4,13032,7.794217348098755,0.0,False,False,R4,seed_1
18,symbolic,,True,5,306.1656529903412,5189,1.0,0.9996105046587466,0.5867218869720303,0.0003998943878401683,0.27247368907705327,3.5563226552515204e-07,0.04571542346213031,0.9929945098747673,0.9999660160042557,1.0,0.9996105046587466,0.5867218869720303,0.0003998943878401683,0.004400376811198501,3.309175595070084e-07,0.04571542346213031,0.9929945098747673,0.9999660160042557,4,2.9946887504686805,4,16084,88.99671673774719,0.0,False,True,R4,seed_1
19,symbolic,,True,5,181.98800611495972,7805,1.0,1.0,0.08910627448795046,0.2262588531467326,0.9108937255108901,0.15975287436965546,0.999906634434293,1.0,1.0,1.0,1.0,0.08910627448795046,0.2262588531467326,0.9108937255004705,0.159752874359236,0.999906634434293,1.0,1.0,6,1.9248819979956615,6,15584,7.295700311660767,0.0,False,True,R4,seed_1
0,symbolic,,True,5,236.71030521392822,8324,1.0,0.0,0.9341153343346316,1.0,0.0,0.0,0.9300165662307825,0.09254893282549403,1.0,1.0,0.0,0.9341153343346316,1.0,0.0,0.0,0.9300165662307825,0.09254893282549403,1.0,5,3.007451067174506,5,14679,6.860480070114136,0.0,False,True,R4,seed_2
1,symbolic,,True,5,223.57248759269714,6737,0.9323825621510087,1.0,0.9728096673900187,0.9323825621510087,0.04460498141268976,0.044607478632109454,0.9323825818630804,0.7051077585637023,0.14055236098933555,0.9323825621510087,1.0,0.9728096673900187,0.9323825621510087,0.044604981399659106,0.044603694911842594,0.9323825818630804,0.7051077585637023,0.14055236098933555,6,2.0702351789658655,6,10479,6.782787799835205,0.0,False,True,R4,seed_2
2,symbolic,,True,5,154.63095355033875,4259,1.0,0.974524590963592,1.0,0.027190332326283984,0.003271252666331992,0.0017150947874255973,0.05688219004991679,0.054645938081261614,0.9985154003129789,1.0,0.974524590963592,1.0,0.027190332326283984,0.003268314595698838,0.001715005811458243,0.05688219004991679,0.054645938081261614,0.9985154003129789,4,3.65629519208878,4,9224,6.63457989692688,0.0,False,True,R4,seed_2
3,symbolic,,True,5,152.0751428604126,5395,1.0,0.38941678786841954,1.0,0.7161090241403201,0.14330122204481155,0.10268492567864995,0.44048886682297506,0.9293516843860988,0.9997294839275299,1.0,0.38941678786841954,1.0,0.7161090241403201,0.14328380726499879,0.10266947334486726,0.44048886682297506,0.9293516843860988,0.9997294839275299,4,2.107999173444824,4,16580,8.96776556968689,0.0,False,True,R4,seed_2
4,symbolic,,True,5,133.12637209892273,3481,1.0,1.0,1.0,0.9933833791761335,0.2699838556416385,0.2638018185048533,0.03025075241332109,0.9028752341365456,0.983821312665686,1.0,1.0,1.0,0.9933833791761335,0.2693725859634496,0.2632011340842856,0.03025075241332109,0.9028752341365456,0.983821312665686,6,1.7359635734401873,6,10756,6.702513694763184,0.0,False,True,R4,seed_2
5,symbolic,,True,5,143.27345418930054,5694,1.0,1.0,1.0,0.6698950836447415,0.5737091866238885,0.39541785366814397,0.9273587696426837,0.8023337346608692,0.9895133381798472,1.0,1.0,1.0,0.6698950836447415,0.5737041191613672,0.3954165173496141,0.9273587696426837,0.8023337346608692,0.9895133381798472,6,0.7609778760632262,6,13658,6.7541139125823975,0.0,False,True,R4,seed_2
6,symbolic,,True,5,178.50284147262573,5241,1.0,0.9749323377201076,0.98806137202164,0.027874628889481397,5.155412426449679e-05,3.248825517188081e-05,0.7426196994522644,0.9016861561248565,0.9951283804292158,1.0,0.9749323377201076,0.98806137202164,0.027874628889481397,5.007785282232803e-05,3.214452791129495e-05,0.7426196994522644,0.9016861561248565,0.9951283804292158,6,2.372041328731082,6,12691,8.067357778549194,0.0,False,True,R4,seed_2
7,symbolic,,True,5,173.92150592803955,5973,0.0006410205680550168,0.9994022127183335,0.9998528272183533,0.0006410205680550168,4.3233286388777437e-05,4.3233286388777437e-05,0.000641121000964362,0.9997634212283544,0.9999957719707374,0.0006410205680550168,0.9994022127183335,0.9998528272183533,0.0006410205680550168,4.323328638867799e-05,4.323328638867799e-05,0.000641121000964362,0.9997634212283544,0.9999957719707374,4,3.897990371290148,4,11123,6.781993389129639,0.0,False,True,R4,seed_2
8,symbolic,,True,5,144.60167908668518,4870,0.7614698661019885,0.8940153824972352,0.8832141079588349,0.7614698661019885,0.6730381714842777,0.6730381714842777,0.9408756968251494,0.701042830947615,0.9724717212038039,0.7614698661019885,0.8940153824972352,0.8832141079588349,0.7614698661019885,0.6730370420852892,0.6730370420852892,0.9408756968251494,0.701042830947615,0.9724717212038039,5,0.33098392482746775,5,10572,6.9226086139678955,0.0,False,True,R4,seed_2
9,symbolic,,True,5,148.2175476551056,4788,0.8846648043743954,0.7333207006016085,1.0,0.8825764077233614,0.6462659243728252,0.6447404236669259,0.9891807760425225,0.9904164107200197,1.0,0.8846648043743954,0.7333207006016085,1.0,0.8825764077233614,0.6462615351442274,0.6447359215463052,0.9891807760425225,0.9904164107200197,1.0,6,0.37567295135864065,6,10121,6.920048713684082,0.0,False,True,R4,seed_2
10,symbolic,,True,5,187.27566027641296,5656,1.0,0.6517374086225618,1.0,0.3482624688086378,0.0,0.0,0.9962860024398299,0.0,1.0,1.0,0.6517374086225618,1.0,0.3482624688086378,0.0,0.0,0.9962860024398299,0.0,1.0,4,2.9000001225688004,4,10556,6.966396331787109,0.0,False,True,R4,seed_2
11,symbolic,,True,5,203.14195656776428,7355,0.9127811579525573,0.8979695765648475,0.7777489709557892,0.09603963982856861,0.04148058626386031,0.005606669265820985,0.7069509454519185,0.9219535362671646,0.9994784067728361,1.0,0.9132754917709709,0.8522841688721817,0.12828774663605533,0.06273337374462273,0.009309504831966646,0.825876652646177,0.9421761398770141,0.9996251833321089,5,2.2791241336859613,6,14965,6.8285956382751465,2.912621359223301,False,True,R4,seed_2
12,symbolic,,True,5,238.3604757785797,10091,0.160685930615256,0.18452405674680325,0.9905367455035724,0.160685930615256,0.08021825465234078,0.08021825465234078,0.9680633745561081,1.0,1.0,0.160685930615256,0.18452405674680325,0.9905367455035724,0.160685930615256,0.08021824840324969,0.08021824840324969,0.9680633745561081,1.0,1.0,4,3.3336675727180034,4,16386,10.382306098937988,0.0,False,True,R4,seed_2
13,symbolic,,True,5,210.28561997413635,3274,1.0,1.0,1.0,0.6687319592369756,0.026407370273603736,0.023007644091602275,0.7211994775371408,0.03736302518114032,0.5574367037890234,1.0,1.0,1.0,0.6687319592369756,0.026405294020080086,0.02300693379031063,0.7211994775371408,0.03736302518114032,0.5574367037890234,4,2.4870532974276545,4,12787,6.765260219573975,0.0,False,True,R4,seed_2
14,symbolic,,True,5,165.33766078948975,7484,0.042981861628333715,0.9984616878769257,1.0,6.728083598394452e-05,0.0,0.0,0.0014525515624312924,1.0,1.0,0.042981861628333715,0.9984616878769257,1.0,6.728083598394452e-05,0.0,0.0,0.0014525515624312924,1.0,1.0,4,3.855498305973251,4,10165,7.059539318084717,0.0,False,True,R4,seed_2
15,symbolic,,True,5,221.2060945034027,5482,0.0,1.0,0.0,0.0,0.0,0.0,1.0,1.0,1.0,0.0,1.0,0.0,0.0,0.0,0.0,1.0,1.0,1.0,4,4.0,4,16921,7.9985668659210205,0.0,False,True,R4,seed_2
16,symbolic,,True,5,195.3605604171753,6805,0.9947452104013617,0.5384731295191814,0.9947452104013617,0.49165886500203637,0.0,0.0,0.8075411132214189,1.0,0.9986467739267259,0.9947452104013617,0.5384731295191814,0.9947452104013617,0.49165886500203637,0.0,0.0,0.8075411132214189,1.0,0.9986467739267259,5,2.1698680054787824,5,12697,6.929064989089966,0.0,False,True,R4,seed_2
17,symbolic,,True,5,198.5251226425171,4454,0.8831100958736129,0.8884897187609211,0.44689829481084475,0.48744334713982895,0.8291360350801309,0.44735277608358315,0.9997749901144427,1.0,1.0,0.8831100958736129,0.8884897187609211,0.44689829481084475,0.48744334713982895,0.8291303936512631,0.4473470023140056,0.9997749901144427,1.0,1.0,6,1.0183055819657434,6,12817,7.111355781555176,0.0,False,False,R4,seed_2
18,symbolic,,True,5,132.81299829483032,5203,0.968698090639827,0.1386239509963418,0.2396641595096686,0.962411074090443,0.1169538920118589,0.11670760521167045,0.5573622270670625,0.8145022690964342,0.9485395599931045,0.968698090639827,0.1386239509963418,0.2396641595096686,0.962411074090443,0.11681628158958965,0.11657022080243494,0.5573622270670625,0.8145022690964342,0.9485395599931045,4,2.730688165203398,4,12628,7.285953044891357,0.0,False,True,R4,seed_2
19,symbolic,,True,5,104.86446738243103,4136,1.0,0.7737432595138619,0.08946443795655734,0.2262588363051493,0.0,0.0,0.9999066342874153,0.980738016392238,0.9999999782726252,1.0,0.7737432595138619,0.08946443795655734,0.2262588363051493,0.0,0.0,0.9999066342874153,0.980738016392238,0.9999999782726252,4,2.9105334662244315,4,13790,7.177842617034912,0.0,False,True,R4,seed_2
0,symbolic,,True,5,40.10062313079834,3810,1.0,1.0,1.0,1.0,0.606733870679028,0.606733870679028,0.9980071885224268,1.0,0.9928324241026449,1.0,1.0,1.0,1.0,0.6067338705829405,0.6067338705829405,0.9980071885224268,1.0,0.9928324241026449,7,0.3865322586419442,7,18505,6.755988121032715,0.0,False,True,sonnet5,seed_none
1,symbolic,,True,5,45.62824726104736,4095,1.0,1.0,1.0,0.9959693191137181,0.7759885994849367,0.773004243872409,0.9989996127277687,0.9939012777549424,0.948869518126274,1.0,1.0,1.0,0.9959693191137181,0.7759885993238977,0.7730042437195106,0.9989996127277687,0.9939012777549424,0.948869518126274,7,0.05100715664265443,7,18702,6.744849681854248,0.0,False,True,sonnet5,seed_none
2,symbolic,,True,1,10.836122035980225,818,1.0,1.0,1.0,1.0,0.9297345698860329,0.9297345698860329,1.0,0.909583732612411,0.9205138599637389,1.0,1.0,1.0,1.0,0.9297345694916723,0.9297345694916723,1.0,0.909583732612411,0.9205138599637389,9,0.0,9,2542,1.3409898281097412,0.0,True,True,sonnet5,seed_none
3,symbolic,,True,5,41.94662261009216,4047,1.0,1.0,1.0,0.6905881757043594,0.9365509296520315,0.6462382756917872,0.9544352713574648,0.8997908576132017,1.0,1.0,1.0,1.0,0.6905881757043594,0.9365509293438538,0.6462382755899263,0.9544352713574648,0.8997908576132017,1.0,7,0.26317354860385356,7,15695,6.726999044418335,0.0,False,True,sonnet5,seed_none
4,symbolic,,True,5,37.38502526283264,3046,1.0,1.0,1.0,0.9078931319738275,0.4104694007639329,0.37090651092836124,0.8893853468140207,0.9072931047543873,0.9138467669140355,1.0,1.0,1.0,0.9078931319738275,0.41046940076203997,0.370906510918066,0.8893853468140207,0.9072931047543873,0.9138467669140355,7,0.8186240883077059,7,17586,6.701777935028076,0.0,False,True,sonnet5,seed_none
5,symbolic,,True,5,37.556642055511475,3396,1.0,1.0,1.0,0.9632228628628237,0.9550942983437465,0.9207221065393433,0.8760301865636598,0.9604757138089399,0.9607728088885343,1.0,1.0,1.0,0.9632228628628237,0.9550942980391783,0.9207221062360752,0.8760301865636598,0.9604757138089399,0.9607728088885343,9,0.0,9,15306,6.7316765785217285,0.0,True,True,sonnet5,seed_none
6,symbolic,,True,5,39.167340993881226,3672,1.0,1.0,1.0,0.9993589791675836,0.9548732313768035,0.9548732313768035,0.02076411542625478,1.0,0.9953207394021564,1.0,1.0,1.0,0.9993589791675836,0.9548732309592465,0.9548732309592465,0.02076411542625478,1.0,0.9953207394021564,8,0.6792358845737452,8,14953,6.695589780807495,0.0,False,True,sonnet5,seed_none
7,symbolic,,True,2,21.086928844451904,2076,1.0,1.0,1.0,0.9363874342735024,0.9539371975331226,0.9078544710303879,0.8747354626417972,0.937471152493176,0.7473806678591579,1.0,1.0,1.0,0.9363874342735024,0.9539371973279472,0.9078544707854218,0.8747354626417972,0.937471152493176,0.7473806678591579,9,0.0,9,8055,2.7100162506103516,0.0,True,True,sonnet5,seed_none
8,symbolic,,True,5,36.013508796691895,3068,1.0,1.0,1.0,1.0,0.651719294435175,0.651719294435175,0.9999623754700151,0.9346942533473455,1.0,1.0,1.0,1.0,1.0,0.6517192943798,0.6517192943798,0.9999623754700151,0.9346942533473455,1.0,7,0.2965614111296502,7,18619,6.791810512542725,0.0,False,True,sonnet5,seed_none
9,symbolic,,True,1,9.469889879226685,616,1.0,1.0,1.0,0.9958642797307612,0.9989317986617763,0.9948343931311522,0.9807869137396434,1.0,1.0,1.0,1.0,1.0,0.9958642797307612,0.9989317981683908,0.9948343926446921,0.9807869137396434,1.0,1.0,9,0.0,9,2632,1.3526256084442139,0.0,True,True,sonnet5,seed_none
10,symbolic,,True,5,44.9006724357605,4366,1.0,1.0,1.0,0.9993589791675836,0.5329154752503006,0.5327007262726103,0.2515462187527999,0.896394957371227,0.9996063719535158,1.0,1.0,1.0,0.9993589791675836,0.5329154752091967,0.5327007262315692,0.2515462187527999,0.896394957371227,0.9996063719535158,6,0.9828375797242892,6,15978,6.876514434814453,0.0,False,True,sonnet5,seed_none
11,symbolic,,True,5,50.852802991867065,5535,1.0,1.0,1.0,0.7175236364283808,0.6590164542792313,0.47826664569932564,0.9978750977584179,0.9508778109624231,0.9119277079740966,1.0,1.0,1.0,0.7175236364283808,0.6590164541941029,0.4782666456376191,0.9978750977584179,0.9508778109624231,0.9119277079740966,6,0.5451932635930624,6,18894,6.726656913757324,0.0,False,True,sonnet5,seed_none
12,symbolic,,True,1,10.461234331130981,807,1.0,1.0,1.0,1.0,0.913273096828861,0.913273096828861,0.9975634331376485,1.0,1.0,1.0,1.0,1.0,1.0,0.9132730963906499,0.9132730963906499,0.9975634331376485,1.0,1.0,9,0.0,9,2740,1.3695437908172607,0.0,True,True,sonnet5,seed_none
13,symbolic,,True,5,55.12846851348877,6309,1.0,1.0,1.0,0.7969597534379361,0.9991522274439248,0.7969597535689203,0.9969384757102742,0.9367750071392336,0.7114483361153012,1.0,1.0,1.0,0.7969597534379361,0.9991522269620784,0.7969597534379361,0.9969384757102742,0.9367750071392336,0.7114483361153012,7,0.006080492993143616,7,22376,6.7523229122161865,0.0,False,True,sonnet5,seed_none
14,symbolic,,True,5,58.634538650512695,6493,1.0,0.9895104894506669,1.0,0.01048951049342586,0.0,0.0,0.002534737528584463,1.0,1.0,1.0,0.9895104894506669,1.0,0.01048951049342586,0.0,0.0,0.002534737528584463,1.0,1.0,5,3.08697575197799,5,17003,6.818780899047852,0.0,False,True,sonnet5,seed_none
15,symbolic,,True,5,48.243895292282104,4910,0.12614660278377193,0.12614660278377193,0.12614660278377193,0.12614660278377193,0.1261466029424818,0.1261466029424818,1.0,1.0,1.0,0.12614660278377193,0.12614660278377193,0.12614660278377193,0.12614660278377193,0.12614660278377188,0.12614660278377188,1.0,1.0,1.0,3,4.043120382979949,3,18258,6.711317300796509,0.0,False,True,sonnet5,seed_none
16,symbolic,,True,5,56.96440625190735,6406,1.0,1.0,1.0,1.0,0.04905124827723362,0.04905124827723362,1.0,1.0,0.9929633511139238,1.0,1.0,1.0,1.0,0.04905124788780228,0.04905124788780228,1.0,1.0,0.9929633511139238,7,1.5018975034455329,7,20402,6.781534671783447,0.0,False,True,sonnet5,seed_none
17,symbolic,,True,5,74.16449356079102,3485,1.0,1.0,1.0,0.4953082559919652,0.8781454725998995,0.4105407357567379,1.0,1.0,1.0,1.0,1.0,1.0,0.4953082559919652,0.8781454723329398,0.4105407355300906,1.0,1.0,1.0,7,0.6941510082512969,7,16500,42.45193958282471,0.0,False,False,sonnet5,seed_none
18,symbolic,,True,5,43.70068120956421,4328,1.0,1.0,0.9389854310017556,0.8048314367944736,0.9659370001269455,0.799800255601237,0.8472914452071644,1.0,1.0,1.0,1.0,0.9389854310017556,0.8048314367944736,0.9659370001226415,0.7998002554307053,0.8472914452071644,1.0,1.0,8,0.0001997443987630243,8,19688,6.980118274688721,0.0,False,True,sonnet5,seed_none
19,symbolic,,True,5,51.31744575500488,5239,1.0,1.0,1.0,0.6445898122459144,0.47038968400817693,0.2688089736326189,0.9997347022846175,0.24507621141487057,1.0,1.0,1.0,1.0,0.6445898122459144,0.4703896839352399,0.26880897348216504,0.9997347022846175,0.24507621141487057,1.0,5,1.4711353186984193,5,19807,7.326652765274048,0.0,False,True,sonnet5,seed_none
0,symbolic,,True,3,117.65709137916565,12464,1.0,1.0,1.0,1.0,0.9635627530237693,0.9635627530237693,1.0,0.7256454942021516,1.0,1.0,1.0,1.0,1.0,0.9635627529175131,0.9635627529175131,1.0,0.7256454942021516,1.0,9,0.0,9,12848,4.046260118484497,0.0,True,True,sonnet5_5,seed_none
1,symbolic,,True,1,23.115734338760376,2035,1.0,1.0,1.0,1.0,0.9389113830819563,0.9389113830819563,0.9996491410968044,0.9896955889053283,0.9312155416247062,1.0,1.0,1.0,1.0,0.9389113827288058,0.9389113827288058,0.9996491410968044,0.9896955889053283,0.9312155416247062,9,0.0,9,2591,1.3466424942016602,0.0,True,True,sonnet5_5,seed_none
2,symbolic,,True,1,36.279208183288574,3492,1.0,1.0,1.0,0.9688581310466926,0.9689180894339464,0.9387441696805959,0.9838316772736331,0.8998108995467078,0.9995092190913019,1.0,1.0,1.0,0.9688581310466926,0.9689180890188438,0.9387441692983088,0.9838316772736331,0.8998108995467078,0.9995092190913019,9,0.0,9,2544,1.3420076370239258,0.0,True,True,sonnet5_5,seed_none
3,symbolic,,True,1,36.39198422431946,4103,1.0,1.0,1.0,0.9178806803818707,0.994191042304987,0.9125487506900666,0.9409429204892111,0.9280707438627367,0.9977647531397733,1.0,1.0,1.0,0.9178806803818707,0.994191041840258,0.9125487503017431,0.9409429204892111,0.9280707438627367,0.9977647531397733,9,0.0,9,2590,1.3444290161132812,0.0,True,True,sonnet5_5,seed_none
4,symbolic,,True,1,37.866267681121826,3593,1.0,1.0,1.0,0.995020574387958,0.9444859193017294,0.9399628737546404,0.881095125106088,0.9746962670613754,1.0,1.0,1.0,1.0,0.995020574387958,0.9444859190645283,0.9399628734453762,0.881095125106088,0.9746962670613754,1.0,9,0.0,9,2552,1.3450126647949219,0.0,True,True,sonnet5_5,seed_none
5,symbolic,,True,1,33.670294761657715,2928,1.0,1.0,1.0,0.9979951716841731,0.9633639526855742,0.9616252713393276,0.873838474490615,0.9750175969988213,0.9609451227146165,1.0,1.0,1.0,0.9979951716841731,0.963363952385145,0.9616252711080521,0.873838474490615,0.9750175969988213,0.9609451227146165,9,0.0,9,2565,1.3460536003112793,0.0,True,True,sonnet5_5,seed_none
6,symbolic,,True,1,29.40947413444519,3174,1.0,1.0,0.8807687469754459,0.9921204238228534,0.9135861857030264,0.9135861857030264,0.9302520348171898,1.0,0.9544689486782536,1.0,1.0,0.8807687469754459,0.9921204238228534,0.9135861853872946,0.9135861853872946,0.9302520348171898,1.0,0.9544689486782536,9,0.0,9,2563,1.350360631942749,0.0,True,True,sonnet5_5,seed_none
7,symbolic,,True,1,27.66910409927368,2101,1.0,1.0,1.0,1.0,0.9935328823630312,0.9935328823630312,1.0,0.9353925156288783,0.8066239010175837,1.0,1.0,1.0,1.0,0.9935328819008993,0.9935328819008993,1.0,0.9353925156288783,0.8066239010175837,9,0.0,9,2611,1.3449697494506836,0.0,True,True,sonnet5_5,seed_none
8,symbolic,,True,1,27.815153121948242,2397,1.0,1.0,1.0,1.0,1.0,1.0,0.9999623754700151,0.9189505271031747,1.0,1.0,1.0,1.0,1.0,1.0,1.0,0.9999623754700151,0.9189505271031747,1.0,9,0.0,9,2704,1.3586506843566895,0.0,True,True,sonnet5_5,seed_none
9,symbolic,,True,1,24.01578116416931,1774,1.0,1.0,1.0,1.0,0.9989673918061955,0.9989673918061955,1.0,1.0,1.0,1.0,1.0,1.0,1.0,0.9989673913344894,0.9989673913344894,1.0,1.0,1.0,9,0.0,9,2634,1.346078634262085,0.0,True,True,sonnet5_5,seed_none
10,symbolic,,True,2,109.60382652282715,12160,1.0,1.0,1.0,0.9964805954935745,1.0,0.9964805958108155,0.8910642781299711,0.9389703236441843,1.0,1.0,1.0,1.0,0.9964805954935745,1.0,0.9964805954935743,0.8910642781299711,0.9389703236441843,1.0,9,0.0,9,8156,2.750920534133911,0.0,True,True,sonnet5_5,seed_none
11,symbolic,,True,1,53.081061601638794,5362,1.0,1.0,1.0,1.0,0.9741840129301902,0.9741840129301902,1.0,1.0,0.9953334013850383,1.0,1.0,1.0,1.0,0.9741840127545924,0.9741840127545924,1.0,1.0,0.9953334013850383,9,0.0,9,2577,1.350297212600708,0.0,True,True,sonnet5_5,seed_none
12,symbolic,,True,1,30.418278455734253,3451,1.0,1.0,1.0,1.0,0.9982029866249941,0.9982029866249941,1.0,1.0,1.0,1.0,1.0,1.0,1.0,0.9982029861724379,0.9982029861724379,1.0,1.0,1.0,9,0.0,9,2742,1.3671700954437256,0.0,True,True,sonnet5_5,seed_none
13,symbolic,,True,1,53.86430907249451,5465,1.0,1.0,1.0,1.0,1.0,1.0,1.0,1.0,0.9214010946326505,1.0,1.0,1.0,1.0,1.0,1.0,1.0,1.0,0.9214010946326505,9,0.0,9,2638,1.3506150245666504,0.0,True,True,sonnet5_5,seed_none
14,symbolic,,True,1,64.15804147720337,8065,1.0,1.0,1.0,0.9624355507564244,1.0,0.9624355511742776,0.9379336478141593,0.9271313758217203,0.8867699264528502,1.0,1.0,1.0,0.9624355507564244,1.0,0.9624355507564246,0.9379336478141593,0.9271313758217203,0.8867699264528502,9,0.0,9,2713,1.372089147567749,0.0,True,True,sonnet5_5,seed_none
15,symbolic,,True,1,64.22540521621704,3875,1.0,1.0,1.0,1.0,1.0,1.0,1.0,1.0,1.0,1.0,1.0,1.0,1.0,1.0,1.0,1.0,1.0,1.0,9,0.0,9,2662,1.3442847728729248,0.0,True,True,sonnet5_5,seed_none
16,symbolic,,True,2,74.24260330200195,7484,1.0,1.0,1.0,0.994172728540222,1.0,0.994172729025527,1.0,1.0,1.0,1.0,1.0,1.0,0.994172728540222,1.0,0.994172728540222,1.0,1.0,1.0,9,0.0,9,8050,2.6878223419189453,0.0,True,True,sonnet5_5,seed_none
17,symbolic,,True,5,201.87675952911377,21188,1.0,1.0,1.0,0.8235294115198573,0.8280802291768643,0.6999999999534368,1.0,1.0,1.0,1.0,1.0,1.0,0.8235294115198573,0.8280802290021079,0.6999999998851321,1.0,1.0,1.0,8,0.10000000004656329,8,18756,6.865943908691406,0.0,False,False,sonnet5_5,seed_none
18,symbolic,,True,1,46.260456800460815,3329,0.9686461276925881,0.9686431766792869,0.9686435662451138,0.9613691144473656,0.8487749246222214,0.8460896007277673,0.9927257635493539,0.9963780437125004,0.9970077926611719,0.9686461276925881,0.9686431766792869,0.9686435662451138,0.9613691144473656,0.8487749246183334,0.8460896007259955,0.9927257635493539,0.9963780437125004,0.9970077926611719,9,0.0,9,2745,1.386204719543457,0.0,True,True,sonnet5_5,seed_none
19,symbolic,,True,1,85.80536675453186,8929,1.0,1.0,1.0,1.0,1.0,1.0,1.0,1.0,1.0,1.0,1.0,1.0,1.0,1.0,1.0,1.0,1.0,1.0,9,0.0,9,2780,1.3840677738189697,0.0,True,True,sonnet5_5,seed_none
0,symbolic,,True,2,110.15015721321106,18487,1.0,1.0,1.0,1.0,0.9925228468536423,0.9925228468536423,0.9992312806791228,0.7270521099455423,0.9987407803626241,1.0,1.0,1.0,1.0,0.9925228467988512,0.9925228467988512,0.9992312806791228,0.7270521099455423,0.9987407803626241,9,0.0,9,7900,2.727437973022461,0.0,True,True,haiku5_5,seed_none_1
1,symbolic,,True,2,63.16663455963135,10018,1.0,1.0,1.0,0.9998233339696765,0.9690006644684466,0.9688297802572503,0.9996940660414069,0.9896984611910606,0.931160903191542,1.0,1.0,1.0,0.9998233339696765,0.96900066405885,0.9688297798481853,0.9996940660414069,0.9896984611910606,0.931160903191542,9,0.0,9,7600,2.7051379680633545,0.0,True,True,haiku5_5,seed_none_1
2,symbolic,,True,3,82.62672829627991,13387,1.0,1.0,1.0,0.9688369813346938,0.9549039148884052,0.9294158162543436,0.9826967692536538,0.9143435659262417,0.9260013025062522,1.0,1.0,1.0,0.9688369813346938,0.9549039144671243,0.9294158158633656,0.9826967692536538,0.9143435659262417,0.9260013025062522,9,0.0,9,12364,4.056498765945435,0.0,True,True,haiku5_5,seed_none_1
3,symbolic,,True,3,88.27520704269409,14105,1.0,1.0,1.0,0.9178806803818707,0.9935510119889224,0.9119612792279679,0.9380366973847587,0.9286200161166394,1.0,1.0,1.0,1.0,0.9178806803818707,0.9935510115231841,0.9119612788377642,0.9380366973847587,0.9286200161166394,1.0,9,0.0,9,12596,4.078269958496094,0.0,True,True,haiku5_5,seed_none_1
4,symbolic,,True,1,32.210904598236084,4923,1.0,1.0,1.0,0.803226483162357,1.0,0.8032264833034739,0.9962824326620897,1.0,0.9101920544181812,1.0,1.0,1.0,0.803226483162357,1.0,0.8032264831623571,0.9962824326620897,1.0,0.9101920544181812,9,0.0,9,2552,1.3590445518493652,0.0,True,True,haiku5_5,seed_none_1
5,symbolic,,True,1,33.446810245513916,5316,1.0,1.0,1.0,0.9632228628628237,0.9627728474038593,0.9281243179000106,0.8760301865636598,0.9747479304696234,0.9604263503677484,1.0,1.0,1.0,0.9632228628628237,0.9627728470488595,0.9281243175476801,0.8760301865636598,0.9747479304696234,0.9604263503677484,9,0.0,9,2565,1.3617298603057861,0.0,True,True,haiku5_5,seed_none_1
6,symbolic,,True,1,33.60737061500549,5029,1.0,1.0,1.0,0.9744115822191053,0.8041539864476736,0.8041539864476736,0.7358065509595901,1.0,1.0,1.0,1.0,1.0,0.9744115822191053,0.8041539861468258,0.8041539861468258,0.7358065509595901,1.0,1.0,9,0.0,9,2563,1.3537304401397705,0.0,True,True,haiku5_5,seed_none_1
7,symbolic,,True,1,30.11991596221924,4422,1.0,1.0,1.0,1.0,0.9958249574749044,0.9958249574749044,1.0,0.9386830795430177,0.8067089614372724,1.0,1.0,1.0,1.0,0.995824957020286,0.995824957020286,1.0,0.9386830795430177,0.8067089614372724,9,0.0,9,2611,1.3615736961364746,0.0,True,True,haiku5_5,seed_none_1
8,symbolic,,True,1,33.62625503540039,5270,1.0,1.0,1.0,1.0,0.9052275605524931,0.9052275605524931,0.9670976674817927,0.8263378687587319,1.0,1.0,1.0,1.0,1.0,0.9052275604005795,0.9052275604005795,0.9670976674817927,0.8263378687587319,1.0,9,0.0,9,2704,1.3760697841644287,0.0,True,True,haiku5_5,seed_none_1
9,symbolic,,True,1,38.25168418884277,5975,1.0,1.0,1.0,1.0,0.9990002604611454,0.9990002604611454,1.0,0.999939646987997,0.9978916992866546,1.0,1.0,1.0,1.0,0.9990002600313097,0.9990002600313097,1.0,0.999939646987997,0.9978916992866546,9,0.0,9,2634,1.3871183395385742,0.0,True,True,haiku5_5,seed_none_1
10,symbolic,,True,5,195.3369541168213,32946,1.0,1.0,1.0,0.9491840599709744,0.6699589708787372,0.6391004581740894,0.9899676316257496,0.9788869421662814,1.0,1.0,1.0,1.0,0.9491840599709744,0.6699589707981887,0.6391004581092479,0.9899676316257496,0.9788869421662814,1.0,7,0.2909405709471734,7,18965,6.954928398132324,0.0,False,True,haiku5_5,seed_none_1
11,symbolic,,True,5,301.5913767814636,53363,1.0,1.0,1.0,0.8228736654441684,0.7727480511587734,0.6395137448014178,1.0,0.9993302909796712,0.9800471898937333,1.0,1.0,1.0,0.8228736654441684,0.7727480510324581,0.6395137446976487,1.0,0.9993302909796712,0.9800471898937333,7,0.1877382040398089,7,27310,6.80328106880188,0.0,False,True,haiku5_5,seed_none_1
12,symbolic,,True,1,39.78494715690613,6392,1.0,0.9114293624587226,1.0,1.0,0.911429362763249,0.911429362763249,1.0,1.0,1.0,1.0,0.9114293624587226,1.0,1.0,0.9114293624587226,0.9114293624587226,1.0,1.0,1.0,9,0.0,9,2742,1.3750593662261963,0.0,True,True,haiku5_5,seed_none_1
13,symbolic,,True,2,65.04051303863525,10856,1.0,0.9996968344733432,1.0,0.933665394176387,0.9980800745807336,0.9333622295285937,0.9936144880769274,0.9996752958494123,0.7972036021380513,1.0,0.9996968344733432,1.0,0.933665394176387,0.9980800740917981,0.9333622291477475,0.9936144880769274,0.9996752958494123,0.7972036021380513,9,0.0,9,7929,2.7394137382507324,0.0,True,True,haiku5_5,seed_none_1
14,symbolic,,True,3,135.32995462417603,23569,1.0,1.0,1.0,0.998340309525419,1.0,0.998340309976737,0.9274318672593319,0.930048336993726,0.8867721019303486,1.0,1.0,1.0,0.998340309525419,1.0,0.998340309525419,0.9274318672593319,0.930048336993726,0.8867721019303486,9,0.0,9,14507,4.189603805541992,0.0,True,True,haiku5_5,seed_none_1
15,symbolic,,True,2,70.15596890449524,11734,1.0,1.0,1.0,1.0,1.0,1.0,1.0,1.0,1.0,1.0,1.0,1.0,1.0,1.0,1.0,1.0,1.0,1.0,9,0.0,9,7855,2.7169911861419678,0.0,True,True,haiku5_5,seed_none_1
16,symbolic,,True,3,187.8348205089569,38458,1.0,1.0,0.8245254266286237,1.0,1.0,1.0,0.9836624812661325,1.0,1.0,1.0,1.0,0.8245254266286237,1.0,1.0,1.0,0.9836624812661325,1.0,1.0,9,0.0,9,19573,4.147013425827026,0.0,True,True,haiku5_5,seed_none_1
17,symbolic,,True,5,157.5109839439392,26364,1.0,1.0,0.9849054680481665,0.7636909991170184,0.801053054180401,0.6329922040940619,1.0,1.0,1.0,1.0,1.0,0.9849054680481665,0.7636909991170184,0.8010530539951429,0.6329922039206997,1.0,1.0,1.0,7,0.20331679678891978,7,16451,6.969263792037964,0.0,False,False,haiku5_5,seed_none_1
18,symbolic,,True,3,171.63382411003113,27801,1.0,1.0,1.0,0.8096694980419066,0.9640495483875177,0.8033081816591892,0.7169402894025596,0.9971595114534211,1.0,1.0,1.0,1.0,0.8096694980419066,0.9640495479180715,0.8033081814294281,0.7169402894025596,0.9971595114534211,1.0,9,0.0,9,15746,4.194583415985107,0.0,True,True,haiku5_5,seed_none_1
19,symbolic,,True,5,272.13815569877625,46270,0.7754751242465772,0.7911779133077244,0.9137357953638698,0.5089813196512871,0.6915501831634615,0.43269465135263285,0.999739930365022,1.0,1.0,0.7754751242465772,0.7911779133077244,0.9137357953638698,0.5089813196512871,0.6915501830168258,0.43269465135108665,0.999739930365022,1.0,1.0,4,0.8001208082783172,4,21956,7.058726787567139,0.0,False,True,haiku5_5,seed_none_1
