source,target,parsed,met,requirements,certified,uncovered,worst_crash
0,0,True,1,1,True,0,0.5511
0,1,True,1,1,True,0,0.5511
0,2,True,1,1,True,0,0.5511
0,3,True,1,1,True,0,0.5511
0,4,True,0,1,False,0,0.9875900400000002
0,5,True,0,1,False,0,0.9875900400000002
0,6,True,0,1,False,0,0.9943821976960001
0,7,True,0,1,False,0,0.9943821976960001
1,0,True,1,1,True,0,0.5511
1,1,True,1,1,True,0,0.5511
1,2,True,0,1,False,0,0.8911
1,3,True,0,1,False,0,0.8911
1,4,True,0,1,False,0,0.8911
1,5,True,0,1,False,0,0.8911
1,6,True,0,1,False,0,0.8911
1,7,True,0,1,False,0,0.9703545175806654
2,0,True,1,1,True,0,0.5511
2,1,True,1,1,True,0,0.5511
2,2,True,1,1,True,0,0.5511
2,3,True,1,1,True,0,0.5511
2,4,True,0,1,False,0,0.9098150400000002
2,5,True,0,1,False,0,0.9098150400000002
2,6,True,0,1,False,0,0.916607197696
2,7,True,0,1,False,0,0.9899867979710001
3,0,True,1,1,True,0,0.5511
3,1,True,1,1,True,0,0.5511
3,2,True,1,1,True,0,0.5511
3,3,True,1,1,True,0,0.5511
3,4,True,0,1,False,0,0.9875900400000002
3,5,True,0,1,False,0,0.9875900400000002
3,6,True,0,1,False,0,0.9943821976960001
3,7,True,0,1,False,0,0.9943821976960001
4,0,True,1,1,True,0,0.5511
4,1,True,1,1,True,0,0.5511
4,2,True,1,1,True,0,0.5511
4,3,True,0,1,False,0,0.8657510400000001
4,4,True,0,1,False,0,0.8657510400000001
4,5,True,0,1,False,0,0.9875900400000002
4,6,True,0,1,False,0,0.9875900400000002
4,7,True,0,1,False,0,0.9968975100000002
