dataset,grid,n,variant,met,requirements,solved,worst_goal1,worst_goal2,worst_goal3,worst_seq_1_before_2,worst_seq_2_before_3,worst_complete_sequence,worst_avoid_moving_seg1,worst_avoid_moving_seg2,worst_avoid_moving_seg3
grid_20_balanced.csv,0,4,greedy,7,9,False,0.9991572858361596,0.9653870660723626,1.0,0.9991569619463531,0.6067339790982718,0.6067339790982718,0.9980386355894503,0.9455210147311827,0.9986703159326313
grid_20_balanced.csv,0,4,cautious,7,9,False,1.0,1.0,1.0,1.0,0.6067339790982718,0.6067339790982718,1.0,1.0,1.0
grid_20_balanced.csv,1,4,greedy,7,9,False,1.0,1.0,1.0,0.9999897905176646,0.7941637593431441,0.7941593560413687,0.9996675279200732,0.9907827856642352,0.9591368588869222
grid_20_balanced.csv,1,4,cautious,7,9,False,1.0,1.0,1.0,1.0,0.7944437324597476,0.7944437324597476,0.9995126671185034,0.9909361816219701,0.9556511113338295
grid_20_balanced.csv,2,4,greedy,7,9,False,1.0,1.0,1.0,0.7978831669219659,0.9206884875694487,0.7576806561144795,0.9747530025623076,0.9303430970119347,0.9359463294536843
grid_20_balanced.csv,2,4,cautious,9,9,True,1.0,1.0,1.0,0.9688541257010908,0.9636333145496496,0.9378923404433084,0.9819923242298623,1.0,1.0
grid_20_balanced.csv,3,4,greedy,7,9,False,1.0,1.0,1.0,0.7652000354943712,0.9627162613137832,0.7366707867804722,0.9508365646518634,0.9188011424999682,0.9974983087478805
grid_20_balanced.csv,3,4,cautious,7,9,False,1.0,1.0,1.0,0.7652000530806646,1.0,0.7652001517927862,0.9508365646518634,0.9920773810913307,0.9976911739371601
grid_20_balanced.csv,4,5,greedy,9,9,True,1.0,1.0,1.0,0.8481098489258962,0.9873492760855351,0.8358368403542007,0.9617505576664444,1.0,0.9789051244338524
grid_20_balanced.csv,4,5,cautious,9,9,True,1.0,1.0,1.0,0.9691000323921762,0.9969413705877065,0.9660736968895188,0.9972294617870513,1.0,1.0
grid_20_balanced.csv,5,5,greedy,9,9,True,1.0,1.0,1.0,0.9230745171707813,0.9930104929136707,0.9180282991357827,0.8794651554729075,1.0,0.8596513435468195
grid_20_balanced.csv,5,5,cautious,7,9,False,1.0,1.0,1.0,0.7893747975892449,1.0,0.7893747977504764,1.0,1.0,1.0
grid_20_balanced.csv,6,5,greedy,7,9,False,1.0,1.0,1.0,0.9748972724637636,0.7733426521281613,0.7733426521281613,0.7353472419314431,1.0,0.999461102564645
grid_20_balanced.csv,6,5,cautious,8,9,False,1.0,1.0,1.0,1.0,1.0,1.0,0.4867154679715271,0.9851696803537525,1.0
grid_20_balanced.csv,7,5,greedy,9,9,True,1.0,1.0,1.0,0.9377155199084823,1.0,0.937715553346264,0.9230035547171924,0.9091987905850811,0.784978535239546
grid_20_balanced.csv,7,5,cautious,9,9,True,1.0,1.0,1.0,0.9923657006742792,1.0,0.9923657016469574,0.9996636547429552,0.9999305725621649,0.9067419156251325
grid_20_balanced.csv,8,6,greedy,9,9,True,1.0,1.0,1.0,0.9999358117740325,0.8002002055229895,0.8001949948262009,0.970386947908759,0.982694592606441,1.0
grid_20_balanced.csv,8,6,cautious,9,9,True,1.0,1.0,1.0,0.9999697706094248,0.999964529107686,0.9999424860056884,1.0,1.0,1.0
grid_20_balanced.csv,9,6,greedy,9,9,True,1.0,1.0,1.0,0.9908799728295912,0.9981786692977114,0.9891332600456393,0.9867770252220364,0.9999999974613587,1.0
grid_20_balanced.csv,9,6,cautious,9,9,True,1.0,1.0,1.0,1.0,1.0,1.0,1.0,1.0,1.0
grid_20_balanced.csv,10,6,greedy,7,9,False,1.0,1.0,1.0,0.9979854879145239,0.6141701720790895,0.6131646995782355,0.9446218550469231,0.9908765864482126,0.9993237080607024
grid_20_balanced.csv,10,6,cautious,9,9,True,1.0,1.0,1.0,1.0,1.0,1.0,0.9643057865433228,0.9807338016760503,0.9996350469773745
grid_20_balanced.csv,11,6,greedy,7,9,False,1.0,1.0,1.0,0.770644943260477,0.8609476752072365,0.6629753936961315,0.9988822238969122,0.9994901968589994,0.9177017582478446
grid_20_balanced.csv,11,6,cautious,7,9,False,1.0,1.0,1.0,0.7897864675564051,0.8966915336581243,0.7064911790271202,0.9963836105949955,0.9839610044717279,0.9902225189640506
grid_20_balanced.csv,12,7,greedy,9,9,True,1.0,1.0,1.0,1.0,0.8288890667702287,0.8288890667702287,0.9972659559565956,1.0,1.0
grid_20_balanced.csv,12,7,cautious,9,9,True,1.0,1.0,1.0,1.0,1.0,1.0,1.0,1.0,1.0
grid_20_balanced.csv,13,7,greedy,7,9,False,1.0,1.0,1.0,0.7930222555536598,1.0,0.7930222557187305,0.9805500830914337,1.0,0.824186269208144
grid_20_balanced.csv,13,7,cautious,9,9,True,1.0,1.0,1.0,0.8239225509881304,1.0,0.8239225511970836,0.9763697581059372,1.0,0.8917124916902723
grid_20_balanced.csv,14,7,greedy,2,9,False,0.0,0.17647058721767578,0.0,0.0,0.0,0.0,0.6451423498343334,1.0,1.0
grid_20_balanced.csv,14,7,cautious,2,9,False,0.0,0.17647058721767578,0.0,0.0,0.0,0.0,0.6451423498343334,1.0,1.0
grid_20_balanced.csv,15,7,greedy,3,9,False,0.0,0.0,0.0,0.0,0.0,0.0,1.0,1.0,1.0
grid_20_balanced.csv,15,7,cautious,3,9,False,0.0,0.0,0.0,0.0,0.0,0.0,1.0,1.0,1.0
grid_20_balanced.csv,16,8,greedy,7,9,False,1.0,1.0,1.0,0.7925894202790319,1.0,0.7925894204474544,0.9899515233238861,1.0,1.0
grid_20_balanced.csv,16,8,cautious,9,9,True,1.0,1.0,1.0,0.9986066981399071,1.0,0.9986136194648075,1.0,1.0,1.0
grid_20_balanced.csv,17,8,greedy,7,9,False,1.0,1.0,1.0,0.5000250516564431,0.8772816425603978,0.4144510588281143,0.9999435721120081,1.0,0.99999954646979
grid_20_balanced.csv,17,8,cautious,7,9,False,1.0,1.0,1.0,0.7935222669955113,0.8235294117052248,0.6577181207565079,0.9999983080440197,1.0,0.9999999847724952
grid_20_balanced.csv,18,8,greedy,6,9,False,1.0,1.0,1.0,0.7353265559003397,0.47947466495878477,0.370632057244357,0.9595202534936225,0.9965545695253251,0.999997582637276
grid_20_balanced.csv,18,8,cautious,7,9,False,1.0,1.0,1.0,0.9703996730598188,0.4651954536418281,0.4357101003771394,0.973259324146287,0.9961699637814005,0.9999975512915589
grid_20_balanced.csv,19,8,greedy,6,9,False,1.0,1.0,1.0,0.0,0.001774283484410888,0.0,1.0,1.0,1.0
grid_20_balanced.csv,19,8,cautious,6,9,False,1.0,1.0,1.0,0.0,0.0059002870904184546,0.0,1.0,1.0,1.0
