sample_id,instance,jointly_feasible,optimum_goal1,threshold_goal1,achievable_goal1,optimum_goal2,threshold_goal2,achievable_goal2,optimum_goal3,threshold_goal3,achievable_goal3,optimum_seq_1_before_2,threshold_seq_1_before_2,achievable_seq_1_before_2,optimum_seq_2_before_3,threshold_seq_2_before_3,achievable_seq_2_before_3,optimum_complete_sequence,threshold_complete_sequence,achievable_complete_sequence,optimum_avoid_moving_seg1,threshold_avoid_moving_seg1,achievable_avoid_moving_seg1,optimum_avoid_moving_seg2,threshold_avoid_moving_seg2,achievable_avoid_moving_seg2,optimum_avoid_moving_seg3,threshold_avoid_moving_seg3,achievable_avoid_moving_seg3,individually_feasible
0,0,True,1.0,0.8,True,1.0,0.8,True,1.0,0.8,True,1.0,0.8,True,1.0,0.8,True,1.0,0.8,True,1.0,0.7,True,1.0,0.7,True,1.0,0.7,True,True
1,1,True,1.0,0.8,True,1.0,0.8,True,1.0,0.8,True,1.0,0.8,True,1.0,0.8,True,1.0,0.8,True,1.0,0.7,True,1.0,0.7,True,1.0,0.7,True,True
2,2,True,1.0,0.8,True,1.0,0.8,True,1.0,0.8,True,1.0,0.8,True,1.0,0.8,True,1.0,0.8,True,1.0,0.7,True,1.0,0.7,True,1.0,0.7,True,True
3,3,True,1.0,0.8,True,1.0,0.8,True,1.0,0.8,True,1.0,0.8,True,1.0,0.8,True,1.0,0.8,True,1.0,0.7,True,1.0,0.7,True,1.0,0.7,True,True
4,4,True,1.0,0.8,True,1.0,0.8,True,1.0,0.8,True,1.0,0.8,True,1.0,0.8,True,1.0,0.8,True,1.0,0.7,True,1.0,0.7,True,1.0,0.7,True,True
5,5,True,1.0,0.8,True,1.0,0.8,True,1.0,0.8,True,1.0,0.8,True,1.0,0.8,True,1.0,0.8,True,1.0,0.7,True,1.0,0.7,True,1.0,0.7,True,True
6,6,True,1.0,0.8,True,1.0,0.8,True,1.0,0.8,True,1.0,0.8,True,1.0,0.8,True,1.0,0.8,True,1.0,0.7,True,1.0,0.7,True,1.0,0.7,True,True
7,7,True,1.0,0.8,True,1.0,0.8,True,1.0,0.8,True,1.0,0.8,True,1.0,0.8,True,1.0,0.8,True,1.0,0.7,True,1.0,0.7,True,1.0,0.7,True,True
8,8,True,1.0,0.8,True,1.0,0.8,True,1.0,0.8,True,1.0,0.8,True,1.0,0.8,True,1.0,0.8,True,1.0,0.7,True,1.0,0.7,True,1.0,0.7,True,True
9,9,True,1.0,0.8,True,1.0,0.8,True,1.0,0.8,True,1.0,0.8,True,1.0,0.8,True,1.0,0.8,True,1.0,0.7,True,1.0,0.7,True,1.0,0.7,True,True
10,10,True,1.0,0.8,True,1.0,0.8,True,1.0,0.8,True,1.0,0.8,True,1.0,0.8,True,1.0,0.8,True,1.0,0.7,True,1.0,0.7,True,1.0,0.7,True,True
11,11,True,1.0,0.8,True,1.0,0.8,True,1.0,0.8,True,1.0,0.8,True,1.0,0.8,True,1.0,0.8,True,1.0,0.7,True,1.0,0.7,True,1.0,0.7,True,True
12,12,True,1.0,0.8,True,1.0,0.8,True,1.0,0.8,True,1.0,0.8,True,1.0,0.8,True,1.0,0.8,True,1.0,0.7,True,1.0,0.7,True,1.0,0.7,True,True
13,13,True,1.0,0.8,True,1.0,0.8,True,1.0,0.8,True,1.0,0.8,True,1.0,0.8,True,1.0,0.8,True,1.0,0.7,True,1.0,0.7,True,1.0,0.7,True,True
14,14,True,1.0,0.8,True,1.0,0.8,True,1.0,0.8,True,1.0,0.8,True,1.0,0.8,True,1.0,0.8,True,1.0,0.7,True,1.0,0.7,True,1.0,0.7,True,True
15,15,True,1.0,0.8,True,1.0,0.8,True,1.0,0.8,True,1.0,0.8,True,1.0,0.8,True,1.0,0.8,True,1.0,0.7,True,1.0,0.7,True,1.0,0.7,True,True
16,16,True,1.0,0.8,True,1.0,0.8,True,1.0,0.8,True,1.0,0.8,True,1.0,0.8,True,1.0,0.8,True,1.0,0.7,True,1.0,0.7,True,1.0,0.7,True,True
17,17,True,1.0,0.8,True,1.0,0.8,True,1.0,0.8,True,1.0,0.8,True,1.0,0.8,True,1.0,0.8,True,1.0,0.7,True,1.0,0.7,True,1.0,0.7,True,True
18,18,True,1.0,0.8,True,1.0,0.8,True,1.0,0.8,True,1.0,0.8,True,1.0,0.8,True,1.0,0.8,True,1.0,0.7,True,1.0,0.7,True,1.0,0.7,True,True
19,19,True,1.0,0.8,True,1.0,0.8,True,1.0,0.8,True,1.0,0.8,True,1.0,0.8,True,1.0,0.8,True,1.0,0.7,True,1.0,0.7,True,1.0,0.7,True,True
