sample_id,approach,size,complete,attempts,time_s,output_tokens,p_goal1,p_goal2,p_goal3,p_seq_1_before_2,p_seq_2_before_3,p_complete_sequence,p_avoid_moving_seg1,p_avoid_moving_seg2,p_avoid_moving_seg3,p_best_goal1,p_best_goal2,p_best_goal3,p_best_seq_1_before_2,p_best_seq_2_before_3,p_best_complete_sequence,p_best_avoid_moving_seg1,p_best_avoid_moving_seg2,p_best_avoid_moving_seg3,met,shortfall,met_best,uncovered_pct,solved,solvable,condition,seed
0,symbolic,,True,5,268.204793214798,9027,0.8243576241523888,1.0,0.8546712802768165,0.8243576241523888,0.0888110698817508,0.0888110698817508,0.9989178312742255,0.9238756840902845,1.0,0.8243576241523888,1.0,0.8546712802768165,0.8243576241523888,0.08881081156661334,0.08881081156661334,0.9989178312742255,0.9238756840902845,1.0,7,1.4223778602364985,7,0.0,False,True,B2,seed_1
1,symbolic,,True,5,241.38366603851318,7093,1.0,1.0,0.9961103784490031,0.9371879802406448,0.01136132153908731,0.01013007624449791,0.9463390375497402,0.6818052223029256,0.6135399064640015,1.0,1.0,0.9961103784490031,0.9371879802406448,0.011361321539087026,0.010130076221475154,0.9463390375497402,0.6818052223029256,0.6135399064640015,5,1.6831634734494876,5,0.0,False,True,B2,seed_1
2,symbolic,,True,5,196.63308882713318,4438,0.045381855687299355,0.8979224998644267,0.9707326921003466,0.030157064876323105,0.0004249340505660948,0.00039813109700770344,0.44326584258982815,0.9549618235229851,0.9990407364096432,0.045381855687299355,0.8979224998644267,0.9707326921003466,0.030157064876323105,0.0004222722152058423,0.0003956506079561518,0.44326584258982815,0.9549618235229851,0.9990407364096432,4,3.3803721716989754,4,0.0,False,True,B2,seed_1
3,symbolic,,True,5,251.27262091636658,9614,1.0,1.0,1.0,0.7161125319631736,0.7438587550469631,0.5737243302500136,0.48436510558072743,0.1135757769181932,0.39666441873627845,1.0,1.0,1.0,0.7161125319631736,0.7437158974811282,0.5736143348723244,0.48436510558072743,0.1135757769181932,0.39666441873627845,3,1.4716990815046507,3,0.0,False,True,B2,seed_1
4,symbolic,,True,5,263.3727807998657,8303,1.0,1.0,1.0,0.9933835751965129,0.2284706702777708,0.22323912936508306,0.035000628040494086,0.8485491266062787,0.29058193659581333,1.0,1.0,1.0,0.9933835751965129,0.22792087479439474,0.22269872693730863,0.035000628040494086,0.8485491266062787,0.29058193659581333,5,2.2227076357208384,5,0.0,False,True,B2,seed_1
5,symbolic,,True,5,242.8362100124359,7365,1.0,0.9851153715748374,0.97847992188952,0.6768266474580048,0.9610032138024736,0.6551093699205786,0.904562690702233,0.9790145082735893,0.9650206948511746,1.0,0.9851153715748374,0.97847992188952,0.6768266474580048,0.961001920946964,0.6551090639301481,0.904562690702233,0.9790145082735893,0.9650206948511746,7,0.26806398262141673,7,0.0,False,True,B2,seed_1
6,symbolic,,True,5,238.8252718448639,6768,1.0,1.0,1.0,0.9584426400393309,0.0,0.0,0.238550807556827,0.9254553182530839,1.0,1.0,1.0,1.0,0.9584426400393309,0.0,0.0,0.238550807556827,0.9254553182530839,1.0,6,2.061449192443173,6,0.0,False,True,B2,seed_1
7,symbolic,,True,5,256.4199221134186,8041,0.0006410205680550168,0.7374956246518856,0.7570453429221997,0.0006410205680550168,5.637928574331319e-06,5.637928574331319e-06,0.000641121000964362,0.9993639746089815,0.9999663418299132,0.0006410205680550168,1.0,0.9999944981090094,0.0006410205680550168,6.114946165068111e-06,6.114946165068111e-06,0.21786648164285505,0.9993656371982085,0.9999788715014548,2,4.003524594431692,4,7.2727272727272725,False,True,B2,seed_1
8,symbolic,,True,5,185.0785675048828,5132,0.7669127168830284,1.0,1.0,0.7669127168830284,0.18738138419498396,0.18738138419498385,0.9795447579218418,0.9523401743908103,0.9962103108958305,0.7669127168830284,1.0,1.0,0.7669127168830284,0.18738039825277705,0.18738039825277705,0.9795447579218418,0.9523401743908103,0.9962103108958305,5,1.2914117978439754,5,0.0,False,True,B2,seed_1
9,symbolic,,True,5,165.87714099884033,5936,1.0,1.0,1.0,0.8821292172854693,0.7050387563908145,0.6983064577958,0.9891807760425225,1.0,1.0,1.0,1.0,1.0,0.8821292172854693,0.7050357965996421,0.698301418461363,0.9891807760425225,1.0,1.0,7,0.19665478581338558,7,0.0,False,True,B2,seed_1
10,symbolic,,True,5,142.84105467796326,3078,1.0,1.0,1.0,0.33871641042419803,0.0031721236745412273,0.0027208600352569556,0.9962860024398299,0.9986262986944664,1.0,1.0,1.0,1.0,0.33871641042419803,0.0031720072423104574,0.002720743742855929,0.9962860024398299,0.9986262986944664,1.0,6,2.055390605866004,6,0.0,False,True,B2,seed_1
11,symbolic,,True,5,217.67007732391357,9356,1.0,0.2825117316007131,0.9641392431696515,0.7174882631539128,0.0,0.0,0.005511743535174141,1.0,1.0,1.0,0.2825117316007131,0.9641392431696515,0.7174882631539128,0.0,0.0,0.005511743535174141,1.0,1.0,4,2.8944882617102,4,0.0,False,True,B2,seed_1
12,symbolic,,True,5,262.2310926914215,7241,0.25405078109030843,1.0,1.0,0.25405078109030843,0.1689667238011524,0.1689667238011524,0.8981274918597658,1.0,1.0,0.25405078109030843,1.0,1.0,0.25405078109030843,0.1689644248647575,0.1689644248647575,0.8981274918597658,1.0,1.0,5,2.3539649902170785,5,0.0,False,True,B2,seed_1
13,symbolic,,True,5,181.37751412391663,3692,0.023128676916383522,0.9768329518240331,0.9966444767965801,0.023128676916383522,0.0,0.0,0.02316704817596693,1.0,1.0,0.023128676916383522,0.9768329518240331,0.9966444767965801,0.023128676916383522,0.0,0.0,0.02316704817596693,1.0,1.0,4,3.830575597991266,4,0.0,False,True,B2,seed_1
14,symbolic,,True,5,220.76072120666504,8364,0.042981861628333715,0.9984616878769257,1.0,6.728083598394452e-05,0.0,0.0,0.0014525515624312924,1.0,1.0,0.042981861628333715,0.9984616878769257,1.0,6.728083598394452e-05,0.0,0.0,0.0014525515624312924,1.0,1.0,4,3.855498305973251,4,0.0,False,True,B2,seed_1
15,symbolic,,True,5,240.8389813899994,7151,0.0,1.0,1.0,0.0,0.0,0.0,0.0,1.0,1.0,0.0,1.0,1.0,0.0,0.0,0.0,0.0,1.0,1.0,4,3.9000000000000004,4,0.0,False,True,B2,seed_1
16,symbolic,,True,5,231.49592876434326,8037,0.6476092687594031,0.17383035952262937,0.4434510694379732,0.6177076541354622,0.0,0.0,0.9963310733551718,1.0,1.0,0.6476092687594031,0.17383035952262937,0.4434510694379732,0.6177076541354622,0.0,0.0,0.9963310733551718,1.0,1.0,3,2.9174016481445326,3,0.0,False,True,B2,seed_1
17,symbolic,,True,5,418.81140875816345,14949,0.0890545785395116,0.12673104944921199,0.03146570683692875,0.0007194843907776858,0.05264562571124731,0.00042900775276444314,0.08905845903701548,0.9950522468552748,0.9473588952600043,0.0890545785395116,0.12673104944921199,0.03146570683692875,0.0007194843907776858,0.05264110215876451,0.0004252947112688654,0.08905845903701548,0.9950522468552748,0.9473588952600043,2,5.109896088282543,2,0.0,False,False,B2,seed_1
18,symbolic,,True,5,381.38790559768677,6210,0.9689569383081911,0.9689569383081903,0.5511005095126476,0.6008492812980667,0.849107685023662,0.5575514230636879,0.7286600880622603,0.9440161140457871,0.9237392822873612,0.9689569383081911,0.9689569383081903,0.5511005095126476,0.6008492812980667,0.8104314026640493,0.5254367036161631,0.7286600880622603,0.9440161140457871,0.9237392822873612,6,0.690498786125598,6,0.0,False,True,B2,seed_1
19,symbolic,,True,5,191.78312993049622,9829,1.0,1.0,0.27199197144957404,0.21149324120936866,0.728008028550426,0.09686481656148938,0.9990292891806493,1.0,1.0,1.0,1.0,0.27199197144957404,0.21149324120936866,0.7280071503227642,0.0968644627127665,0.9990292891806493,1.0,1.0,5,1.8916419422291422,5,0.0,False,True,B2,seed_1
0,symbolic,,True,5,213.3416450023651,6714,1.0,1.0,0.9972411891448489,0.9958249574764186,0.14553822027129049,0.1455216986570127,0.8736272460112157,0.980725771888141,0.9811651598179741,1.0,1.0,0.9972411891448489,0.9958249574764186,0.14553822027129026,0.14552169865701245,0.8736272460112157,0.980725771888141,0.9811651598179741,7,1.308940081071697,7,0.0,False,True,B2,seed_2
1,symbolic,,True,5,237.05017185211182,7864,1.0,1.0,0.34238324698709954,0.856958676671101,0.6576167534483863,0.5647943138129314,0.8704643884051063,0.5542152142095548,0.0,1.0,1.0,1.0,0.856958676671101,0.6575950919536575,0.5647935990196132,0.8704643884051063,0.5542152142095548,1.0,4,1.680990471542028,6,12.280701754385966,False,True,B2,seed_2
2,symbolic,,True,5,180.78070712089539,3713,0.7537844031908288,0.8830164981998092,0.7105616695270165,0.706545940329516,0.3238919747493545,0.3061743732744091,0.9074356739718005,0.5665289416223654,0.740445708232755,0.7537844031908288,0.8830164981998092,0.7105616695270165,0.706545940329516,0.3238893531814215,0.306171955667789,0.9074356739718005,0.5665289416223654,0.740445708232755,3,1.3325126973065098,3,0.0,False,True,B2,seed_2
3,symbolic,,True,5,172.9679820537567,7094,0.005305613142200255,0.2994775966690537,0.9998552971595432,0.003972953536563629,0.00014471875489041608,0.00010809483656148977,0.9982557567449605,1.0,0.9972959269357233,0.005305613142200255,0.2994775966690537,0.9998552971595432,0.003972953536563629,0.0001442613488431219,0.00010802594074061918,0.9982557567449605,1.0,0.9972959269357233,4,3.690991023060731,4,0.0,False,True,B2,seed_2
4,symbolic,,True,5,202.56007385253906,6068,1.0,1.0,0.019290984550339407,0.7398968174288484,0.9843771953239426,0.7398968177119459,0.8178226131715751,1.0,0.004178001824576061,1.0,1.0,0.019290984550339407,0.7398968174288484,0.9839655755749693,0.7398968177119455,0.8178226131715751,1.0,0.004178001824576061,5,1.5967373784842902,5,0.0,False,True,B2,seed_2
5,symbolic,,True,5,205.56653237342834,6620,0.6869720527495181,0.9483458142676497,0.061138554040562204,0.67341204006124,0.6474718580890152,0.6347249579413221,0.9248082561175781,0.9804740373798162,0.9879725319147199,0.6869720527495181,0.9483458142676497,0.061138554040562204,0.67341204006124,0.647471706881146,0.6347248108430237,0.9248082561175781,0.9804740373798162,0.9879725319147199,4,1.2962805371183426,4,0.0,False,True,B2,seed_2
6,symbolic,,True,5,211.88168001174927,5867,0.012927384246936999,0.0006410205190243823,0.0041750423746938145,0.012666100958296789,0.0,0.0,0.016603990401157787,1.0,1.0,0.012927384246936999,0.0006410205190243823,0.0041750423746938145,0.012666100958296789,0.0,0.0,0.016603990401157787,1.0,1.0,2,5.45298646149989,2,0.0,False,True,B2,seed_2
7,symbolic,,True,5,209.60768485069275,6844,0.0,1.0,1.0,0.0,0.0,0.0,0.0,1.0,1.0,0.0,1.0,1.0,0.0,0.0,0.0,0.0,1.0,1.0,4,3.9000000000000004,4,0.0,False,True,B2,seed_2
8,symbolic,,True,5,122.24282693862915,4940,0.7614698661019885,0.8940153824972352,0.8832141079588349,0.7614698661019885,0.6730381714842777,0.6730381714842777,0.9408756968251494,0.701042830947615,0.9724717212038039,0.7614698661019885,0.8940153824972352,0.8832141079588349,0.7614698661019885,0.6730370420852892,0.6730370420852892,0.9408756968251494,0.701042830947615,0.9724717212038039,5,0.33098392482746775,5,0.0,False,True,B2,seed_2
9,symbolic,,True,5,113.43163108825684,2112,0.8841982937807447,0.7321646152587036,1.0,0.8821292172854693,0.6459152373669179,0.6444039045938362,0.9891807760425225,0.9904217216601078,0.9990175953936878,0.8841982937807447,0.7321646152587036,1.0,0.8821292172854693,0.6459108210289182,0.6443993444209728,0.9891807760425225,0.9904217216601078,0.9990175953936878,6,0.3775162427805424,6,0.0,False,True,B2,seed_2
10,symbolic,,True,5,201.95024609565735,5167,1.0,0.8835300937177062,1.0,0.1164672611177254,0.0,0.0,0.9951815358161248,1.0,1.0,1.0,0.8835300937177062,1.0,0.1164672611177254,0.0,0.0,0.9951815358161248,1.0,1.0,6,2.2835327388822746,6,0.0,False,True,B2,seed_2
11,symbolic,,True,5,229.89311814308167,9128,0.5918511634587738,0.7566027550772478,0.7177407183036655,0.4804342816455795,0.15799976902105206,0.1283771963983784,0.5917956392598805,0.7268453338631395,0.9981259932776985,0.5918511634587738,0.7566027550772478,0.7177407183036655,0.4804342816455795,0.15799976747986338,0.12837719504463005,0.5917956392598805,0.7268453338631395,0.9981259932776985,2,2.0751984768354226,2,0.0,False,True,B2,seed_2
12,symbolic,,True,5,239.59963631629944,9582,0.160685930615256,0.18452405674680325,0.9905367455035724,0.160685930615256,0.08021825465234078,0.08021825465234078,0.9680633745561081,1.0,1.0,0.160685930615256,0.18452405674680325,0.9905367455035724,0.160685930615256,0.08021824840324969,0.08021824840324969,0.9680633745561081,1.0,1.0,4,3.3336675727180034,4,0.0,False,True,B2,seed_2
13,symbolic,,True,5,218.9820158481598,3813,1.0,1.0,1.0,0.6614094700606435,0.03733456153981729,0.02531399099285714,0.9691301742753965,0.03686972565537794,0.5369389803511277,1.0,1.0,1.0,0.6614094700606435,0.0373313418311868,0.025311143357347465,0.9691301742753965,0.03686972565537794,0.5369389803511277,4,2.5021332714001763,4,0.0,False,True,B2,seed_2
14,symbolic,,True,5,165.81082105636597,6649,0.04374061446314967,0.1985596077834225,0.956251363355781,0.03505543750305414,0.0,0.0,0.7552767525297804,1.0,1.0,0.04374061446314967,0.1985596077834225,0.956251363355781,0.03505543750305414,0.0,0.0,0.7552767525297804,1.0,1.0,4,3.7226443402503735,4,0.0,False,True,B2,seed_2
15,symbolic,,True,5,256.40109300613403,4951,0.0,0.0,0.0,0.0,0.0,0.0,0.0,1.0,1.0,1.0,1.0,1.0,1.0,1.0,1.0,1.0,1.0,1.0,2,5.5,9,100.0,False,True,B2,seed_2
16,symbolic,,True,5,243.05820560455322,8853,0.9890200414216733,0.18278199558122957,0.43793681006403107,0.8062379387869633,0.0,0.0,0.9902843098529885,1.0,1.0,0.9890200414216733,0.18278199558122957,0.43793681006403107,0.8062379387869633,0.0,0.0,0.9902843098529885,1.0,1.0,5,2.5792811943547393,5,0.0,False,True,B2,seed_2
17,symbolic,,True,5,267.5886673927307,9581,0.8998744699000591,0.9279849767249638,0.6296248929331519,0.5249704434624874,0.7988795296080231,0.44622491258788843,0.899803275985321,1.0,1.0,1.0,1.0,0.6971056802977628,0.545017976902377,0.8938004456400124,0.46326526692076175,1.0,1.0,1.0,5,0.8003002214084493,6,11.864406779661017,False,False,B2,seed_2
18,symbolic,,True,5,247.35390639305115,8343,0.9686979080512251,0.0439365923310821,0.11915985560920787,0.9527139276742334,0.02508917256804044,0.02478635255325279,0.5573622270670625,0.99043956769934,0.9999840310539784,0.9686979080512251,0.0439365923310821,0.11915985560920787,0.9527139276742334,0.025005983270650817,0.0247038840437209,0.5573622270670625,0.99043956769934,0.9999840310539784,4,3.129665799871354,4,0.0,False,True,B2,seed_2
19,symbolic,,True,5,206.58846068382263,7234,1.0,0.7737411559025891,0.08938998825839967,0.2262588440777299,0.0,0.0,0.9999066342874153,0.9998645734805046,1.0,1.0,0.7737411559025891,0.08938998825839967,0.2262588440777299,0.0,0.0,0.9999066342874153,0.9998645734805046,1.0,4,2.910610011761281,4,0.0,False,True,B2,seed_2
0,symbolic,,True,5,260.9145746231079,7847,0.9689743969292066,1.0,0.9515776208403119,0.9689743969292066,0.021232209647715772,0.021232209647715772,0.9940596138119223,0.908189962657588,1.0,0.9689743969292066,1.0,0.9515776208403119,0.9689743969292066,0.021231863265990858,0.021231863265990858,0.9940596138119223,0.908189962657588,1.0,7,1.5575355807045685,7,0.0,False,True,R1,seed_1
1,symbolic,,True,5,237.34570622444153,8327,0.7172600380625729,1.0,0.8287654218277806,0.7172600380625729,0.025905858449036145,0.025905858449036145,0.7172602032659741,0.579646064233605,0.2827399619374271,0.7172600380625729,1.0,0.8287654218277806,0.7172600380625729,0.025905858449014406,0.025905858449014406,0.7172602032659741,0.579646064233605,0.2827399619374271,3,2.2512821808057497,3,0.0,False,True,R1,seed_1
2,symbolic,,True,5,194.94894671440125,4560,0.045381855687299355,0.8979224998644267,0.9707326921003466,0.030157064876323105,0.0004249340505660948,0.00039813109700770344,0.44326584258982815,0.9549618235229851,0.9990407364096432,0.045381855687299355,0.8979224998644267,0.9707326921003466,0.030157064876323105,0.0004222722152058423,0.0003956506079561518,0.44326584258982815,0.9549618235229851,0.9990407364096432,4,3.3803721716989754,4,0.0,False,True,R1,seed_1
3,symbolic,,True,5,265.63118267059326,10495,1.0,1.0,1.0,0.7161125319631736,0.7438587550469631,0.5737243302500136,0.48436510558072743,0.1135757769181932,0.39666441873627845,1.0,1.0,1.0,0.7161125319631736,0.7437158974811282,0.5736143348723244,0.48436510558072743,0.1135757769181932,0.39666441873627845,3,1.4716990815046507,3,0.0,False,True,R1,seed_1
4,symbolic,,True,5,281.6962571144104,8781,1.0,1.0,1.0,0.9933835751965129,0.2284706702777708,0.22323912936508306,0.035000628040494086,0.8485491266062787,0.29058193659581333,1.0,1.0,1.0,0.9933835751965129,0.22792087479439474,0.22269872693730863,0.035000628040494086,0.8485491266062787,0.29058193659581333,5,2.2227076357208384,5,0.0,False,True,R1,seed_1
5,symbolic,,True,5,252.17432522773743,8567,1.0,0.9851153715748374,0.97847992188952,0.6768266474580048,0.9610032138024736,0.6551093699205786,0.904562690702233,0.9790145082735893,0.9650206948511746,1.0,0.9851153715748374,0.97847992188952,0.6768266474580048,0.961001920946964,0.6551090639301481,0.904562690702233,0.9790145082735893,0.9650206948511746,7,0.26806398262141673,7,0.0,False,True,R1,seed_1
6,symbolic,,True,5,256.23155879974365,7405,1.0,1.0,0.9903930538671033,0.008767242620792254,0.003282222199864626,0.003033194007717399,0.1301501307006434,0.9978402029972795,0.0,1.0,1.0,1.0,0.01796693092384407,0.009600734252717857,0.008872272530069255,0.878748607247198,0.9978427104817501,1.0,4,3.6547672104709825,6,28.37837837837838,False,True,R1,seed_1
7,symbolic,,True,5,263.4147024154663,7921,0.0006410205680550168,0.6592808057267271,0.679558414180987,0.0006410205680550168,4.8807939229122965e-06,4.8807939229122965e-06,0.000641121000964362,0.9993620750521585,0.9999106105237466,0.0006410205680550168,1.0,0.9999952831532981,0.0006410205680550168,0.00012809837463948224,0.00012809837463948224,0.24392029612114596,0.9994097897192512,0.9999975988896821,2,4.159227856367366,4,14.545454545454545,False,True,R1,seed_1
8,symbolic,,True,5,172.72714853286743,5132,0.7669127168830284,1.0,1.0,0.7669127168830284,0.18738138419498396,0.18738138419498385,0.9795447579218418,0.9523401743908103,0.9962103108958305,0.7669127168830284,1.0,1.0,0.7669127168830284,0.18738039825277705,0.18738039825277705,0.9795447579218418,0.9523401743908103,0.9962103108958305,5,1.2914117978439754,5,0.0,False,True,R1,seed_1
9,symbolic,,True,5,156.7816743850708,5936,1.0,1.0,1.0,0.8821292172854693,0.7050387563908145,0.6983064577958,0.9891807760425225,1.0,1.0,1.0,1.0,1.0,0.8821292172854693,0.7050357965996421,0.698301418461363,0.9891807760425225,1.0,1.0,7,0.19665478581338558,7,0.0,False,True,R1,seed_1
10,symbolic,,True,5,136.3407542705536,3078,1.0,1.0,1.0,0.33871641042419803,0.0031721236745412273,0.0027208600352569556,0.9962860024398299,0.9986262986944664,1.0,1.0,1.0,1.0,0.33871641042419803,0.0031720072423104574,0.002720743742855929,0.9962860024398299,0.9986262986944664,1.0,6,2.055390605866004,6,0.0,False,True,R1,seed_1
11,symbolic,,True,5,157.79039192199707,5802,1.0,0.2825117316007131,0.9641392431696515,0.7174882631539128,0.0,0.0,0.005511743535174141,1.0,1.0,1.0,0.2825117316007131,0.9641392431696515,0.7174882631539128,0.0,0.0,0.005511743535174141,1.0,1.0,4,2.8944882617102,4,0.0,False,True,R1,seed_1
12,symbolic,,True,5,206.83033323287964,8275,0.6826697974411395,0.29852387684092574,0.34426315474616404,0.6826697974411395,0.047683732321543104,0.047683732321543104,0.8981274918597658,0.9042207188612162,1.0,0.6826697974411395,0.29852387684092574,0.34426315474616404,0.6826697974411395,0.04768218404226949,0.04768218404226949,0.8981274918597658,0.9042207188612162,1.0,3,2.696505908887545,3,0.0,False,True,R1,seed_1
13,symbolic,,True,5,201.22649312019348,4218,0.009143343126642944,0.9908531540697365,0.9986738735695252,0.009143343126642944,0.0,0.0,0.009146845930263492,1.0,1.0,0.009143343126642944,0.9908531540697365,0.9986738735695252,0.009143343126642944,0.0,0.0,0.009146845930263492,1.0,1.0,4,3.8725664678164504,4,0.0,False,True,R1,seed_1
14,symbolic,,True,5,260.9995629787445,9789,0.042981861628333715,0.9984616878769257,1.0,6.728083598394452e-05,0.0,0.0,0.0014525515624312924,1.0,1.0,0.042981861628333715,0.9984616878769257,1.0,6.728083598394452e-05,0.0,0.0,0.0014525515624312924,1.0,1.0,4,3.855498305973251,4,0.0,False,True,R1,seed_1
15,symbolic,,True,5,239.2754044532776,6854,0.0,1.0,1.0,0.0,0.0,0.0,0.0,1.0,1.0,0.0,1.0,1.0,0.0,0.0,0.0,0.0,1.0,1.0,4,3.9000000000000004,4,0.0,False,True,R1,seed_1
16,symbolic,,True,5,174.89488911628723,5180,0.9901004238959,0.1746483052213056,0.4428224466631263,0.8154519724397045,0.0,0.0,0.9938249151969085,1.0,1.0,0.9901004238959,0.1746483052213056,0.4428224466631263,0.8154519724397045,0.0,0.0,0.9938249151969085,1.0,1.0,5,2.582529248115568,5,0.0,False,True,R1,seed_1
17,symbolic,,True,5,336.0867760181427,12117,0.0890545785395116,0.12673104944921199,0.03146570683692875,0.0007194843907776858,0.05264562571124731,0.00042900775276444314,0.08905845903701548,0.9950522468552748,0.9473588952600043,0.0890545785395116,0.12673104944921199,0.03146570683692875,0.0007194843907776858,0.05264110215876451,0.0004252947112688654,0.08905845903701548,0.9950522468552748,0.9473588952600043,2,5.109896088282543,2,0.0,False,False,R1,seed_1
18,symbolic,,True,5,289.4544394016266,8566,0.012235755420046238,0.030631438586555454,0.03406294521827791,0.004191503011904283,0.00011799749156671258,8.111300289326273e-05,0.9673287400701976,0.9980239099446411,0.9994557927462269,0.012235755420046238,0.030631438586555454,0.03406294521827791,0.004191503011904283,0.00011799741725558779,8.024233341216475e-05,0.9673287400701976,0.9980239099446411,0.9994557927462269,3,4.718679247268756,3,0.0,False,True,R1,seed_1
19,symbolic,,True,5,153.8408453464508,5462,1.0,0.37404774866156576,0.19848329944736676,0.6259522499787015,0.0,0.0,0.9997701006811559,1.0,1.0,1.0,0.37404774866156576,0.19848329944736676,0.6259522499787015,0.0,0.0,0.9997701006811559,1.0,1.0,4,2.801516701912366,4,0.0,False,True,R1,seed_1
0,symbolic,,True,5,241.64322137832642,8880,0.8288590604026356,0.780051968594526,0.717348071481435,0.8288590604026356,0.02122858133825578,0.02122858133825578,1.0,0.815278588149416,1.0,0.8288590604026356,0.780051968594526,0.717348071481435,0.8288590604026356,0.021228083429016293,0.021228083429016293,1.0,0.815278588149416,1.0,5,1.6601427972475276,5,0.0,False,True,R1,seed_2
1,symbolic,,True,5,269.0341475009918,7864,1.0,1.0,0.34238324698709954,0.856958676671101,0.6576167534483863,0.5647943138129314,0.8704643884051063,0.5542152142095548,0.0,1.0,1.0,1.0,0.856958676671101,0.6575950919536575,0.5647935990196132,0.8704643884051063,0.5542152142095548,1.0,4,1.680990471542028,6,12.280701754385966,False,True,R1,seed_2
2,symbolic,,True,5,194.12022972106934,4387,0.7537844031908288,0.8830164981998092,0.7105616695270165,0.706545940329516,0.3238919747493545,0.3061743732744091,0.9074356739718005,0.5665289416223654,0.740445708232755,0.7537844031908288,0.8830164981998092,0.7105616695270165,0.706545940329516,0.3238893531814215,0.306171955667789,0.9074356739718005,0.5665289416223654,0.740445708232755,3,1.3325126973065098,3,0.0,False,True,R1,seed_2
3,symbolic,,True,5,200.7229187488556,8162,1.0,0.7419306887239527,0.1409395726440374,0.2580691595753737,0.0,0.0,0.9709507963393111,0.0,1.0,1.0,0.7419306887239527,0.1409395726440374,0.2580691595753737,0.0,0.0,0.9709507963393111,0.0,1.0,3,3.559060579056636,3,0.0,False,True,R1,seed_2
4,symbolic,,True,5,200.0221803188324,3900,1.0,1.0,1.0,0.9933833791761335,0.2699838556416385,0.2638018185048533,0.03025075241332109,0.9028752341365456,0.983821312665686,1.0,1.0,1.0,0.9933833791761335,0.2693725859634496,0.2632011340842856,0.03025075241332109,0.9028752341365456,0.983821312665686,6,1.735963573440187,6,0.0,False,True,R1,seed_2
5,symbolic,,True,5,196.46111512184143,8726,0.004175034044922892,0.03175637485072623,0.00010773134883893073,0.004175034044922892,0.0034642619233735683,0.0034642619233735683,1.0,0.9999881949739439,1.0,0.004175034044922892,0.03175637485072623,0.00010773134883893073,0.004175034044922892,0.0034620968841735373,0.0034620968841735373,1.0,0.9999881949739439,1.0,3,4.752857301863842,3,0.0,False,True,R1,seed_2
6,symbolic,,True,5,168.51243114471436,2937,0.0,0.0,0.0,0.0,0.0,0.0,0.0,0.0,0.9306089648852229,1.0,1.0,1.0,1.0,1.0,1.0,1.0,1.0,1.0,1,6.2,9,48.23529411764706,False,True,R1,seed_2
7,symbolic,,True,5,159.9516785144806,7153,0.0,1.0,1.0,0.0,0.0,0.0,0.0,1.0,1.0,0.0,1.0,1.0,0.0,0.0,0.0,0.0,1.0,1.0,4,3.9000000000000004,4,0.0,False,True,R1,seed_2
8,symbolic,,True,5,215.88024950027466,8111,1.0,0.0,1.0,1.0,0.0,0.0,0.8900305600206038,0.0,1.0,1.0,0.0,1.0,1.0,0.0,0.0,0.8900305600206038,0.0,1.0,5,3.1000000000000005,5,0.0,False,True,R1,seed_2
9,symbolic,,True,5,104.32411909103394,2180,0.8841982937807447,0.7321646152587036,1.0,0.8821292172854693,0.6459152373669179,0.6444039045938362,0.9891807760425225,0.9904217216601078,0.9990175953936878,0.8841982937807447,0.7321646152587036,1.0,0.8821292172854693,0.6459108210289182,0.6443993444209728,0.9891807760425225,0.9904217216601078,0.9990175953936878,6,0.3775162427805424,6,0.0,False,True,R1,seed_2
10,symbolic,,True,5,152.39188814163208,4587,1.0,0.0006410205215905566,1.0,0.9993589473960628,0.0,0.0,0.19893701751630943,1.0,1.0,1.0,0.0006410205215905566,1.0,0.9993589473960628,0.0,0.0,0.19893701751630943,1.0,1.0,5,2.9004219619621003,5,0.0,False,True,R1,seed_2
11,symbolic,,True,5,156.73512244224548,3516,1.0,0.477006564095813,0.3240628333548397,0.71781351476728,0.21824732686804005,0.1584091719342975,0.9614460419802753,0.8861053942101212,1.0,1.0,0.477006564095813,0.3240628333548397,0.71781351476728,0.21823827992236008,0.1584045893435739,0.9614460419802753,0.8861053942101212,1.0,4,2.1044605889797303,4,0.0,False,True,R1,seed_2
12,symbolic,,True,5,205.3446340560913,8617,0.160685930615256,0.10430580834232878,0.8393140631412168,0.160685930615256,0.0,0.0,0.9680633745561081,0.8393140693847441,0.8393140693847441,0.160685930615256,0.26499173895980355,1.0,0.160685930615256,0.16068593061525593,0.160685930617481,0.9680633745561081,1.0,1.0,4,3.57432233042716,4,52.10084033613445,False,True,R1,seed_2
13,symbolic,,True,5,174.60986590385437,4083,1.0,1.0,1.0,0.6608927976521153,0.8019822194042941,0.5360420629202294,0.9492562380120128,0.5028735459575945,0.9779558644778037,1.0,1.0,1.0,0.6608927976521153,0.8019788542458405,0.5360399022360125,0.9492562380120128,0.5028735459575945,0.9779558644778037,6,0.6001915934700609,6,0.0,False,True,R1,seed_2
14,symbolic,,True,5,155.80087852478027,5559,0.04373367890466798,0.9817460431021661,0.9561000241380723,0.0007984176243859882,0.0,0.0,0.009602377937173001,1.0,1.0,0.04373367890466798,0.9817460431021661,0.9561000241380723,0.0007984176243859882,0.0,0.0,0.009602377937173001,1.0,1.0,4,3.845865525533773,4,0.0,False,True,R1,seed_2
15,symbolic,,True,5,195.34424710273743,4027,0.0,1.0,1.0,0.0,0.0,0.0,0.0,1.0,1.0,0.0,1.0,1.0,0.0,0.0,0.0,0.0,1.0,1.0,4,3.9000000000000004,4,0.0,False,True,R1,seed_2
16,symbolic,,True,5,256.2352182865143,10043,0.0,0.0,0.0,0.0,0.0,0.0,0.0,0.9811214451430208,0.20252914258221955,1.0,1.0,1.0,1.0,0.0,0.0,1.0,1.0,1.0,1,5.99747085741778,7,65.46762589928058,False,True,R1,seed_2
17,symbolic,,True,5,293.9530999660492,10936,0.0001896678722546121,0.00033864322807171046,0.0,1.1325289320367913e-05,0.0001564230257546928,9.426243613663843e-06,0.00018967788240642491,0.9999993340451274,0.999844440165507,0.0001896678722546121,0.00033864322807171046,0.0,1.1325289320367913e-05,0.00015641404428713807,9.339665340529179e-06,0.00018967788240642491,0.9999993340451274,0.999844440165507,2,5.499104836458578,2,0.0,False,False,R1,seed_2
18,symbolic,,True,5,263.2088406085968,6869,1.0,0.998087984102078,0.9965508957238378,0.00565444387347702,0.01136255114381135,0.0017203439791091402,0.5181322299811135,0.9560051083097728,0.9988356149561867,1.0,0.998087984102078,0.9965508957238378,0.00565444387347702,0.011271133960018696,0.0016324417750784572,0.5181322299811135,0.9560051083097728,0.9988356149561867,5,2.563130431022489,5,0.0,False,True,R1,seed_2
19,symbolic,,True,5,222.77900981903076,8773,1.0,0.7737411559025891,1.0,0.2262588440075076,0.0,0.0,0.9999066342874153,0.0,1.0,1.0,0.7737411559025891,1.0,0.2262588440075076,0.0,0.0,0.9999066342874153,0.0,1.0,4,2.9000000000899036,4,0.0,False,True,R1,seed_2
0,symbolic,,True,5,231.4682240486145,8523,0.9689743969292066,1.0,0.9515776208403119,0.9689743969292066,0.021232209647715772,0.021232209647715772,0.9940596138119223,0.908189962657588,1.0,0.9689743969292066,1.0,0.9515776208403119,0.9689743969292066,0.021231863265990858,0.021231863265990858,0.9940596138119223,0.908189962657588,1.0,7,1.5575355807045685,7,0.0,False,True,R2,seed_1
1,symbolic,,True,5,198.65643858909607,6043,0.7172600380625729,1.0,0.8287654218277806,0.7172600380625729,0.025905858449036145,0.025905858449036145,0.7172602032659741,0.579646064233605,0.2827399619374271,0.7172600380625729,1.0,0.8287654218277806,0.7172600380625729,0.025905858449014406,0.025905858449014406,0.7172602032659741,0.579646064233605,0.2827399619374271,3,2.2512821808057497,3,0.0,False,True,R2,seed_1
2,symbolic,,True,5,187.33357572555542,3497,1.0,1.0,1.0,0.8235294117647047,0.378478578563495,0.3554407939237776,0.7523864596188725,0.525360839292109,0.888400982612273,1.0,1.0,1.0,0.8235294117647047,0.37847857856349304,0.355440793923776,0.7523864596188725,0.525360839292109,0.888400982612273,6,1.0407197882206185,6,0.0,False,True,R2,seed_1
3,symbolic,,True,5,186.0819010734558,8256,1.0,1.0,1.0,0.09463860252220986,0.40964697991816323,0.007836894996280153,0.9886981276262468,0.8066100387140238,0.9831988993203478,1.0,1.0,1.0,0.09463860252220986,0.40964461239184813,0.007836885579628382,0.9886981276262468,0.8066100387140238,0.9831988993203478,6,1.8878775225633468,6,0.0,False,True,R2,seed_1
4,symbolic,,True,5,153.4386851787567,4115,1.0,1.0,1.0,0.7481293972351095,0.9705968092196315,0.7354675595325539,0.8934938804617354,0.9670399658093715,0.0998886192011168,1.0,1.0,1.0,0.7481293972351095,0.970577628775689,0.7354553690300546,0.8934938804617354,0.9670399658093715,0.0998886192011168,6,0.7165144240312198,6,0.0,False,True,R2,seed_1
5,symbolic,,True,5,169.4787118434906,5964,1.0,0.9851153715748374,0.97847992188952,0.6768266474580048,0.9610032138024736,0.6551093699205786,0.904562690702233,0.9790145082735893,0.9650206948511746,1.0,0.9851153715748374,0.97847992188952,0.6768266474580048,0.961001920946964,0.6551090639301481,0.904562690702233,0.9790145082735893,0.9650206948511746,7,0.26806398262141673,7,0.0,False,True,R2,seed_1
6,symbolic,,True,5,205.4317491054535,6962,1.0,1.0,1.0,0.9584426400393309,0.0,0.0,0.238550807556827,0.9254553182530839,1.0,1.0,1.0,1.0,0.9584426400393309,0.0,0.0,0.238550807556827,0.9254553182530839,1.0,6,2.061449192443173,6,0.0,False,True,R2,seed_1
7,symbolic,,True,5,259.6445257663727,8436,1.0,1.0,0.4021669636545092,0.8596057610236959,0.6193261957554821,0.6070440512908339,0.8904259238342843,0.34497294028421277,0.9546645972592418,1.0,1.0,0.4021669636545092,0.8596057610236959,0.6191307592127411,0.6068514119078592,0.8904259238342843,0.34497294028421277,0.9546645972592418,5,1.1264898490149622,5,0.0,False,True,R2,seed_1
8,symbolic,,True,5,204.28949093818665,6593,1.0,1.0,1.0,0.8371162915095701,0.035723026193830054,0.035723026193830054,0.9147939919160232,0.9983670829815823,1.0,1.0,1.0,1.0,0.8371162915095701,0.03572196324150901,0.03572196324150901,0.9147939919160232,0.9983670829815823,1.0,7,1.52855394761234,7,0.0,False,True,R2,seed_1
9,symbolic,,True,5,131.83179640769958,3508,0.005499536241661503,1.0,1.0,0.005499536241661503,0.004353502095125417,0.004353502095125417,0.005499588516279186,1.0,1.0,0.005499536241661503,1.0,1.0,0.005499536241661503,0.0043534903629632235,0.0043534903629632235,0.005499588516279186,1.0,1.0,4,3.8747943348101472,4,0.0,False,True,R2,seed_1
10,symbolic,,True,5,147.32411861419678,5233,1.0,0.8834659323426641,0.9878814834462114,0.11653150416820843,0.0,0.0,0.9962860024398299,1.0,1.0,1.0,0.8834659323426641,0.9878814834462114,0.11653150416820843,0.0,0.0,0.9962860024398299,1.0,1.0,6,2.2834684958317917,6,0.0,False,True,R2,seed_1
11,symbolic,,True,5,186.81304788589478,5740,1.0,0.29042716990208217,0.1848937624469379,0.7087030289460713,0.0,0.0,0.9277617786878194,1.0,1.0,1.0,0.29042716990208217,0.1848937624469379,0.7087030289460713,0.0,0.0,0.9277617786878194,1.0,1.0,4,2.8159760387049086,4,0.0,False,True,R2,seed_1
12,symbolic,,True,5,221.63260674476624,8255,0.3191855942135011,0.3322124781791936,1.0,0.3191855942135011,0.21228461803530707,0.21228461803530707,0.9866134095354706,1.0,1.0,0.3191855942135011,0.3322124781791936,1.0,0.3191855942135011,0.21228437046223053,0.21228437046223053,0.9866134095354706,1.0,1.0,4,2.6048470973231903,4,0.0,False,True,R2,seed_1
13,symbolic,,True,5,221.819340467453,5651,0.1246397860718099,0.05528834249269843,0.16361167110244473,0.11217246877751175,0.004542141900154006,0.004087739920424438,0.9610279961599459,0.9381646567784017,0.9962877774482033,0.1246397860718099,0.05528834249269843,0.16361167110244473,0.11217246877751175,0.00454152550772584,0.004087252247310195,0.9610279961599459,0.9381646567784017,0.9962877774482033,3,4.335657849734957,3,0.0,False,True,R2,seed_1
14,symbolic,,True,5,230.61639738082886,7964,0.9505985718215146,0.0,0.9572022273659765,0.0,0.0,0.0,0.03460708576078653,1.0,1.0,1.0,1.0,1.0,1.0,0.0,0.0,0.3500023609234266,1.0,1.0,4,3.8653929142392136,6,19.607843137254903,False,True,R2,seed_1
15,symbolic,,True,5,353.48781871795654,7745,0.0,1.0,1.0,0.0,0.0,0.0,0.0,1.0,1.0,0.0,1.0,1.0,0.0,0.0,0.0,0.0,1.0,1.0,4,3.9000000000000004,4,0.0,False,True,R2,seed_1
16,symbolic,,True,5,181.84588623046875,8972,0.970446540088012,0.9704428325741439,0.37892905362943996,0.4519619411147738,0.5982425885817304,0.07975798960849301,0.9902843098529885,1.0,1.0,0.970446540088012,0.9704428325741439,0.37892905362943996,0.4519619411147738,0.5982425885817265,0.07975798960848947,0.9902843098529885,1.0,1.0,5,1.691108427065563,5,0.0,False,True,R2,seed_1
17,symbolic,,True,5,162.89269590377808,7955,0.8831084570258558,0.48706441370065007,0.7502312007867804,0.48744306441869284,0.14632279186522723,0.07894938784040717,0.9997749901144427,1.0,0.9966351300021778,0.8831084570258558,0.48706441370065007,0.7502312007867804,0.48744306441869284,0.14631679908787779,0.07894358797038543,0.9997749901144427,1.0,0.9966351300021778,4,2.0499891413882425,4,0.0,False,False,R2,seed_1
18,symbolic,,True,5,307.00817012786865,5189,1.0,0.9996105046587466,0.5867218869720303,0.0003998943878401683,0.27247368907705327,3.5563226552515204e-07,0.04571542346213031,0.9929945098747673,0.9999660160042557,1.0,0.9996105046587466,0.5867218869720303,0.0003998943878401683,0.004400376811198501,3.309175595070084e-07,0.04571542346213031,0.9929945098747673,0.9999660160042557,4,2.9946887504686805,4,0.0,False,True,R2,seed_1
19,symbolic,,True,5,182.40736603736877,7805,1.0,1.0,0.08910627448795046,0.2262588531467326,0.9108937255108901,0.15975287436965546,0.999906634434293,1.0,1.0,1.0,1.0,0.08910627448795046,0.2262588531467326,0.9108937255004705,0.159752874359236,0.999906634434293,1.0,1.0,6,1.9248819979956615,6,0.0,False,True,R2,seed_1
0,symbolic,,True,5,236.92761659622192,8324,1.0,0.0,0.9341153343346316,1.0,0.0,0.0,0.9300165662307825,0.09254893282549403,1.0,1.0,0.0,0.9341153343346316,1.0,0.0,0.0,0.9300165662307825,0.09254893282549403,1.0,5,3.0074510671745065,5,0.0,False,True,R2,seed_2
1,symbolic,,True,5,223.78875470161438,6737,0.9323825621510087,1.0,0.9728096673900187,0.9323825621510087,0.04460498141268976,0.044607478632109454,0.9323825818630804,0.7051077585637023,0.14055236098933555,0.9323825621510087,1.0,0.9728096673900187,0.9323825621510087,0.044604981399659106,0.044603694911842594,0.9323825818630804,0.7051077585637023,0.14055236098933555,6,2.0702351789658655,6,0.0,False,True,R2,seed_2
2,symbolic,,True,5,175.24910688400269,5367,1.0,0.1764705633307017,1.0,0.8235292955432746,0.0,0.0,0.7342033413851474,0.0,1.0,1.0,0.1764705633307017,1.0,0.8235292955432746,0.0,0.0,0.7342033413851474,0.0,1.0,5,2.9235294366692983,5,0.0,False,True,R2,seed_2
3,symbolic,,True,5,172.6980082988739,5393,1.0,0.38941678786841954,1.0,0.7161090241403201,0.14330122204481155,0.10268492567864995,0.44048886682297506,0.9293516843860988,0.9997294839275299,1.0,0.38941678786841954,1.0,0.7161090241403201,0.14328380726499879,0.10266947334486726,0.44048886682297506,0.9293516843860988,0.9997294839275299,4,2.107999173444824,4,0.0,False,True,R2,seed_2
4,symbolic,,True,5,133.06480646133423,3481,1.0,1.0,1.0,0.9933833791761335,0.2699838556416385,0.2638018185048533,0.03025075241332109,0.9028752341365456,0.983821312665686,1.0,1.0,1.0,0.9933833791761335,0.2693725859634496,0.2632011340842856,0.03025075241332109,0.9028752341365456,0.983821312665686,6,1.735963573440187,6,0.0,False,True,R2,seed_2
5,symbolic,,True,5,143.15929341316223,5694,1.0,1.0,1.0,0.6698950836447415,0.5737091866238885,0.39541785366814397,0.9273587696426837,0.8023337346608692,0.9895133381798472,1.0,1.0,1.0,0.6698950836447415,0.5737041191613672,0.3954165173496141,0.9273587696426837,0.8023337346608692,0.9895133381798472,6,0.7609778760632262,6,0.0,False,True,R2,seed_2
6,symbolic,,True,5,182.773690700531,5304,1.0,0.9749323377201076,0.98806137202164,0.027874628889481397,5.155412426449679e-05,3.248825517188081e-05,0.7426196994522644,0.9016861561248565,0.9951283804292158,1.0,0.9749323377201076,0.98806137202164,0.027874628889481397,5.007785282232803e-05,3.214452791129495e-05,0.7426196994522644,0.9016861561248565,0.9951283804292158,6,2.3720413287310826,6,0.0,False,True,R2,seed_2
7,symbolic,,True,5,171.75468111038208,5608,0.0006410205680550168,0.9994022127183335,0.9998528272183533,0.0006410205680550168,4.3233286388777437e-05,4.3233286388777437e-05,0.000641121000964362,0.9997634212283544,0.9999957719707374,0.0006410205680550168,0.9994022127183335,0.9998528272183533,0.0006410205680550168,4.323328638867799e-05,4.323328638867799e-05,0.000641121000964362,0.9997634212283544,0.9999957719707374,4,3.897990371290148,4,0.0,False,True,R2,seed_2
8,symbolic,,True,5,271.56806778907776,9734,0.7396448071105012,0.12705124523950845,0.754419294534556,0.7396448071105012,0.0,0.0,0.9075434865071232,0.2603551928894988,1.0,0.7396448071105012,0.12705124523950845,0.754419294534556,0.7396448071105012,0.0,0.0,0.9075434865071232,0.2603551928894988,1.0,2,2.8788846531154344,2,0.0,False,True,R2,seed_2
9,symbolic,,True,5,164.04067707061768,4788,0.8846648043743954,0.7333207006016085,1.0,0.8825764077233614,0.6462659243728252,0.6447404236669259,0.9891807760425225,0.9904164107200197,1.0,0.8846648043743954,0.7333207006016085,1.0,0.8825764077233614,0.6462615351442274,0.6447359215463052,0.9891807760425225,0.9904164107200197,1.0,6,0.37567295135864065,6,0.0,False,True,R2,seed_2
10,symbolic,,True,5,199.41100811958313,5489,1.0,0.6517374086225618,1.0,0.3482624688086378,0.0,0.0,0.9962860024398299,0.0,1.0,1.0,0.6517374086225618,1.0,0.3482624688086378,0.0,0.0,0.9962860024398299,0.0,1.0,4,2.900000122568801,4,0.0,False,True,R2,seed_2
11,symbolic,,True,5,180.97852110862732,4688,0.012627790585853681,0.7291527732047214,0.954868111611985,0.0064367064938242215,0.002823781583667806,0.0014393534446902612,0.07822714809298803,0.9988498895107654,0.9999921759507855,0.012627790585853681,0.7291527732047214,0.954868111611985,0.0064367064938242215,0.002823779559185523,0.0014393523624562862,0.07822714809298803,0.9988498895107654,0.9999921759507855,3,3.869292446594255,3,0.0,False,True,R2,seed_2
12,symbolic,,True,5,171.9076817035675,7133,0.3191832109517291,0.04226720694009274,0.7277002484268378,0.3191832109517291,0.022293927040241357,0.022293927040241357,0.9866134095354706,0.9552182656534492,1.0,0.3191832109517291,0.04226720694009274,0.7277002484268378,0.3191832109517291,0.022293871593488546,0.022293871593488543,0.9866134095354706,0.9552182656534492,1.0,3,3.3470782686491285,3,0.0,False,True,R2,seed_2
13,symbolic,,True,5,150.30626893043518,3489,1.0,0.6616278619719279,1.0,0.6687305585717973,0.3385707766902255,0.2958312349963448,0.717079299960637,0.9990089595021745,0.7411327745096316,1.0,0.6616278619719279,1.0,0.6687305585717973,0.33856841631584655,0.2958305177588447,0.717079299960637,0.9990089595021745,0.7411327745096316,5,1.2352395677697046,5,0.0,False,True,R2,seed_2
14,symbolic,,True,5,144.53219032287598,4278,0.042981861628333715,0.9984616878769257,0.9396639120166584,6.728083598394452e-05,0.0,0.0,0.0014525515624312924,1.0,1.0,0.042981861628333715,0.9984616878769257,0.9396639120166584,6.728083598394452e-05,0.0,0.0,0.0014525515624312924,1.0,1.0,4,3.855498305973251,4,0.0,False,True,R2,seed_2
15,symbolic,,True,5,213.10276746749878,5482,0.0,1.0,0.0,0.0,0.0,0.0,1.0,1.0,1.0,0.0,1.0,0.0,0.0,0.0,0.0,1.0,1.0,1.0,4,4.0,4,0.0,False,True,R2,seed_2
16,symbolic,,True,5,215.7298812866211,8824,0.6476092687594031,0.17383035952262937,0.4434510694379732,0.6177076541354622,0.0,0.0,0.9963310733551718,1.0,1.0,0.6476092687594031,0.17383035952262937,0.4434510694379732,0.6177076541354622,0.0,0.0,0.9963310733551718,1.0,1.0,3,2.9174016481445326,3,0.0,False,True,R2,seed_2
17,symbolic,,True,5,313.75704407691956,8774,0.8998744699000591,0.9279849767249638,0.6296248929331519,0.5249704434624874,0.7988795296080231,0.44622491258788843,0.899803275985321,1.0,1.0,1.0,1.0,0.6971056802977628,0.545017976902377,0.8938004456400124,0.46326526692076175,1.0,1.0,1.0,5,0.8003002214084493,6,11.864406779661017,False,False,R2,seed_2
18,symbolic,,True,5,319.8134641647339,9923,0.00497602184475675,0.0064837459776598185,0.11915985560920787,0.003487553268487784,9.352123370831578e-05,8.056290732638693e-05,0.9990160903252265,0.9999488596373876,0.9999999342866566,0.00497602184475675,0.0064837459776598185,0.11915985560920787,0.003487553268487784,9.349763314759913e-05,8.05400951004055e-05,0.9990160903252265,0.9999488596373876,0.9999999342866566,3,4.665718739158853,3,0.0,False,True,R2,seed_2
19,symbolic,,True,5,112.44082951545715,4136,1.0,0.7737432595138619,0.08946443795655734,0.2262588363051493,0.0,0.0,0.9999066342874153,0.980738016392238,0.9999999782726252,1.0,0.7737432595138619,0.08946443795655734,0.2262588363051493,0.0,0.0,0.9999066342874153,0.980738016392238,0.9999999782726252,4,2.9105334662244315,4,0.0,False,True,R2,seed_2
0,symbolic,,True,5,268.2621052265167,9079,0.8243576241523888,1.0,0.7658602227626805,0.8243576241523888,0.08881106988175103,0.0888110698817508,0.9989178312742255,0.9238756840902845,1.0,0.8243576241523888,1.0,0.7658602227626805,0.8243576241523888,0.08881081156661334,0.08881081156661334,0.9989178312742255,0.9238756840902845,1.0,6,1.4565176374738178,6,0.0,False,True,R3,seed_1
1,symbolic,,True,5,238.35257291793823,7372,1.0,1.0,0.9961103784490031,0.9371879802406448,0.01136132153908731,0.01013007624449791,0.9463390375497402,0.6818052223029256,0.6135399064640015,1.0,1.0,0.9961103784490031,0.9371879802406448,0.011361321539087026,0.010130076221475154,0.9463390375497402,0.6818052223029256,0.6135399064640015,5,1.6831634734494876,5,0.0,False,True,R3,seed_1
2,symbolic,,True,5,203.30829286575317,4438,0.045381855687299355,0.8979224998644267,0.9707326921003466,0.030157064876323105,0.0004249340505660948,0.00039813109700770344,0.44326584258982815,0.9549618235229851,0.9990407364096432,0.045381855687299355,0.8979224998644267,0.9707326921003466,0.030157064876323105,0.0004222722152058423,0.0003956506079561518,0.44326584258982815,0.9549618235229851,0.9990407364096432,4,3.3803721716989754,4,0.0,False,True,R3,seed_1
3,symbolic,,True,5,224.56548857688904,9329,1.0,1.0,1.0,0.7161125319631736,0.7438587550469631,0.5737243302500136,0.48436510558072743,0.1135757769181932,0.39666441873627845,1.0,1.0,1.0,0.7161125319631736,0.7437158974811282,0.5736143348723244,0.48436510558072743,0.1135757769181932,0.39666441873627845,3,1.4716990815046507,3,0.0,False,True,R3,seed_1
4,symbolic,,True,5,239.34145736694336,6785,1.0,1.0,1.0,0.7481293972351095,0.9705968092196315,0.7354675595325539,0.8934938804617354,0.9670399658093715,0.0998886192011168,1.0,1.0,1.0,0.7481293972351095,0.970577628775689,0.7354553690300546,0.8934938804617354,0.9670399658093715,0.0998886192011168,6,0.7165144240312198,6,0.0,False,True,R3,seed_1
5,symbolic,,True,5,248.04338765144348,7716,1.0,0.9851153715748374,0.97847992188952,0.6768266474580048,0.9610032138024736,0.6551093699205786,0.904562690702233,0.9790145082735893,0.9650206948511746,1.0,0.9851153715748374,0.97847992188952,0.6768266474580048,0.961001920946964,0.6551090639301481,0.904562690702233,0.9790145082735893,0.9650206948511746,7,0.26806398262141673,7,0.0,False,True,R3,seed_1
6,symbolic,,True,5,226.04866361618042,6333,1.0,1.0,1.0,0.9584426400393309,0.0,0.0,0.238550807556827,0.9254553182530839,1.0,1.0,1.0,1.0,0.9584426400393309,0.0,0.0,0.238550807556827,0.9254553182530839,1.0,6,2.061449192443173,6,0.0,False,True,R3,seed_1
7,symbolic,,True,5,274.0663857460022,9431,1.0,0.06361256349951924,1.0,0.9363872745012439,0.0,0.0,0.7348588810870239,0.0,1.0,1.0,0.06361256349951924,1.0,0.9363872745012439,0.0,0.0,0.7348588810870239,0.0,1.0,5,3.0363874365004806,5,0.0,False,True,R3,seed_1
8,symbolic,,True,5,252.1384778022766,8130,0.7667257600108227,1.0,0.9994290779534998,0.7667257597449022,0.004289321310312011,0.004289321310312011,0.9722445947909268,1.0,0.9978643823846192,0.7667257600108227,1.0,0.9994290779534998,0.7667257597449022,0.004289306353499506,0.004289306353499506,0.9722445947909268,1.0,0.9978643823846192,5,1.6579698376236514,5,0.0,False,True,R3,seed_1
9,symbolic,,True,5,187.72801232337952,4985,0.8842026998396562,0.9698947951531764,1.0,0.8821292172854693,0.6999444796107985,0.6983064577958,0.9891807760425225,1.0,1.0,0.8842026998396562,0.9698947951531764,1.0,0.8821292172854693,0.6999398967204086,0.6983014184613628,0.9891807760425225,1.0,1.0,7,0.20174906259340153,7,0.0,False,True,R3,seed_1
10,symbolic,,True,5,154.06834816932678,5003,1.0,0.8458831187116372,0.951405940088956,0.1541147192227656,0.0,0.0,0.9962860024398299,1.0,1.0,1.0,0.8458831187116372,0.951405940088956,0.1541147192227656,0.0,0.0,0.9962860024398299,1.0,1.0,6,2.2458852807772347,6,0.0,False,True,R3,seed_1
11,symbolic,,True,5,155.1695592403412,4610,1.0,0.2825117316007131,0.9641392431696515,0.7174882631539128,0.0,0.0,0.005511743535174141,1.0,1.0,1.0,0.2825117316007131,0.9641392431696515,0.7174882631539128,0.0,0.0,0.005511743535174141,1.0,1.0,4,2.8944882617102,4,0.0,False,True,R3,seed_1
12,symbolic,,True,5,117.70408487319946,3573,0.3191856814774291,0.020256799083804775,1.0,0.3191856814774291,0.00722995049309294,0.00722995049309294,0.9866134095354706,1.0,1.0,0.3191856814774291,0.020256799083804775,1.0,0.3191856814774291,0.007229911225565656,0.007229911225565657,0.9866134095354706,1.0,1.0,4,3.326911936975151,4,0.0,False,True,R3,seed_1
13,symbolic,,True,5,187.27581977844238,3386,0.003696546274898714,0.1749409296836694,0.17810142366056098,0.003696546274898714,0.0,0.0,0.8250590703163306,1.0,1.0,0.003696546274898714,0.1749409296836694,0.17810142366056098,0.003696546274898714,0.0,0.0,0.8250590703163306,1.0,1.0,3,4.4395645541059725,3,0.0,False,True,R3,seed_1
14,symbolic,,True,5,260.4117703437805,11057,0.04371209628551467,0.8960014494404536,0.9556272718512373,0.0045473894978011725,0.0,0.0,0.05708468315132276,0.9562879037144854,0.9562879037144854,0.04371209628551467,0.900543095864979,1.0,0.0045473894978011725,0.04371209628551467,0.0045473894978011725,0.05708468315132276,1.0,1.0,4,3.794655831065362,4,70.14925373134328,False,True,R3,seed_1
15,symbolic,,True,5,223.89469933509827,6752,0.0,1.0,1.0,0.0,0.0,0.0,0.0,1.0,1.0,0.0,1.0,1.0,0.0,0.0,0.0,0.0,1.0,1.0,4,3.9000000000000004,4,0.0,False,True,R3,seed_1
16,symbolic,,True,5,241.09994888305664,8037,0.6476092687594031,0.17383035952262937,0.4434510694379732,0.6177076541354622,0.0,0.0,0.9963310733551718,1.0,1.0,0.6476092687594031,0.17383035952262937,0.4434510694379732,0.6177076541354622,0.0,0.0,0.9963310733551718,1.0,1.0,3,2.9174016481445326,3,0.0,False,True,R3,seed_1
17,symbolic,,True,5,385.9973692893982,11626,0.0890545785395116,0.12673104944921199,0.03146570683692875,0.0007194843907776858,0.05264562571124731,0.00042900775276444314,0.08905845903701548,0.9950522468552748,0.9473588952600043,0.0890545785395116,0.12673104944921199,0.03146570683692875,0.0007194843907776858,0.05264110215876451,0.0004252947112688654,0.08905845903701548,0.9950522468552748,0.9473588952600043,2,5.109896088282543,2,0.0,False,False,R3,seed_1
18,symbolic,,True,5,296.89853286743164,6210,0.9689569383081911,0.9689569383081903,0.5511005095126476,0.6008492812980667,0.849107685023662,0.5575514230636879,0.7286600880622603,0.9440161140457871,0.9237392822873612,0.9689569383081911,0.9689569383081903,0.5511005095126476,0.6008492812980667,0.8104314026640493,0.5254367036161631,0.7286600880622603,0.9440161140457871,0.9237392822873612,6,0.690498786125598,6,0.0,False,True,R3,seed_1
19,symbolic,,True,5,114.52510738372803,5465,1.0,0.37404774866156576,0.19848329944736676,0.6259522513376515,0.0,0.0,0.9997701006811559,0.984712795021204,1.0,1.0,0.37404774866156576,0.19848329944736676,0.6259522513376515,0.0,0.0,0.9997701006811559,0.984712795021204,1.0,4,2.8015167005534156,4,0.0,False,True,R3,seed_1
0,symbolic,,True,5,202.92353129386902,6627,1.0,1.0,0.9972411891448489,0.9958249574764186,0.14553822027129049,0.1455216986570127,0.8736272460112157,0.980725771888141,0.9811651598179741,1.0,1.0,0.9972411891448489,0.9958249574764186,0.14553822027129026,0.14552169865701245,0.8736272460112157,0.980725771888141,0.9811651598179741,7,1.308940081071697,7,0.0,False,True,R3,seed_2
1,symbolic,,True,5,216.7026150226593,6244,1.0,1.0,1.0,0.9076445904706549,0.13018095746263314,0.1279620833142986,0.9040750316407874,0.43072618431945897,0.18789125979090293,1.0,1.0,1.0,0.9076445904706549,0.13018095373987862,0.1279620600708576,0.9040750316407874,0.43072618431945897,0.18789125979090293,5,2.1232395151127066,5,0.0,False,True,R3,seed_2
2,symbolic,,True,5,161.06301832199097,4077,0.0,0.9967020554538641,1.0,0.0,0.0,0.0,0.4681648101047484,1.0,1.0,0.0,0.9967020554538641,1.0,0.0,0.0,0.0,0.4681648101047484,1.0,1.0,4,3.431835189895252,4,0.0,False,True,R3,seed_2
3,symbolic,,True,5,157.82119464874268,5393,1.0,0.38941678786841954,1.0,0.7161090241403201,0.14330122204481155,0.10268492567864995,0.44048886682297506,0.9293516843860988,0.9997294839275299,1.0,0.38941678786841954,1.0,0.7161090241403201,0.14328380726499879,0.10266947334486726,0.44048886682297506,0.9293516843860988,0.9997294839275299,4,2.107999173444824,4,0.0,False,True,R3,seed_2
4,symbolic,,True,5,156.89647674560547,3965,1.0,1.0,1.0,0.9933833791761335,0.2699838556416385,0.2638018185048533,0.03025075241332109,0.9028752341365456,0.983821312665686,1.0,1.0,1.0,0.9933833791761335,0.2693725859634496,0.2632011340842856,0.03025075241332109,0.9028752341365456,0.983821312665686,6,1.735963573440187,6,0.0,False,True,R3,seed_2
5,symbolic,,True,5,164.6271390914917,6620,0.6869720527495181,0.9483458142676497,0.061138554040562204,0.67341204006124,0.6474718580890152,0.6347249579413221,0.9248082561175781,0.9804740373798162,0.9879725319147199,0.6869720527495181,0.9483458142676497,0.061138554040562204,0.67341204006124,0.647471706881146,0.6347248108430237,0.9248082561175781,0.9804740373798162,0.9879725319147199,4,1.2962805371183426,4,0.0,False,True,R3,seed_2
6,symbolic,,True,5,180.88600301742554,5327,0.3693157221265948,0.0006410205190243823,0.0041750423746938145,0.3690250479087068,0.0,0.0,0.01739412656843098,1.0,1.0,0.3693157221265948,0.0006410205190243823,0.0041750423746938145,0.3690250479087068,0.0,0.0,0.01739412656843098,1.0,1.0,2,4.739449040502549,2,0.0,False,True,R3,seed_2
7,symbolic,,True,5,172.3184585571289,5608,0.0006410205680550168,0.9994022127183335,0.9998528272183533,0.0006410205680550168,4.3233286388777437e-05,4.3233286388777437e-05,0.000641121000964362,0.9997634212283544,0.9999957719707374,0.0006410205680550168,0.9994022127183335,0.9998528272183533,0.0006410205680550168,4.323328638867799e-05,4.323328638867799e-05,0.000641121000964362,0.9997634212283544,0.9999957719707374,4,3.897990371290148,4,0.0,False,True,R3,seed_2
8,symbolic,,True,5,203.80145287513733,8588,0.7243357908186236,1.0,1.0,0.7243357850523424,0.016733025942165636,0.016733025942165636,0.9211337220378698,0.9985003231049581,0.9106465215384574,0.7243357908186236,1.0,1.0,0.7243357850523424,0.01673272259027657,0.01673272259027657,0.9211337220378698,0.9985003231049581,0.9106465215384574,5,1.7178623722447028,5,0.0,False,True,R3,seed_2
9,symbolic,,True,5,102.15702056884766,2027,0.8841982937807447,0.7321646152587036,1.0,0.8821292172854693,0.6459152373669179,0.6444039045938362,0.9891807760425225,0.9904217216601078,0.9990175953936878,0.8841982937807447,0.7321646152587036,1.0,0.8821292172854693,0.6459108210289182,0.6443993444209728,0.9891807760425225,0.9904217216601078,0.9990175953936878,6,0.3775162427805424,6,0.0,False,True,R3,seed_2
10,symbolic,,True,5,157.999502658844,4561,1.0,0.6517204965007026,1.0,0.3482793828334727,0.0,0.0,0.9951815358161248,1.0,1.0,1.0,0.6517204965007026,1.0,0.3482793828334727,0.0,0.0,0.9951815358161248,1.0,1.0,5,2.200000120665825,5,0.0,False,True,R3,seed_2
11,symbolic,,True,5,164.95738339424133,3892,0.7010661452120777,0.8702905519800366,0.19838003511891628,0.0894821286940487,0.0,0.0,0.994836166471751,1.0,1.0,1.0,0.8740670442612997,0.3237494601070533,0.1297094319872315,0.0,0.0,0.9949169475191229,1.0,1.0,4,3.0110716909749575,5,9.30232558139535,False,True,R3,seed_2
12,symbolic,,True,5,215.67308402061462,9138,0.160685930615256,0.18452405674680325,0.9905367455035724,0.160685930615256,0.08021825465234078,0.08021825465234078,0.9680633745561081,1.0,1.0,0.160685930615256,0.18452405674680325,0.9905367455035724,0.160685930615256,0.08021824840324969,0.08021824840324969,0.9680633745561081,1.0,1.0,4,3.3336675727180034,4,0.0,False,True,R3,seed_2
13,symbolic,,True,5,176.81326913833618,3604,1.0,1.0,1.0,0.6687319592369756,0.7619028859342389,0.609692503227322,0.717079299960637,0.8549855813757263,0.2526578914618107,1.0,1.0,1.0,0.6687319592369756,0.7619018996293221,0.6096918168323151,0.717079299960637,0.8549855813757263,0.2526578914618107,5,0.8070147601396528,5,0.0,False,True,R3,seed_2
14,symbolic,,True,5,159.79325246810913,5749,0.0437380906824206,0.9329146429031274,0.9561955172723449,0.002934278928065153,0.0,0.0,0.04636150154865881,1.0,1.0,0.0437380906824206,0.9329146429031274,0.9561955172723449,0.002934278928065153,0.0,0.0,0.04636150154865881,1.0,1.0,4,3.806966128840855,4,0.0,False,True,R3,seed_2
15,symbolic,,True,5,126.35786700248718,3671,0.0,1.0,1.0,0.0,0.0,0.0,0.0,1.0,1.0,0.0,1.0,1.0,0.0,0.0,0.0,0.0,1.0,1.0,4,3.9000000000000004,4,0.0,False,True,R3,seed_2
16,symbolic,,True,5,198.14747405052185,5305,0.9947452104013617,0.5384731295191814,0.9947452104013617,0.49165886500203637,0.0,0.0,0.8075411132214189,1.0,0.9986467739267259,0.9947452104013617,0.5384731295191814,0.9947452104013617,0.49165886500203637,0.0,0.0,0.8075411132214189,1.0,0.9986467739267259,5,2.1698680054787824,5,0.0,False,True,R3,seed_2
17,symbolic,,True,5,229.89572262763977,9300,0.8998744699000591,0.8631356865354186,0.5803598428371665,0.5249704434624874,0.6970223935630937,0.38933124090885196,0.899803275985321,0.9990492262657367,1.0,1.0,0.9340517281953385,0.642148478298428,0.545017976902377,0.7798408876886,0.4041989557067939,1.0,0.9991450355842545,1.0,5,1.0083160792284005,5,8.75,False,False,R3,seed_2
18,symbolic,,True,5,212.49036526679993,5652,0.968698090639827,0.1386239509963418,0.2396641595096686,0.962411074090443,0.1169538920118589,0.11670760521167045,0.5573622270670625,0.8145022690964342,0.9485395599931045,0.968698090639827,0.1386239509963418,0.2396641595096686,0.962411074090443,0.11681628158958965,0.11657022080243494,0.5573622270670625,0.8145022690964342,0.9485395599931045,4,2.730688165203398,4,0.0,False,True,R3,seed_2
19,symbolic,,True,5,187.1822566986084,6583,1.0,1.0,0.9999999230192155,0.0,6.817816657012088e-06,0.0,7.731507537656057e-05,1.0,1.0,1.0,1.0,0.9999999230192155,0.0,6.437226204747938e-06,0.0,7.731507537656057e-05,1.0,1.0,5,3.099915867107967,5,0.0,False,True,R3,seed_2
0,symbolic,,True,5,230.55634927749634,8523,0.9689743969292066,1.0,0.9515776208403119,0.9689743969292066,0.021232209647715772,0.021232209647715772,0.9940596138119223,0.908189962657588,1.0,0.9689743969292066,1.0,0.9515776208403119,0.9689743969292066,0.021231863265990858,0.021231863265990858,0.9940596138119223,0.908189962657588,1.0,7,1.5575355807045685,7,0.0,False,True,R4,seed_1
1,symbolic,,True,5,198.25229859352112,6043,0.7172600380625729,1.0,0.8287654218277806,0.7172600380625729,0.025905858449036145,0.025905858449036145,0.7172602032659741,0.579646064233605,0.2827399619374271,0.7172600380625729,1.0,0.8287654218277806,0.7172600380625729,0.025905858449014406,0.025905858449014406,0.7172602032659741,0.579646064233605,0.2827399619374271,3,2.2512821808057497,3,0.0,False,True,R4,seed_1
2,symbolic,,True,5,186.66457796096802,3497,1.0,1.0,1.0,0.8235294117647047,0.378478578563495,0.3554407939237776,0.7523864596188725,0.525360839292109,0.888400982612273,1.0,1.0,1.0,0.8235294117647047,0.37847857856349304,0.355440793923776,0.7523864596188725,0.525360839292109,0.888400982612273,6,1.0407197882206185,6,0.0,False,True,R4,seed_1
3,symbolic,,True,5,185.93035793304443,8256,1.0,1.0,1.0,0.09463860252220986,0.40964697991816323,0.007836894996280153,0.9886981276262468,0.8066100387140238,0.9831988993203478,1.0,1.0,1.0,0.09463860252220986,0.40964461239184813,0.007836885579628382,0.9886981276262468,0.8066100387140238,0.9831988993203478,6,1.8878775225633468,6,0.0,False,True,R4,seed_1
4,symbolic,,True,5,153.28465390205383,4115,1.0,1.0,1.0,0.7481293972351095,0.9705968092196315,0.7354675595325539,0.8934938804617354,0.9670399658093715,0.0998886192011168,1.0,1.0,1.0,0.7481293972351095,0.970577628775689,0.7354553690300546,0.8934938804617354,0.9670399658093715,0.0998886192011168,6,0.7165144240312198,6,0.0,False,True,R4,seed_1
5,symbolic,,True,5,169.24195265769958,5964,1.0,0.9851153715748374,0.97847992188952,0.6768266474580048,0.9610032138024736,0.6551093699205786,0.904562690702233,0.9790145082735893,0.9650206948511746,1.0,0.9851153715748374,0.97847992188952,0.6768266474580048,0.961001920946964,0.6551090639301481,0.904562690702233,0.9790145082735893,0.9650206948511746,7,0.26806398262141673,7,0.0,False,True,R4,seed_1
6,symbolic,,True,5,205.1833312511444,6962,1.0,1.0,1.0,0.9584426400393309,0.0,0.0,0.238550807556827,0.9254553182530839,1.0,1.0,1.0,1.0,0.9584426400393309,0.0,0.0,0.238550807556827,0.9254553182530839,1.0,6,2.061449192443173,6,0.0,False,True,R4,seed_1
7,symbolic,,True,5,259.4493622779846,8436,1.0,1.0,0.4021669636545092,0.8596057610236959,0.6193261957554821,0.6070440512908339,0.8904259238342843,0.34497294028421277,0.9546645972592418,1.0,1.0,0.4021669636545092,0.8596057610236959,0.6191307592127411,0.6068514119078592,0.8904259238342843,0.34497294028421277,0.9546645972592418,5,1.1264898490149622,5,0.0,False,True,R4,seed_1
8,symbolic,,True,5,254.09919428825378,9893,1.0,1.0,1.0,0.8371162915095701,0.035723026193830054,0.035723026193830054,0.9147939919160232,0.9983670829815823,1.0,1.0,1.0,1.0,0.8371162915095701,0.03572196324150901,0.03572196324150901,0.9147939919160232,0.9983670829815823,1.0,7,1.52855394761234,7,0.0,False,True,R4,seed_1
9,symbolic,,True,5,181.3462781906128,3508,0.005499536241661503,1.0,1.0,0.005499536241661503,0.004353502095125417,0.004353502095125417,0.005499588516279186,1.0,1.0,0.005499536241661503,1.0,1.0,0.005499536241661503,0.0043534903629632235,0.0043534903629632235,0.005499588516279186,1.0,1.0,4,3.8747943348101472,4,0.0,False,True,R4,seed_1
10,symbolic,,True,5,161.4399390220642,4750,1.0,0.8834659323426641,0.9878814834462114,0.11653150416820843,0.0,0.0,0.9962860024398299,1.0,1.0,1.0,0.8834659323426641,0.9878814834462114,0.11653150416820843,0.0,0.0,0.9962860024398299,1.0,1.0,6,2.2834684958317917,6,0.0,False,True,R4,seed_1
11,symbolic,,True,5,184.57193279266357,7205,0.17152989247243133,0.31577671703841487,0.057426185896620865,0.111825944461794,0.03903888387965426,0.025370951620347304,0.9980106720104841,0.9936910800876938,1.0,0.17152989247243133,0.31577671703841487,0.057426185896620865,0.111825944461794,0.03903782545555369,0.02537033603576675,0.9980106720104841,0.9936910800876938,1.0,3,4.079031424630738,3,0.0,False,True,R4,seed_1
12,symbolic,,True,5,193.62900376319885,6506,1.0,0.023866871941629963,0.9885082091140179,0.9987559802240403,0.022556543851343314,0.022556543851343314,1.0,1.0,1.0,1.0,0.023866871941629963,0.9885082091140179,0.9987559802240403,0.0225552186114973,0.02255521861149731,1.0,1.0,1.0,6,2.3310200403556838,6,0.0,False,True,R4,seed_1
13,symbolic,,True,5,210.47300744056702,5651,0.1246397860718099,0.05528834249269843,0.16361167110244473,0.11217246877751175,0.004542141900154006,0.004087739920424438,0.9610279961599459,0.9381646567784017,0.9962877774482033,0.1246397860718099,0.05528834249269843,0.16361167110244473,0.11217246877751175,0.00454152550772584,0.004087252247310195,0.9610279961599459,0.9381646567784017,0.9962877774482033,3,4.335657849734957,3,0.0,False,True,R4,seed_1
14,symbolic,,True,5,211.67925095558167,6852,0.9505985718215146,0.0,0.9572022273659765,0.0,0.0,0.0,0.03460708576078653,1.0,1.0,1.0,1.0,1.0,1.0,0.0,0.0,0.3500023609234266,1.0,1.0,4,3.8653929142392136,6,19.607843137254903,False,True,R4,seed_1
15,symbolic,,True,5,334.49683475494385,7745,0.0,1.0,1.0,0.0,0.0,0.0,0.0,1.0,1.0,0.0,1.0,1.0,0.0,0.0,0.0,0.0,1.0,1.0,4,3.9000000000000004,4,0.0,False,True,R4,seed_1
16,symbolic,,True,5,181.7310745716095,8972,0.970446540088012,0.9704428325741439,0.37892905362943996,0.4519619411147738,0.5982425885817304,0.07975798960849301,0.9902843098529885,1.0,1.0,0.970446540088012,0.9704428325741439,0.37892905362943996,0.4519619411147738,0.5982425885817265,0.07975798960848947,0.9902843098529885,1.0,1.0,5,1.691108427065563,5,0.0,False,True,R4,seed_1
17,symbolic,,True,5,162.45740151405334,7955,0.8831084570258558,0.48706441370065007,0.7502312007867804,0.48744306441869284,0.14632279186522723,0.07894938784040717,0.9997749901144427,1.0,0.9966351300021778,0.8831084570258558,0.48706441370065007,0.7502312007867804,0.48744306441869284,0.14631679908787779,0.07894358797038543,0.9997749901144427,1.0,0.9966351300021778,4,2.0499891413882425,4,0.0,False,False,R4,seed_1
18,symbolic,,True,5,306.1656529903412,5189,1.0,0.9996105046587466,0.5867218869720303,0.0003998943878401683,0.27247368907705327,3.5563226552515204e-07,0.04571542346213031,0.9929945098747673,0.9999660160042557,1.0,0.9996105046587466,0.5867218869720303,0.0003998943878401683,0.004400376811198501,3.309175595070084e-07,0.04571542346213031,0.9929945098747673,0.9999660160042557,4,2.9946887504686805,4,0.0,False,True,R4,seed_1
19,symbolic,,True,5,181.98800611495972,7805,1.0,1.0,0.08910627448795046,0.2262588531467326,0.9108937255108901,0.15975287436965546,0.999906634434293,1.0,1.0,1.0,1.0,0.08910627448795046,0.2262588531467326,0.9108937255004705,0.159752874359236,0.999906634434293,1.0,1.0,6,1.9248819979956615,6,0.0,False,True,R4,seed_1
0,symbolic,,True,5,236.71030521392822,8324,1.0,0.0,0.9341153343346316,1.0,0.0,0.0,0.9300165662307825,0.09254893282549403,1.0,1.0,0.0,0.9341153343346316,1.0,0.0,0.0,0.9300165662307825,0.09254893282549403,1.0,5,3.0074510671745065,5,0.0,False,True,R4,seed_2
1,symbolic,,True,5,223.57248759269714,6737,0.9323825621510087,1.0,0.9728096673900187,0.9323825621510087,0.04460498141268976,0.044607478632109454,0.9323825818630804,0.7051077585637023,0.14055236098933555,0.9323825621510087,1.0,0.9728096673900187,0.9323825621510087,0.044604981399659106,0.044603694911842594,0.9323825818630804,0.7051077585637023,0.14055236098933555,6,2.0702351789658655,6,0.0,False,True,R4,seed_2
2,symbolic,,True,5,154.63095355033875,4259,1.0,0.974524590963592,1.0,0.027190332326283984,0.003271252666331992,0.0017150947874255973,0.05688219004991679,0.054645938081261614,0.9985154003129789,1.0,0.974524590963592,1.0,0.027190332326283984,0.003268314595698838,0.001715005811458243,0.05688219004991679,0.054645938081261614,0.9985154003129789,4,3.65629519208878,4,0.0,False,True,R4,seed_2
3,symbolic,,True,5,152.0751428604126,5395,1.0,0.38941678786841954,1.0,0.7161090241403201,0.14330122204481155,0.10268492567864995,0.44048886682297506,0.9293516843860988,0.9997294839275299,1.0,0.38941678786841954,1.0,0.7161090241403201,0.14328380726499879,0.10266947334486726,0.44048886682297506,0.9293516843860988,0.9997294839275299,4,2.107999173444824,4,0.0,False,True,R4,seed_2
4,symbolic,,True,5,133.12637209892273,3481,1.0,1.0,1.0,0.9933833791761335,0.2699838556416385,0.2638018185048533,0.03025075241332109,0.9028752341365456,0.983821312665686,1.0,1.0,1.0,0.9933833791761335,0.2693725859634496,0.2632011340842856,0.03025075241332109,0.9028752341365456,0.983821312665686,6,1.735963573440187,6,0.0,False,True,R4,seed_2
5,symbolic,,True,5,143.27345418930054,5694,1.0,1.0,1.0,0.6698950836447415,0.5737091866238885,0.39541785366814397,0.9273587696426837,0.8023337346608692,0.9895133381798472,1.0,1.0,1.0,0.6698950836447415,0.5737041191613672,0.3954165173496141,0.9273587696426837,0.8023337346608692,0.9895133381798472,6,0.7609778760632262,6,0.0,False,True,R4,seed_2
6,symbolic,,True,5,178.50284147262573,5241,1.0,0.9749323377201076,0.98806137202164,0.027874628889481397,5.155412426449679e-05,3.248825517188081e-05,0.7426196994522644,0.9016861561248565,0.9951283804292158,1.0,0.9749323377201076,0.98806137202164,0.027874628889481397,5.007785282232803e-05,3.214452791129495e-05,0.7426196994522644,0.9016861561248565,0.9951283804292158,6,2.3720413287310826,6,0.0,False,True,R4,seed_2
7,symbolic,,True,5,173.92150592803955,5973,0.0006410205680550168,0.9994022127183335,0.9998528272183533,0.0006410205680550168,4.3233286388777437e-05,4.3233286388777437e-05,0.000641121000964362,0.9997634212283544,0.9999957719707374,0.0006410205680550168,0.9994022127183335,0.9998528272183533,0.0006410205680550168,4.323328638867799e-05,4.323328638867799e-05,0.000641121000964362,0.9997634212283544,0.9999957719707374,4,3.897990371290148,4,0.0,False,True,R4,seed_2
8,symbolic,,True,5,144.60167908668518,4870,0.7614698661019885,0.8940153824972352,0.8832141079588349,0.7614698661019885,0.6730381714842777,0.6730381714842777,0.9408756968251494,0.701042830947615,0.9724717212038039,0.7614698661019885,0.8940153824972352,0.8832141079588349,0.7614698661019885,0.6730370420852892,0.6730370420852892,0.9408756968251494,0.701042830947615,0.9724717212038039,5,0.33098392482746775,5,0.0,False,True,R4,seed_2
9,symbolic,,True,5,148.2175476551056,4788,0.8846648043743954,0.7333207006016085,1.0,0.8825764077233614,0.6462659243728252,0.6447404236669259,0.9891807760425225,0.9904164107200197,1.0,0.8846648043743954,0.7333207006016085,1.0,0.8825764077233614,0.6462615351442274,0.6447359215463052,0.9891807760425225,0.9904164107200197,1.0,6,0.37567295135864065,6,0.0,False,True,R4,seed_2
10,symbolic,,True,5,187.27566027641296,5656,1.0,0.6517374086225618,1.0,0.3482624688086378,0.0,0.0,0.9962860024398299,0.0,1.0,1.0,0.6517374086225618,1.0,0.3482624688086378,0.0,0.0,0.9962860024398299,0.0,1.0,4,2.900000122568801,4,0.0,False,True,R4,seed_2
11,symbolic,,True,5,203.14195656776428,7355,0.9127811579525573,0.8979695765648475,0.7777489709557892,0.09603963982856861,0.04148058626386031,0.005606669265820985,0.7069509454519185,0.9219535362671646,0.9994784067728361,1.0,0.9132754917709709,0.8522841688721817,0.12828774663605533,0.06273337374462273,0.009309504831966646,0.825876652646177,0.9421761398770141,0.9996251833321089,5,2.2791241336859613,6,2.912621359223301,False,True,R4,seed_2
12,symbolic,,True,5,238.3604757785797,10091,0.160685930615256,0.18452405674680325,0.9905367455035724,0.160685930615256,0.08021825465234078,0.08021825465234078,0.9680633745561081,1.0,1.0,0.160685930615256,0.18452405674680325,0.9905367455035724,0.160685930615256,0.08021824840324969,0.08021824840324969,0.9680633745561081,1.0,1.0,4,3.3336675727180034,4,0.0,False,True,R4,seed_2
13,symbolic,,True,5,210.28561997413635,3274,1.0,1.0,1.0,0.6687319592369756,0.026407370273603736,0.023007644091602275,0.7211994775371408,0.03736302518114032,0.5574367037890234,1.0,1.0,1.0,0.6687319592369756,0.026405294020080086,0.02300693379031063,0.7211994775371408,0.03736302518114032,0.5574367037890234,4,2.4870532974276545,4,0.0,False,True,R4,seed_2
14,symbolic,,True,5,165.33766078948975,7484,0.042981861628333715,0.9984616878769257,1.0,6.728083598394452e-05,0.0,0.0,0.0014525515624312924,1.0,1.0,0.042981861628333715,0.9984616878769257,1.0,6.728083598394452e-05,0.0,0.0,0.0014525515624312924,1.0,1.0,4,3.855498305973251,4,0.0,False,True,R4,seed_2
15,symbolic,,True,5,221.2060945034027,5482,0.0,1.0,0.0,0.0,0.0,0.0,1.0,1.0,1.0,0.0,1.0,0.0,0.0,0.0,0.0,1.0,1.0,1.0,4,4.0,4,0.0,False,True,R4,seed_2
16,symbolic,,True,5,195.3605604171753,6805,0.9947452104013617,0.5384731295191814,0.9947452104013617,0.49165886500203637,0.0,0.0,0.8075411132214189,1.0,0.9986467739267259,0.9947452104013617,0.5384731295191814,0.9947452104013617,0.49165886500203637,0.0,0.0,0.8075411132214189,1.0,0.9986467739267259,5,2.1698680054787824,5,0.0,False,True,R4,seed_2
17,symbolic,,True,5,198.5251226425171,4454,0.8831100958736129,0.8884897187609211,0.44689829481084475,0.48744334713982895,0.8291360350801309,0.44735277608358315,0.9997749901144427,1.0,1.0,0.8831100958736129,0.8884897187609211,0.44689829481084475,0.48744334713982895,0.8291303936512631,0.4473470023140056,0.9997749901144427,1.0,1.0,6,1.0183055819657434,6,0.0,False,False,R4,seed_2
18,symbolic,,True,5,132.81299829483032,5203,0.968698090639827,0.1386239509963418,0.2396641595096686,0.962411074090443,0.1169538920118589,0.11670760521167045,0.5573622270670625,0.8145022690964342,0.9485395599931045,0.968698090639827,0.1386239509963418,0.2396641595096686,0.962411074090443,0.11681628158958965,0.11657022080243494,0.5573622270670625,0.8145022690964342,0.9485395599931045,4,2.730688165203398,4,0.0,False,True,R4,seed_2
19,symbolic,,True,5,104.86446738243103,4136,1.0,0.7737432595138619,0.08946443795655734,0.2262588363051493,0.0,0.0,0.9999066342874153,0.980738016392238,0.9999999782726252,1.0,0.7737432595138619,0.08946443795655734,0.2262588363051493,0.0,0.0,0.9999066342874153,0.980738016392238,0.9999999782726252,4,2.9105334662244315,4,0.0,False,True,R4,seed_2
0,symbolic,,True,5,166.84082102775574,7013,1.0,1.0,1.0,0.9958249570890564,0.00291074883632636,0.0029103863848655154,0.9190985056673143,0.004189135127723231,0.9993904669251075,1.0,1.0,1.0,0.9958249570890564,0.0029107168089506897,0.002910386384462015,0.9190985056673143,0.004189135127723231,0.9993904669251075,6,2.2899897296510847,6,0.0,False,True,R5,seed_1
1,symbolic,,True,5,174.26142263412476,4353,0.8419698368627835,0.6502816635338046,0.8459213687649616,0.8419698368627835,0.09453173309756102,0.09453173309756102,0.8419699288816247,0.7368416770974016,0.0,1.0,1.0,1.0,1.0,0.1540785479875501,0.14999986170674365,1.0,0.8905578156806283,0.9845130411278449,5,2.2606548702710736,7,43.85964912280702,False,True,R5,seed_1
2,symbolic,,True,5,170.32865810394287,5013,1.0,0.9707697601092329,0.917630165535344,0.030811347432387705,0.0028143311180388597,0.0007716480025953265,1.0,0.7013864936404015,0.9753662779011604,1.0,0.9707697601092329,0.917630165535344,0.030811347432387705,0.0028112587613249584,0.0007713896316520159,1.0,0.7013864936404015,0.9753662779011604,6,2.365602673446978,6,0.0,False,True,R5,seed_1
3,symbolic,,True,5,240.04666757583618,10123,0.02597132289992027,0.8322446373184134,1.0,0.003954885015380094,0.0007062232666668056,0.00010758548950606794,0.9959316365940536,1.0,1.0,0.02597132289992027,0.8322446373184134,1.0,0.003954885015380094,0.0007061688955051397,0.00010753445861245653,0.9959316365940536,1.0,1.0,5,3.1692599833285273,5,0.0,False,True,R5,seed_1
4,symbolic,,True,5,180.59077835083008,4601,1.0,1.0,1.0,0.7481293972351095,0.9705968092196315,0.7354675595325539,0.8934938804617354,0.9670399658093715,0.0998886192011168,1.0,1.0,1.0,0.7481293972351095,0.970577628775689,0.7354553690300546,0.8934938804617354,0.9670399658093715,0.0998886192011168,6,0.7165144240312198,6,0.0,False,True,R5,seed_1
5,symbolic,,True,5,182.39923691749573,6372,1.0,1.0,1.0,0.7133588266515519,0.5807762045412057,0.5446834955658365,0.6914679244202724,0.8780634310267901,0.888647457427824,1.0,1.0,1.0,0.7133588266515519,0.5807740652537551,0.5446813879320583,0.6914679244202724,0.8780634310267901,0.888647457427824,5,0.5697135488211336,5,0.0,False,True,R5,seed_1
6,symbolic,,True,5,215.78967428207397,6766,1.0,1.0,1.0,0.9584426400393309,0.0,0.0,0.238550807556827,0.9254553182530839,1.0,1.0,1.0,1.0,0.9584426400393309,0.0,0.0,0.238550807556827,0.9254553182530839,1.0,6,2.061449192443173,6,0.0,False,True,R5,seed_1
7,symbolic,,True,5,234.44284081459045,7240,1.0,1.0,1.0,0.759856399400859,0.46505425510782383,0.4196929469646993,0.7760259179359149,0.3166678867001318,0.7776099469752333,1.0,1.0,1.0,0.759856399400859,0.46505425477244217,0.4196929467118351,0.7760259179359149,0.3166678867001318,0.7776099469752333,5,1.138728511826486,5,0.0,False,True,R5,seed_1
8,symbolic,,True,5,192.2719328403473,8604,1.0,1.0,1.0,0.8371162915095701,0.03572302619382994,0.03572302619382994,0.9147939919160232,0.9983670829815823,1.0,1.0,1.0,1.0,0.8371162915095701,0.03572196324150901,0.03572196324150899,0.9147939919160232,0.9983670829815823,1.0,7,1.5285539476123402,7,0.0,False,True,R5,seed_1
9,symbolic,,True,5,163.46905994415283,4292,0.8122732462696165,0.7302374486022211,1.0,0.8089902081922629,0.5933808957060396,0.5909824801033856,0.9579357217408772,0.9911733767176256,0.9990908035285407,0.8122732462696165,0.7302374486022211,1.0,0.8089902081922629,0.5933779290791702,0.5909796162910059,0.9579357217408772,0.9911733767176256,0.9990908035285407,6,0.4853991755883539,6,0.0,False,True,R5,seed_1
10,symbolic,,True,5,139.73115134239197,4693,1.0,0.6540053650746718,0.9913415858982653,0.34829887630015255,2.098201051414783e-05,2.0631401643878e-05,0.9962860024398299,0.7089408802464321,1.0,1.0,0.6540053650746718,0.9913415858982653,0.34829887630015255,2.0822392220278345e-05,2.047222324653741e-05,0.9962860024398299,0.7089408802464321,1.0,5,2.197654145213018,5,0.0,False,True,R5,seed_1
11,symbolic,,True,5,174.51629209518433,5176,0.0029114171799302685,0.8485116814854624,0.8068965837569231,0.0004551323749917533,0.00019652759689070542,3.570623396675909e-05,0.7961204191758053,0.9999956826306889,0.9999524532402985,0.0029114171799302685,0.8485116814854624,0.8068965837569231,0.0004551323749917533,0.00019649947426055684,3.570621554041859e-05,0.7961204191758053,0.9999956826306889,0.9999524532402985,5,3.196401216614221,5,0.0,False,True,R5,seed_1
12,symbolic,,True,5,183.54572129249573,6872,1.0,0.023866871941629963,0.9885082091140179,0.9987559802240403,0.022556543851343314,0.022556543851343314,1.0,1.0,1.0,1.0,0.023866871941629963,0.9885082091140179,0.9987559802240403,0.0225552186114973,0.02255521861149731,1.0,1.0,1.0,6,2.3310200403556838,6,0.0,False,True,R5,seed_1
13,symbolic,,True,5,200.0778820514679,4916,0.16361175074822876,0.08038848944756266,0.12978692700330757,0.1157431598733138,0.034090561158174104,0.029394279084102526,0.9665559584834468,1.0,0.9993344347994155,0.16361175074822876,0.08038848944756266,0.12978692700330757,0.1157431598733138,0.03409024215054229,0.029394211831868952,0.9665559584834468,1.0,0.9993344347994155,3,4.24698483268531,3,0.0,False,True,R5,seed_1
14,symbolic,,True,5,161.98418307304382,6316,0.042981861628333715,0.9984616878769257,1.0,6.728083598394452e-05,0.0,0.0,0.0014525515624312924,1.0,1.0,0.042981861628333715,0.9984616878769257,1.0,6.728083598394452e-05,0.0,0.0,0.0014525515624312924,1.0,1.0,4,3.855498305973251,4,0.0,False,True,R5,seed_1
15,symbolic,,True,5,170.34016704559326,5500,0.0,0.09771291228845042,0.0,0.0,0.0,0.0,1.0,1.0,1.0,0.0,0.09771291228845042,0.0,0.0,0.0,0.0,1.0,1.0,1.0,3,4.702287087711549,3,0.0,False,True,R5,seed_1
16,symbolic,,True,5,195.66347551345825,6066,0.8051083855070558,0.5366287381486136,0.3672917143387179,0.4418117089769364,7.559827245917639e-05,1.2830290442966685e-05,0.9902843098529885,1.0,1.0,0.8051083855070558,0.5366287381486136,0.3672917143387179,0.4418117089769364,7.019398034647452e-05,1.1947864697965497e-05,0.9902843098529885,1.0,1.0,4,2.65417940997283,4,0.0,False,True,R5,seed_1
17,symbolic,,True,5,222.57576298713684,7846,0.0001896678722546121,0.0003392298817372349,0.0001135101930975528,1.1325289320367913e-05,0.00016548558530815605,9.881321711313618e-06,0.00018967788240642491,0.9999998230523365,1.0,0.0001896678722546121,0.0003392298817372349,0.0001135101930975528,1.1325289320367913e-05,0.00016548465041197529,9.881274242290205e-06,0.00018967788240642491,0.9999998230523365,1.0,2,5.498981221974165,2,0.0,False,False,R5,seed_1
18,symbolic,,True,5,224.88982582092285,7383,0.04335204976894515,0.028630742850960816,0.04009001860025378,0.020244493584885927,0.0017217996360771037,0.0012975667576563543,0.9774698963279512,0.991484225507303,0.9990575179040226,0.04335204976894515,0.028630742850960816,0.04009001860025378,0.020244493584885927,0.001696906958263811,0.001278745753371299,0.9774698963279512,0.991484225507303,0.9990575179040226,3,4.664663328801221,3,0.0,False,True,R5,seed_1
19,symbolic,,True,5,140.67442202568054,6236,0.6943604665355069,0.8652930351114965,0.5255985886951936,0.09155195164267427,0.6751399520059491,0.07819428111336313,0.9999066342874153,0.9999009554167511,0.7648598450510719,0.6943604665355069,0.8652930351114965,0.5255985886951936,0.09155195164267427,0.6750920974814861,0.07818861801719013,0.9999066342874153,0.9999009554167511,0.7648598450510719,4,1.9351547600073131,4,0.0,False,True,R5,seed_1
0,symbolic,,True,5,208.69544982910156,8294,1.0,0.0,0.9341153343346316,1.0,0.0,0.0,0.9300165662307825,0.09254893282549403,1.0,1.0,0.0,0.9341153343346316,1.0,0.0,0.0,0.9300165662307825,0.09254893282549403,1.0,5,3.0074510671745065,5,0.0,False,True,R5,seed_2
1,symbolic,,True,5,195.54643559455872,5382,0.9323825621510087,1.0,0.9728096673900187,0.9323825621510087,0.04460498141268976,0.044607478632109454,0.9323825818630804,0.7051077585637023,0.14055236098933555,0.9323825621510087,1.0,0.9728096673900187,0.9323825621510087,0.044604981399659106,0.044603694911842594,0.9323825818630804,0.7051077585637023,0.14055236098933555,6,2.0702351789658655,6,0.0,False,True,R5,seed_2
2,symbolic,,True,5,196.88520646095276,5393,0.0,1.0,1.0,0.0,0.0,0.0,1.0,1.0,1.0,0.0,1.0,1.0,0.0,0.0,0.0,1.0,1.0,1.0,5,3.2,5,28.571428571428573,False,True,R5,seed_2
3,symbolic,,True,5,199.4679515361786,7855,1.0,0.38941678786841954,1.0,0.7161090241403201,0.14330122204481155,0.10268492567864995,0.44048886682297506,0.9293516843860988,0.9997294839275299,1.0,0.38941678786841954,1.0,0.7161090241403201,0.14328380726499879,0.10266947334486726,0.44048886682297506,0.9293516843860988,0.9997294839275299,4,2.107999173444824,4,0.0,False,True,R5,seed_2
4,symbolic,,True,5,146.46166491508484,5818,1.0,1.0,1.0,0.20161374196579274,0.6416173421930305,0.14342520904676137,0.3498028465380929,0.9942106607035086,0.6839057033044287,1.0,1.0,1.0,0.20161374196579274,0.6415608507235762,0.14342489696885377,0.3498028465380929,0.9942106607035086,0.6839057033044287,4,1.779635156951894,4,0.0,False,True,R5,seed_2
5,symbolic,,True,5,162.74854803085327,5006,0.6869718459012029,0.866040818613919,0.03891837062770471,0.6734119706213284,0.5876357583340417,0.5760657973508896,0.9248082561175781,0.9901302909743728,0.9894375039549324,0.6869718459012029,0.866040818613919,0.03891837062770471,0.6734119706213284,0.5876331803164881,0.576064417443354,0.9248082561175781,0.9901302909743728,0.9894375039549324,4,1.436996257164833,4,0.0,False,True,R5,seed_2
6,symbolic,,True,5,197.71030473709106,6702,1.0,1.0,0.9988301650089147,0.027248781197434315,0.00896362203053025,0.005752207460322678,0.7516214624575356,1.0,0.9516360330267285,1.0,1.0,0.9988301650089147,0.027248781197434315,0.008961321670765424,0.005752207441540723,0.7516214624575356,1.0,0.9516360330267285,6,2.3580353893117127,6,0.0,False,True,R5,seed_2
7,symbolic,,True,5,181.8622064590454,5384,1.0,0.1502424964802207,0.822257809733843,0.8715193348222547,0.02146550167883432,0.02013086267245634,0.7489656618127409,0.6095323110354555,0.9986290152896116,1.0,0.1502424964802207,0.822257809733843,0.8715193348222547,0.02146455381098022,0.020130726850384015,0.7489656618127409,0.6095323110354555,0.9986290152896116,5,2.298628828133033,5,0.0,False,True,R5,seed_2
8,symbolic,,True,5,142.79600834846497,4498,0.7614698661019885,0.8940153824972352,0.8832141079588349,0.7614698661019885,0.6730381714842777,0.6730381714842777,0.9408756968251494,0.701042830947615,0.9724717212038039,0.7614698661019885,0.8940153824972352,0.8832141079588349,0.7614698661019885,0.6730370420852892,0.6730370420852892,0.9408756968251494,0.701042830947615,0.9724717212038039,5,0.33098392482746775,5,0.0,False,True,R5,seed_2
9,symbolic,,True,5,146.39247798919678,5193,0.8846648043743954,0.7333207006016085,1.0,0.8825764077233614,0.6462659243728252,0.6447404236669259,0.9891807760425225,0.9904164107200197,1.0,0.8846648043743954,0.7333207006016085,1.0,0.8825764077233614,0.6462615351442274,0.6447359215463052,0.9891807760425225,0.9904164107200197,1.0,6,0.37567295135864065,6,0.0,False,True,R5,seed_2
10,symbolic,,True,5,161.46092915534973,5843,1.0,1.0,1.0,0.3919830936573386,2.7935571651260815e-05,2.2433248146880302e-05,0.9962860024398299,1.0,1.0,1.0,1.0,1.0,0.3919830936573386,2.5955397593310595e-05,2.081813448378095e-05,0.9962860024398299,1.0,1.0,6,2.0079665375228632,6,0.0,False,True,R5,seed_2
11,symbolic,,True,5,155.93597412109375,4505,1.0,0.8183728916741222,0.5129335688355993,0.23966069779719384,0.16018599523613353,0.03877814813912572,0.9742294338956577,0.911284909564406,0.9993870706922146,1.0,0.8183728916741222,0.5129335688355993,0.23966069779719384,0.1601856127951519,0.03877803673363657,0.9742294338956577,0.911284909564406,0.9993870706922146,5,2.248441589991948,5,0.0,False,True,R5,seed_2
12,symbolic,,True,5,181.07309317588806,7352,0.3191832109517291,0.04226720694009274,0.7277002484268378,0.3191832109517291,0.022293927040241357,0.022293927040241357,0.9866134095354706,0.9552182656534492,1.0,0.3191832109517291,0.04226720694009274,0.7277002484268378,0.3191832109517291,0.022293871593488546,0.022293871593488543,0.9866134095354706,0.9552182656534492,1.0,3,3.3470782686491285,3,0.0,False,True,R5,seed_2
13,symbolic,,True,5,174.41292524337769,4198,1.0,1.0,1.0,0.6687319592369756,0.026407370273603736,0.023007644091602275,0.7211994775371408,0.03736302518114032,0.5574367037890234,1.0,1.0,1.0,0.6687319592369756,0.026405294020080086,0.02300693379031063,0.7211994775371408,0.03736302518114032,0.5574367037890234,4,2.4870532974276545,4,0.0,False,True,R5,seed_2
14,symbolic,,True,5,198.76336216926575,7894,0.042981861628333715,0.9984616878769257,1.0,6.728083598394452e-05,0.0,0.0,0.0014525515624312924,1.0,1.0,0.042981861628333715,0.9984616878769257,1.0,6.728083598394452e-05,0.0,0.0,0.0014525515624312924,1.0,1.0,4,3.855498305973251,4,0.0,False,True,R5,seed_2
15,symbolic,,True,5,262.7122688293457,8483,0.0,1.0,0.0,0.0,0.0,0.0,1.0,1.0,1.0,0.0,1.0,0.0,0.0,0.0,0.0,1.0,1.0,1.0,4,4.0,4,0.0,False,True,R5,seed_2
16,symbolic,,True,5,206.21188616752625,7332,0.9947452104013617,0.5384731295191814,0.9947452104013617,0.49165886500203637,0.0,0.0,0.8075411132214189,1.0,0.9986467739267259,0.9947452104013617,0.5384731295191814,0.9947452104013617,0.49165886500203637,0.0,0.0,0.8075411132214189,1.0,0.9986467739267259,5,2.1698680054787824,5,0.0,False,True,R5,seed_2
17,symbolic,,True,5,208.26493859291077,4961,0.8831136661855974,0.8282788160210314,0.7694342326134541,0.48744306441869284,0.7234204744353128,0.3903157345562235,0.9997749901144427,0.9991616548234257,1.0,0.8831136661855974,0.8282788160210314,0.7694342326134541,0.48744306441869284,0.723414682752905,0.39030996581651844,0.9997749901144427,0.9991616548234257,1.0,5,0.8293864939763169,5,0.0,False,False,R5,seed_2
18,symbolic,,True,5,188.74635767936707,6211,0.968698090639827,0.1386239509963418,0.2396641595096686,0.962411074090443,0.1169538920118589,0.11670760521167045,0.5573622270670625,0.8145022690964342,0.9485395599931045,0.968698090639827,0.1386239509963418,0.2396641595096686,0.962411074090443,0.11681628158958965,0.11657022080243494,0.5573622270670625,0.8145022690964342,0.9485395599931045,4,2.730688165203398,4,0.0,False,True,R5,seed_2
19,symbolic,,True,5,177.72139024734497,7733,0.6943370701156886,0.7737420115430218,0.08937184302293427,0.09153251914347398,0.0,0.0,0.9999066342874153,0.9866261104719591,0.9999999849143534,0.6943370701156886,0.7737420115430218,0.08937184302293427,0.09153251914347398,0.0,0.0,0.9999066342874153,0.9866261104719591,0.9999999849143534,3,3.1510165561748815,3,0.0,False,True,R5,seed_2
