sample_id,approach,size,complete,attempts,time_s,output_tokens,p_crash,p_best_crash,met,shortfall,met_best,input_tokens,prism_s,uncovered_pct,solved,solvable,condition,seed
0,symbolic,,True,1,11.228655099868774,1326,0.5511,0.5511,1,0.0,1,2443,1.3270628452301025,0.0,True,True,haiku_pacman,seed_none_1
1,symbolic,,True,1,15.170129537582397,1865,0.5511,0.5511,1,0.0,1,2443,1.3373477458953857,0.0,True,True,haiku_pacman,seed_none_1
2,symbolic,,True,5,59.085843324661255,8445,0.8911,0.8911,0,0.33109999999999995,0,12784,6.703345060348511,0.0,False,True,haiku_pacman,seed_none_1
3,symbolic,,True,5,73.73720502853394,12353,0.8911,0.8911,0,0.33109999999999995,0,13073,6.734801292419434,0.0,False,True,haiku_pacman,seed_none_1
4,symbolic,,True,5,61.5917854309082,7993,0.8911,0.8911,0,0.33109999999999995,0,13025,6.776153326034546,0.0,False,True,haiku_pacman,seed_none_1
0,symbolic,,True,1,11.294573545455933,971,0.5511,0.5511,1,0.0,1,2899,1.4540355205535889,0.0,True,True,haiku_rl_pacman,seed_none_1
1,symbolic,,True,1,9.515411615371704,680,0.5511,0.5511,1,0.0,1,2899,1.346421718597412,0.0,True,True,haiku_rl_pacman,seed_none_1
2,symbolic,,True,5,64.02360558509827,7913,0.7755000000000001,0.7755000000000001,0,0.21550000000000002,0,21353,6.805848836898804,0.0,False,True,haiku_rl_pacman,seed_none_1
3,symbolic,,True,2,27.51820421218872,3227,0.5511,0.5511,1,0.0,1,6442,2.755105495452881,0.0,True,True,haiku_rl_pacman,seed_none_1
4,symbolic,,True,5,120.27964615821838,16267,0.67476684,0.67476684,0,0.11476683999999993,0,33388,7.272873640060425,0.0,False,True,haiku_rl_pacman,seed_none_1
